label,value,cnt
Body material,aluminum,1
Komponent,Server,10
Ölçü,160 × 160 × 47 mm,1
Model,Deco X10 (2-Pack) AX1500 Whole Home Mesh Wi-Fi 6 System,1
Maximum diagonal,"43 """,2
Model,YNDX-00028VIO,1
Model,14202-11,1
Zəmanət,1 il,338
Tip,FortiGate 90 q — desktop NGFW + SD-WAN,1
Color depth,1.07 bn. colors (8-bit + Hi-FRC),1
Düymə sayı,7 ədəd proqramlaşdırıla bilən düymə,1
Rəng,black with orange inserts,1
Tezlik,10–25000 Hz,2
Part number,AP1TBAC237R-1,1
Çəki,"3,3 kq",4
Rəng / dizayn,D07 multicolor,1
Düymələr,20 programmable (2 səhifə → 40 kontakt),1
Model,HP Color LaserJet Pro MFP 4303fdw,1
PSU,12 V/1A,1
İş temp.,−20°C … 50°C,2
Tip,"19"" yerüstü server şkafı (yüksək yük)",1
Çəki,653.3 q,1
Soyutma,Ön üst/alt perforasiya; tavanda 2 fan yeri + 145×70 mm kabel deşiyi,2
Korpus,"Gücləndirilmiş ABS plastik korpus, sürüşməyən rezin altlıqlar",1
MTBF,2 500 000 saat; UBER 1/10¹⁵,4
Model,CAB-CONSOLE-RJ45 (RJ45 to RS232 DB9 Female),1
Part number,21Y6003RFW,1
Anten,4 × inteqrasiya olunmuş omni (2.4 GHz 4 dBi / 5 GHz 5 dBi),1
Tip,Portable / room speakerphone,1
Çəki,0.63 kq,1
Part number,5HH65A,1
Part number,B72W3ET,1
Qabıq materialı,Aluminum,1
Mikrofon,Swivel-to-mute boom,6
Multiple protection such as,"Over charge/Over discharge/Over current/Over power/ Over voltage/Over temperature/Short circuit/Electromagnetic field""",1
Uyğunluq,Jabra Evolve 20–65 seriyası,1
Part number,K0B38AA,1
Material,ABS synthetics,1
Additional internal,✔️,3
Layout,Rus (QWERTY),3
Model,X503,1
Part number,861681-B21,1
Dinamik,"1 genişzolaqlı, 42 mm",7
Ölçülər,357.8 × 233.3 × 20.8–22.8 mm,1
Dərinlik,18–32 düym (457–813 mm),1
LAN,"1 × GE uplink (arxa, PoE in) + 2 × GE client; 1 × 802.3af PSE out (802.3at in tələb edir)",1
Giriş qabı,250 Vərəq,7
Rəng,Qara,207
Update frequency,60 Hz,1
Tip,"Simsiz oyun qulaqlığı (Cloud Stinger Core Wireless, PS)",1
Quraşdırma,Customer Kit,7
Ölçülər,324.3 × 154.0 × 293.0 mm,1
Dizayn,"İtirilməyən qapaq (arxaya taxılır), qayış dəliyi",2
Komplekt,"Lent, kontroller, qida adapteri",1
Part number,452-BDUJ,1
Panel,IPS Black,4
Çəki,10 q,4
Qrafika,Intel Arc Graphics 130 V,8
Portlar,1x HDMI,2
Simsiz (telefon),7.5 W,1
Ekran,"14"" FHD+ (1920×1200), 300 nit",1
Part number,7Y2A2EA,1
Part number,0231A1LS,1
Prosessor,980 MHz,4
PoE,1 × PoE-In · 2 × PoE-Out,2
Ötürmə,83 Mpps,3
ADF,50 Vərəq,9
Part nömrəsi,WAX300H-EU0101F,1
Wi-Fi,Wi-Fi 5,1
Part number,RZ03-04990100-R3M1,1
Model,HP LaserJet Pro MFP 4103fdw,1
Dəstəklənən çözünürlük,3840 x 2160,3
Çıxış (12 V),2.5 A,1
Part number,RZ04-05410100-R3M1,1
Rəng,Bənövşəyi (Magenta),3
Connection options,USB Plug and Play,1
Portlar,1x HDMI; 1x VGA,1
Klaviatura xüsusiyyətləri,"104 düyməli klassik format, maye və toz sıçramasına davamlı konstruksiya, Soft-Touch məxməri örtük, səssiz və yumşaq düymə gedişi",1
Çəki / ölçülər,4.5 kq (9.9 lbs) | 612.3x184.9x475.0 mm,2
Çəki,600 q,7
Ekran,"27"" FHD (1920x1080) IPS (neo 50a 27 Gen 5)",2
Sürət və akselerasiya,"30 IPS izləmə sürəti, 10 q sürətlənmə",1
Çəki (netto),0.639 kq,1
Part number,SP-FG60E-PDC-1,1
Tip,"FortiAP 231K — indoor Wi-Fi 7 Access Point, region E (ETSI)",1
Model,Dell S4520,1
Bypass,Daxili avtomatik + maintenance bypass,2
Ekran,LED,10
Əlavə xüsusiyyətlər,USB-C PD 3.0 divar adapteri; 65 W; 5/9/15/20 V; 1.7 m kabel; 56x28.5x56 mm; 175 q; qara; EU fiş; 1 il zəmanət,1
Material (headband / bowl / ear cups),synthetic leather,1
Batareya / adapter,20000 mAh,1
Düymə ömrü,10 milyon klik,1
Part Number,A1KY5AA,1
Seriya,UGREEN MagSafe / Qi2,1
PXE,Bəli,1
Video,"360°: 5.7K@30/25/24 fps, 4K@60/50/30/25/24 fps; tək linza: 2.8K@60/50/30/25/24 fps. Rejimlər: 360° video, tək linza, timelapse, loop. Codec: H.264. Format: MP4",1
Giriş qabı,2180 Vərəq,1
Şəbəkə,4 × 1GbE (Intel 369i),1
Çəki,130.4 q,2
Equipment,metal ucluq / yumşaq fırça / tüklü mikrofiş,1
Portlar,"USB-C upstream, 2× HDMI 2.1, USB hub",1
Əlavə xüsusiyyətlər,"20000 mAh / 73 Wh; USB-C1 140 W, USB-C2 65 W, USB-A 30 W; ümumi 135 W; PD 3.1; 2.01"" TFT displey; 1.5 m 240 W USB-C kabel; 154x51x39 mm; ~432–452 q",1
Akselerasiya,"SP5 ASIC, TPM, 1U, dual AC (non-hot-swap)",1
İdarəetmə,"Web UI (LACP, VLAN, QoS, IGMP Snooping, ACL, RSTP)",1
Təyinat,Noutbuk / mini PC / ultrabook,2
Part number,2E-SP515M2USBBK,1
Konnektor 1,2 x RCA,2
Model,CM199,1
Düymə sayı,"3 düymə (sol, sağ və diyircək düyməsi)",1
EAN,4549821365043,1
VESA,600 × 400 (divar montajı daxildir),2
Model,W526,1
Forma faktoru,Masaüstü (Desktop) və ya Divara / Şkafa montaj.,1
Xətlər / SIP,16 lines · 16 SIP accounts,2
Model,Dell Pro 14–16 Plus EcoLoop Briefcase CC5626,1
"Çap sürəti (rəng, draft)",16 səh/dəq,7
Uyğunluq,Grandstream switch / cihazlar,1
Dizayn,Kitty ears,3
Enerji,AC,6
Çəki,3.55 kq (stend ilə) / 3.20 kq (stendsiz),1
Ekran,"Monoxrom LED, 45 seqment (saat və emosiyalar)",5
Xüsusiyyətlər,"Green Ethernet enerjiyə qənaət texnologiyası, Kompakt plastik korpus, Fansız səssiz konstruksiya, Plug and Play",1
NGFW,1.5 Gbps,2
Çəki,4.70 kq,1
Ölçü (U×E×H),490 × 135 × 45 mm,1
Uyğunluq,"PowerEdge R450, PowerEdge R650XS",1
OEM kod,CF213A,1
Part number,MR.WTC12U66MN.02,1
Scrolling,vertical,8
Part number,KF548C38BBAK2-32,1
Çəki,"14,1 kq",1
Protokol,SCCP (Cisco Unified Communications Manager - CUCM),1
PCIe,3 × PCIe Gen4-ə qədər,1
Rəng,Açıq mavi (WORM),1
Compatible operating systems,Windows 10/8/7/Vista/XP  MAC OS X and Chrome OS,1
Portlar,"2× HDMI 2.1, DP 1.4, USB hub",2
Oxuma / yazma,6000 / 5000 MB/s,2
Model,HP Spectre x360,1
Portlar,"10 × GE RJ45 (2× WAN, 2× FortiLink A/B, 6× LAN/DMZ) + USB + konsol",2
Qrafika,NVIDIA RTX™ Pro 3000 Blackwell Generation Laptop GPU (12 GB GDDR7 dedi,1
Ölçülər,199 × 163 × 26 mm,2
Qidalanma,100–240 V AC; min 11.5 W; max 23.2 W,1
Ölçü,135 × 36.5 × 8.3 mm,2
LAN,1 × 100 m/1 q/2.5 q/5 q RJ45 + 1 × RS-232 RJ45 konsol,1
Format,Tam ölçülü (Full-size 100%) oyun klaviaturası,1
Rəng,Heather Grey,1
Ölçülər,"195 × 150 mm, 3 mm qalınlıq",2
USB PD (maks.),22.5 W,2
Keçid tutumu,16 Gbps,4
Tip,Rəngli lazer printer,4
Polling,1000 Hz; 650 IPS; 50 q,2
Yaddaş (bu konfiq),"1 × 480 GB SATA RI SSD 2.5"" hot-plug (3.5"" HYB CARR, 1 DWPD)",2
Disk yuvaları,"Maks. 10 × 2.5"" SAS/SATA/NVMe və ya 4 × 3.5""",1
Part number,4X11N40212,1
Konstruksiya,Daxili asqı + qoruyucu rezin,1
Çəki,498 q,1
Model,20503,1
Yük,80 kq (divara montajda),2
Duplex çap,"Avtomatik, 17.5/17 ipm Letter/A4",1
Tip,6-xətli Gigabit Ethernet biznes IP telefonu,1
Part number,64W41AA,1
Baxış bucağı,178°,1
Ölçülər,33 × 124 × 16 mm,2
DRAM cache,8GB,1
İdarəetmə,Neutron ezMaster / EWS wireless switch / lokal Web GUI,2
Part number,ESG510,1
Oxuma sürəti,520 MB/s,3
Görüntü imkanı,2K QHD 4MP (2560 × 1440 px) yüksək detallı təsvir,1
Uyğunluq,"FG-300/301E, 400/401E, 500/501E, 600/601E, 1100/1101E; FAZ-200F/300F/800F; FMG-200F/300F",1
Çəki,4.16–6.86 kq,1
Soyuducu dəstdə,Yox,2
EAN,0190017443973,1
Korpus materialı,plastic / metal aluminium alloy,1
Anten,"12 × inteqrasiya olunmuş omni (2.4: 5 dBi, 5: 6 dBi, 6: 5 dBi), TX 23 dBm",1
En,19.5 mm,1
Material,"XPE köpük, PU, parça; təkrar emal tərkibi ~53%",1
Oxuma sürəti,54000 MB/s,1
Qida,"7–12 V DC, maks. 3.6 W",2
Konfiqurasiya,4096 m x 64,2
Model,Lenovo ThinkVision E24-28,1
Equipment,Napkin 12x12 cm,1
Part number,S0G34A,1
Rəng,white,12
Form faktor,Rack/Tower 5U,1
Part number,2E-MK440WBGR_UA,1
Çipset,Intel Q670,1
Ölçülər,83.6 × 55.25 × 22.2 mm,1
Ötürmə,95 Mpps,2
Çəki,0.23 q,12
Sürətli şarj,5 dəq → 5 saat oxutma · tam doldurma ~90 dəq,2
Model,GS1900-48,1
Ötürmə məsafəsi,Extend Mode rejimində 250 metrə qədər kabel vasitəsilə qidalanma və məlumat ötürülməsi,1
Qeyd,DMO region P/N (NA/XE ekvivalent 006R04820),1
Yazma,"CMR, helium",5
Uyğunluq,ProLiant Rack/Tower/BladeSystem Servers/Synergy,1
Rəng,Qara/qızılı,1
Qrafika,NVIDIA GeForce MX570A 2 GB,2
Random 4K,94000 IOPS oxuma / 41000 IOPS yazma,1
Layout,EN,15
Model,HP Smart Tank 585,1
Rəng,pink,2
Part number,FS-248E-FPOE,1
Format,microSDHC,1
Prosessor,"Intel Core i7-1255U (10 nüvə / 12 axın, 1.7–4.7 GHz, 12 MB keş, 15 W)",2
Extended display identification data (EDID),Bəli,1
Part number,SNV3S/500 q,1
Part number,ST16000NM002H,1
Part number,804394-B21,1
RAM,32 GB DDR5-5600 (2x16 GB),2
Part number,AP4TBAC236B-1,1
PCIe,3 × PCIe Gen4,3
Qida,"12 V adapter, maks. 12 W",1
Yan panellər,"Bütöv, çıxarılan, silindr kilid",2
Xüsusiyyət,ECC Registered,7
Qeyd,DMO region P/N (NA/XE ekvivalent 006R04383),1
Tip,Layer 3 Managed Switch,1
Ekran,"Monoxrom LED, 32 seqment (saat, hava, taymer, emosiyalar)",8
Form faktor,PCIe stand-up,1
EAN,0198415435590,1
Eyni anda cihaz,1,12
Həll / tezlik,"Full HD 1920×1080 — VGA: 60 Hz, HDMI: 75 Hz",1
Turbo,3.40 GHz,1
Qrafika,Intel UHD Graphics 770,2
Part number,21QFS5H200,1
Pattern,Omni,1
Model,HP LaserJet MFP M141cw,1
İş temperaturu,0 - 85 °C,21
Model,F-MM850-550 m-1-25 q,1
Növ,Configure-to-order (CTO) rack server şassi,1
Ölçülər,482 × 42.8 × 735 mm (bezel olmadan),1
Ölçü (H×W×L),40 × 216 × 178 mm,2
Tutum,12 TB,2
Part number,RZ02-04890200-R3M1,1
Qutuda,Backpack; Removable Rubber Patch,1
Seriya,Kingston DC2000B,1
Çəki,5.25 kq-dan (konfiqurasiyadan asılı),1
EAN,4549821575343,1
Düymələr,3 funksional düymə və rezinləşdirilmiş təkər,1
Audio,İkitərəfli danışıq (mikrofon və fərdiləşdirilə bilən güclü səsli siren),1
Part number,C325V_DNI,1
Forma faktoru,240-pin UDIMM Non-ECC,7
AC giriş (Turbo),2.400 W Max.,1
Xüsusiyyətlər,"Yan rezin reliesli əlavələr ilə sürüşməyən rahat tutuş, Makroslar və düymə proqramlaşdırma dəstəyi",1
Part number,19U64AA,1
Volume,0.0464 m³,1
USB,4 × USB 3.2 Gen 2 Type-A,2
Part number,SFYRS/1000 q,1
Bağlantı,USB-A + 2.4 GHz + Bluetooth,2
Ölçü (E×D×H),440 × 260 × 44 mm,5
OS,"Windows 11/10, macOS 10.6+, Linux 2.6+, Chrome OS",5
Tip,4-bay USB hardware RAID DAS,1
Portlar,2x USB-C (USB 5Gbps; 1x USB-C (USB 5Gbps; 1x USB-C (DP 1.4 Alt Mode HBR3); 5x USB-A (USB 5Gbps; 1x USB-B (USB 5Gbps; 1x HDMI; 1x DP,1
Seriya,Kingston FURY Renegade G5,3
Çip,"1024×8 (1Gx8), halogen-free",1
Səth,"anti-glare, anti-fingerprint, 9H",10
Prosessor,ARM 1.8 GHz; 2 GB DDR4; 8 GB flash,1
RAM,32 GB LPDDR5X-7467 (lehimli),1
Kağız,250 + 1 əl slotu (251); çıxış 150,1
Tip,Powerbank (daxili USB-C kabel),1
Baza tezlik,2.40 GHz,1
Kabel,Cat6A,1
Düymə tipi,Pressed buttons,1
Model,GWN7700,1
VESA,400 × 200 (divar montajı daxildir),1
Ölçü,450 × 400 × 3 mm (L),2
Maks. çıxış gərginliyi,21 V,3
Model,28599-999-889,1
Layout,1 × 8 GB,1
Həll / tezlik,"QHD 2560×1440, 60 Hz",2
Sertifikat,"CE, FCC, BSMI, RCM",21
Scope of the delivery,monitor lamp / monitor mount / storage case / screwdriver for fastening / cable 1.2 m USB-C/ USB-C / user manual,1
Linza,"M12, F=2.2 mm, HFOV 110°",1
Tezlik,1333 MHz (PC3-10600U),3
Tip,"FortiExtender 200F — FortiGate LAN extension (L2 tunnel), modem yoxdur",1
Ölçü,L,1
Seriya,"Yandex Stansiya Mini Plus (Mini 2, saatsız)",3
İnterfeys,1 × USB 3.2 Gen 1 Type-C (5 Gbps),1
Komplekt,AA battery 500mAh / USB wireless receiver located under the top cover of the mouse / Type-C cable (80 cm),1
Model,8200-231,1
Part number,RZ04-05160100-R3M1,1
Uyğunluq,"DL325 Gen10, HPE ProLiant DL360 Gen10, HPE ProLiant DL560 Gen10",1
Yaddaş,128 MB,2
Protokollar,"PD 3.0, QC 3.0, PPS, FCP",1
Ekran,5.6 düym (320 × 234 piksel) 16-bit rəngli toxunma ekranı (Touchscreen LCD),1
Vebkamera,Daxili 4MP,1
Ölçü,471x195x35 mm,1
Tip,"Rack server (2U rack, 2 soket)",2
Kabel,Cat5e,1
Standart,"Wi-Fi 6 (IEEE 802.11ax/ac/n/a 5 GHz, IEEE 802.11n/b/g 2.4 GHz)",1
Tip,Monitor,4
Tip,Simsiz oyun siçanı,9
Kabel,1.8 m,29
AC rozetkalar,2 × AC,1
Part number,FG-81F,1
Radio / sürət,2.4 GHz 688 Mbps; 5 GHz 2.882 Gbps (160 MHz); 6 GHz 5.765 Gbps (320 MHz),1
Portlar,"2 × HDMI 2.0, 1 × DisplayPort 1.4",2
Tip,Indoor Wi-Fi 7 (802.11be) Tri-Radio Access Point · Demo SKU,1
Material,"Metal, Plastic, Rubber",1
Part number,ad512GBS20S3S,1
İdarəetmə,LCD,1
Stend,"Hündürlük 150 mm, tilt −5°/+21°, swivel ±45°, pivot ±90°",1
Dərinlik,156.58 mm,1
Part number,TS-233,1
Switch,"HyperX Red (linear, 45 q, 1.8 mm, 80 mln)",8
Klaviatura tipi,Scissor,1
Qulaqlıq yastığı,Leatherette,1
Ölçü,32.4 × 12.6 × 5.9 mm,1
Video,"2× DP 1.4, 1× HDMI 2.1, 1× USB-C DP Alt Mode",2
EAN,0767041021332,1
Portlar,"1 × HDMI 1.4 (HDCP 1.4), 1 × VGA",1
Düymə sayı,6,4
Model,GWN7813P,1
Sürət,oxuma/yazma 2000/2000 MB/s (maks.),5
Model,HP S3 Pro 324pf FHD,1
Part number,4Y50X88824,1
Kabel,2.0 m (controller daxil),1
Rəng,gray and black,1
Tip,Simli ofis və gündəlik istifadə üçün optik siçan,1
Model,YNDX-00554,1
Part number,2E2GEN800.50.100,1
Standart,Cat 6,6
Sürücü,40 mm neodim,1
Rəng,Phantom Green,4
Model,HP 130A Cyan Original LaserJet Toner Cartridge,1
Ölçü,79.1 × 44.4 × 8.5 mm,2
Firewall (1518/512/64 byte UDP),4 / 4 / 3.9 Gbps,2
Part number,ECS1528FP,1
Mikrofon,"Boom microphone, səs-küy azaldan, çıxarılan",3
Ölçülər,"23,65 x 417,27 x 146,82 mm",1
Uyğunluq,"PC, PS5, PS4, Xbox Series X|S, and Xbox One. Software Compatibility: HyperX NGENUITY",2
Ölçülər,168.5 × 160.2 × 219 mm,1
Model,Dell Pro E2425HM,1
Part number,161-BBRX,1
Məsafə,15 m-ədək,1
Konnektor 1,USB 2.0 Type-A,1
Ölçülər,480 × 315 × 210 mm,1
Düymə sayı,78 düymə + Multi-touch jestləri dəstəkləyən inteqrasiya olunmuş geniş taçpad (ayrıca siçana ehtiyac qalmır),1
PoE / qidalanma,802.3at; injector GPI-130 Və ya SP-FAP200-PA ayrı,1
Çəki,827.7 q,1
Part number,678U8AA,1
TBW,876 TB,1
Stabilizasiya,EIS 2.0 (elektron şəkil stabilizasiyası),1
Tutum,500 GB,6
Material,metal,1
IP,IPX5,1
Part number,1Y4D0UT,1
EAN,4549821410323,1
Host interfeys,"PCIe (low profile, customer install)",3
Seriya,Razer Huntsman V3 Pro TKL 8 kHz,1
Ötürmə,14.88 Mpps,1
Ölçülər,"482 mm en, 2U hündürlük, ~686 mm dərinlik (bezel olmadan)",2
Soyutma,fanless (0 dBA),3
Ölçülər (yığılmış),533 × 470 mm,1
Part number,A37W1ET,1
Seriya,Apacer AC631,1
Xətlər / SIP,4 line keys · 12 SIP accounts,1
Bağlantı,USB-C,4
Sensor / linza,"1/2"" CMOS, 48 MP effektiv piksel; linza ekv. 16 mm, f/2.5; 9 qat şüşə linza",1
Part number,40ALLG2WWW,1
Anten,"İnteqrasiya olunmuş omni, 3 dBi, TX 23 dBm",1
Ölçülər,59.7 × 14.0 × 11.9 mm,1
Ölçü,152.96 × 93 × 21 mm,1
Portlar,"1x USB-A (USB 10Gbps), Always On; 3x Thunderbolt 4, with USB PD 15-100 W and DisplayPort 2.1; 1x HDMI 2.1, up to 4K/60 Hz; 1x Headphone / microphone combo jack (3.5 mm); 1x SD card reader; NVMe password; Power-on password; Supervisor password; System management password; Certificate-based BIOS authentication",1
Model,HP EliteBook 660 G11 16,1
Brend,UGREEN (Nexode Pro seriyası),1
Qoruma,MIL-STD-810 q 516.6 hərbi düşmə testi; USB konnektor 10K tax-çıxar testi,4
Hot-swappable,Bəli,1
Rəng,grey,3
Şəbəkə,Gigabit Ethernet (2× RJ45),1
Ölçü,10.9 × 15 × 1.02 mm,7
EAN,0197192348000,1
Səs,≤ 50 dBA,1
Seriya,Xerox B225,1
Qoşulma,"2.4 GHz Wi-Fi, Alexa və Google Assistant dəstəyi",1
Equipment,USB-receiver / batteries 1xAA / manual / keyboard,1
NAND,TLC,3
TBW,1280 TB,1
Maks. yük,hər kanal üçün LED 600 Vt-ə qədər,1
Çəki,0.08 kq,1
Uyğunluq,"PC, PS5, PS4, Xbox, Nintendo Switch, mobil",2
Davamlı ötürmə,"263 MB/s / 251 MiB/s (davamlı, OD)",1
Wi-Fi,IEEE 802.11a/b/g/n/ac/ax/be · Tri-band (2.4 / 5 / 6 GHz),1
Model,MM137,2
Xüsusiyyət,alcohol-free / antistatic / in plastic tube,1
Operativ yaddaş,16GB,5
Güc,150 W,1
Enerji monitorinqi,Bəli,3
Uzunluq,50 m,1
Portlar,"Ön: USB 3.2 Gen 2 Type-C, USB 3.2 Gen 1, 2 × USB 2.0 (1× PowerShare), universal audio. Arxa: 4 × USB 3.2 Gen 1, 2 × USB 2.0 Smart Power On, 2 × DisplayPort 1.4",1
Buffer,192 KB,1
Portlar,"1x USB-A (USB 5Gbps), Always On; 1x USB-A (USB 5Gbps); 2x Thunderbolt 4, with USB PD 45-100 W and DisplayPort 2.1; 1x HDMI 2.1, up to 4K/60 Hz; 1x Headphone / microphone combo jack (3.5 mm); 1x Ethernet (RJ-45); 1x SD card reader; Touch style fingerprint reader integrated in power button, match-on-chip; No fingerprint reader; Hard disk password",4
Model,LP113,1
RAID,"Hardware RAID 0/1, JBOD, Single",1
Ölçülər,112 × 51 × 28 mm,1
Part number,2E-HG365BK-WL,1
Çəki,255 q,1
Seriya,Razer DeathAdder V3 HyperSpeed,1
Part number,P26259-B21,1
Rəng,"Rəngli (CMYK, 4 şüşə)",1
Çəki,"5,03 kq",4
Number of outlets,"3 3 rozetka Tip F (torpaqlama ilə avrorozetka), ştepsel Tip F (avroştepsel torpaqlama ilə)",1
Operativ yaddaş,64GB (2x32GB) DDR5 4800,3
Model,GWN7665,1
Portlar,Standart RJ-9 qulaqlıq (headset) portu,1
Part number,RZ04-05410400-R3M1,1
Qida,"180 Vt daxili PSU, 80 PLUS Bronze",3
RGB,Xeyr,6
Model,CD275,1
Stereocüt,Bəli (iki Layt 2),11
Part number,FS-148F-POE,1
Bağlantı,3.5 mm mini-jack,9
Tip,microSDXC UHS-I (Premium),1
Layout,1 × 32 GB,2
Forma,Stereo (on-ear),2
Şəbəkə,2× RJ45 Gigabit (in/out),10
Part number,B72Y6ET,1
PoE / qidalanma,IEEE 802.3af PoE,1
Starter,2 500 səh (qutuda),2
Port,2 × RJ45 (2.5 q/1 q/100 m/10 m),1
Uyğunluq,Amplon RT 5–20 kVA seriyası (əsasən 8/10 kVA və yüksək),1
Keş,256 MB (rəsmi X20 datasheet; prays-listdə 512 MB səhvdir),1
Disk yuvası,8 × SFF U.3,1
Tip,simsiz ergonomik esports siçan,2
Oxuma / yazma,7000 / 3000 MB/s,1
İdarəetmə və xüsusiyyətlər,"Ruijie Cloud App, Reyee Mesh, Fast Roaming (802.11k/v/r), WPA3 təhlükəsizlik",1
Konnektor 2,USB Micro-B (Male),1
Region SKU,WW00/demo · Power adapter daxil deyil,1
Seriya,Kingston FURY Renegade RGB,5
Tip,"19"" yerüstü şəbəkə şkafı",2
MTBF,1.5 milyon saat,1
DWPD,10,1
Annual power consumption,37 kW,1
İdarəetmə,Nebula Cloud və ya lokal Web/CLI; Smart L2 funksiyalar,1
Part number,TS-264-8 q,1
Audio kodekləri,"Genişzolaqlı HD Audio (G.722), G.711a/u, G.726, G.729A",2
Bypass,Daxili (avtomatik və əl ilə),6
Mikrofon,"Swivel-to-mute, səs-küy azaldan boom",1
Ekran tipi,LED,3
Panel,"IPS/VA (21:9), əyri",1
Model,"Lenovo 16"" Laptop Everyday Backpack B510",1
Ölçü,27 × 180 × 99.9 mm,1
Uyğunluq,"PowerEdge C6520, PowerEdge C6525, PowerEdge R450, PowerEdge R550, PowerEdge R650, PowerEdge R650XS, PowerEdge R6525, PowerEdge R750, PowerEdge R750XA, PowerEdge R750XS, PowerEdge R7525, PowerEdge T550",1
Part number,938B1EA,1
Part number,2E-U03VES5MBK,1
Ölçü,415 × 360 × 352 mm; çəki 10.0 kq,2
Ölçülər,110x65x38 mm,1
Səmərəlilik,"~95,5% (online) · ECO: 99%",1
Seriya,Razer Nommo V2 X,1
Model,AV112,1
Ölçü,22 × 80 × 3.8 mm,1
Qidalanma,1×AA,2
Part number,TS-673A-8 q,1
Switch,TTC Red (linear),1
Form faktor,"Tower, 226.5 × 235 × 165 mm",1
Anten,Internal,1
Qida,"80-pin OPS, 12–19 V DC, maks. 65 W (standby 1,5 W)",1
Yuvalar,"16 × 3.5""/2.5"" SATA 6Gb/s, hot-swap",1
Batareya tutumu,5200 mAh,3
Çəki,56 q,1
Ekran,"27"" QHD (2560×1440) IPS/UWVA 400 nit 120 Hz",1
Portlar,"4 × GE RJ45 (1× WAN, 2× LAN, 1× FortiLink A) + RJ45 konsol",1
Konnektor 2,RJ-45,6
RAM,32 GB LPDDR5x-8400 (lehimli),1
Qidalanma,802.3af PoE və ya DC (ayrıca),1
Tip,6-xətli rəngli Gigabit biznes IP telefonu,1
Montaj,Desktop / wall / rack,4
Rəng,Arctic Grey,5
Təyinat,PS5 / PC / noutbuk,3
Rəng,Qırmızı fon üzərində qara yazı (Black on Red),1
Part Number,4P5L1AX,1
Giriş cərəyanı,1.2 A,3
Sürücü,40 mm; Hi-Res Audio; Dolby Atmos,1
VPN ötürmə,970 Mbps; max 200 eyni anda VPN tunel,1
Prosessor,1.2 GHz,2
Part number,5Y3T4EA,1
Part number,470-AFKL,1
EAN,0196188046340,1
Dərinlik,150 mm,1
Tip,Layer 3 Managed Multi-Gigabit Switch,2
IPS,2.6 Gbps,3
Part number,210-AZZB,1
Model,Alienware AW620 m,2
Model,26699-999-999,1
Brend,WiWU,1
Ölçü (E×D×H),160 × 160 × 33.2 mm,5
Yaddaş (bu konfiq),"8 × 2.5"" SAS/SATA yuvalar (EMEA2 shipping)",1
Korpus,Sürüşən,1
Kabel,Cat 6 Və yuxarı,1
Ölçülər,491.5 × 325.4 × 133.3 mm,1
Seriya,Yandex Stansiya Midi,5
Torpaqlama,Torpaq kəmərləri daxil,1
Purpose,consumer,1
Aşkarlama,"Hərəkət və insan tanıma sensoru, ani bildirişlər",1
Notebook compartment (ShhVhT),44.3 x 30 x 5.7,1
Maks. çözünürlük,3840 x 2160 pixels,3
DRAM cache,512MB,3
Model,Dell Intel Xeon Silver 4314,1
Model,Airbuds 3 SE (3rd Generation TWS),1
Material,400D suya davamlı parça,1
PoE / qidalanma,IEEE 802.3at PoE+,1
Rəng,Atmospheric Blue,5
Part number,SP-RACKTRAY-02,1
CAS Gecikməsi,CL13 (13-12-N1),1
Fiber,Multi-mode OM3/OM4,1
Part number,AC140401,1
Part nömrəsi,GS1100-24E-EU0103F,1
Çəki,3.29 kq,2
M.2,2 × M.2 2280 PCIe Gen3 x4 NVMe,1
Rəng,qırmızı,4
Genişlənmə,xarici batareya paketləri ilə runtime artırılması,1
Batareya,"VRLA, hot-swap; doldurma <4 saat (90%)",1
Part number,RZ03-05530100-R3M1,1
Keçid tutumu,40 Gbps,1
Bluetooth,Daxili Bluetooth 2.1 + EDR (Bluetooth qulaqlıqlar üçün),1
USB,Var (Hi-Speed USB 2.0),42
Model,Alienware AW420K,1
Rəng,Qara / Orange,1
Çipset,Broadcom 57416,1
Ekran,"14"" Full HD (1920×1080) IPS/UWVA, anti-glare 250 nit",1
Komplekt,AA battery 500mAh / USB wireless receiver siçanın üst qapağının altında yerləşir / Type-C cable 80 cm,1
Graphics processor,Mali 450MP2,2
Notebook compartment (ShhVhT),29x43x4.5 cm,1
Volume,0.0273 m³,1
Part number,S2P33A,2
Portlar,8 × RJ-45 10/100/1000 (port 1 Class 3 PD — PoE ilə qidalana bilər),1
Təyinat,"AAA gaming, PS5 expansion, 4K/8K, AI workstation",2
Part Number,75X30AA,1
Səs,THX Spatial 7.1.4 (Windows 11 23H2+),2
Starter,6 000 səh qara (qutuda),1
Zəmanət,1 il (qeydiyyatla 3 ilə qədər),1
Model,Lenovo ThinkVision T27hv-30,2
Color depth,16.7 mln colors,5
Seq. oxuma/yazma,1050 / 850 MB/s-ə qədər,3
Tezlik,1866 MHz (PC3-14900R),1
Tip,4-xətli Gigabit biznes IP telefonu,1
Portlar,RJ-9 qulaqlıq yuvası,6
Qulaq oturacağı,Intraaural,1
CPU,ARM Cortex-A55 4-core 1.8 GHz,1
Bluetooth,"5.2, BLE",4
Kart oxuyucu,"SD + microSD, eyni anda, ~90–104 MB/s",1
Fiş,Type F (DIN 49441 Schuko),2
USB-C3 çıxış,30 W maks,1
Model,HP Smart Tank 720,1
Volume,0.0010 m³,4
Part number,TS-364-8 q,1
Model,HP Smart Tank 520,1
Part number,4X31S04838,1
Simsiz şarj,Bəli,6
Seriya,Kingston DataTraveler Exodia S,4
Görüntü imkanı,1920 × 1080 @ 320 Hz,1
Oxuma / yazma,1000 / 1000 MB/s,3
EAN,0196188567319,1
Portlar,8 × RJ-45 10/100/1000 Class 4 PoE,2
Part number,2E-CONTROL-3XL-BK-PRO,1
İdarəetmə,"Yoxdur (plug-and-play, Instant On cloud yoxdur)",5
Çəki,0.8 kq,1
2.4 GHz,Xeyr,1
Çəki,2.4 q,1
Uyğunluq,"PC, Mac, PS5, mobil, Switch; NGENUITY",2
View,Computer and household UPS,5
Ötürmə,238 Mpps,1
İşıq,ağ LED,1
Platforma RAM,"4 × DDR4 UDIMM ECC, maks. 128 GB, 3200 MT/s",3
Dinamik,40 mm,2
Wide Compatibility,"Our charging station is compatible with various devices, including iPhone 15/15 Pro/15 Pro Max/14/13/12 series, AirPods Pro 2/1, AirPods3/2, Galaxy Buds, iWatch Ultra/8/7/SE/6/5/4/3/2, and most Qi-supporting devices. For optimal charging, we recommend using a MagSafe phone case or a bare phone",1
Notebook compartment (ShhVhT),42.8x33x6.9 cm,1
Form faktor,"Tower, 180.2 × 199.3 × 279.6 mm",1
Tezlik,1600 MHz (PC3-12800R),1
SED / FIPS,FIPS-140 SED,1
Model,Dell Pro 27 Plus P2725DE,1
Parlaqlıq,450 cd/m² tipik / 600 cd/m² HDR pik,1
Duplex çap,Manual (avtomatik deyil),1
Kabel,1.3 m,10
Part number,6B8Y2AA,1
Çap texnologiyası,Lazer,36
Model,GWN7625,1
Part number,P40430-B21,1
Prosessor,Intel Core 5U-125U,1
Qidalanma,"USB Type-C, USB PD 3.0, 20 V / 3,25 A",4
Model,Lenovo ThinkVision T27UD-40,1
Fan,1 × PWM,1
Part number,Core65,1
Rəng,Qara / firuzəyi,7
Part number,BBU201B109035,1
Protokollar,SCCP (Skinny Client Control Protocol) və SIP (Cisco CUCM / CME),1
Tip,yığcam oyun noutbuk çantası,2
Kabel,1 m,1
Part number,MR.GTN42U61.01_PRF63,1
Model,Dell Pro 24 All-in-One QC24251,1
Format,"Kompakt TKL (Tenkeyless 85% format - 87 düymə, rəqəm bloku olmadan masada geniş siçan hərəkəti sahəsi yaradır)",1
Port,1× 10/100 m Ethernet (RJ45) portu,1
Terminallar,T2 (Faston),1
EAN,4549821354238,1
Model,HP OmniBook 5,5
IPS,2.5 Gbps,2
Yaddaş,1TB PCIe Gen4 Performance SSD,1
IP,IP55 (toz və su sıçraması),2
Əlavə xüsusiyyətlər,Harman audio; SSD Opal şifrələmə,2
Seriya,Razer Goliathus Mobile,2
Part Number,6N0A8AA,1
Keş,512 MiB,2
EAN,0197192333983,1
Radio,Tri-band 2×2:2,1
Prosessor,"Intel Core 7 240H | 10C(6P+4E)/16T, 24MB cache",1
Part number,P14608-B21,1
Reaction time,5 ms,5
Düymə sayı,109 pcs,1
İnterfeys,USB 3.2 Gen2 (10 Gbps); USB4/3.1/3.0/2.0 geriyə uyğun,3
Yuvalar,"4 × 3.5""/2.5"" SATA (diskless, hot-swap, key lock)",1
Model,YNDX-00026VIO,1
Graphics card Power Connector,no,2
Əlavə xüsusiyyətlər,Barmaq izi oxuyucu; İşıqlı klaviatura; FHD + IR kamera; SSD Opal şifrələmə,1
Random IOPS,250K oxuma / 350K yazma (512 GB),1
Portlar,"1x USB-A (USB 5Gbps / USB 3.2 Gen 1); 1x USB-A (USB 5Gbps / USB 3.2 Gen 1), Always On; 1x USB-C (USB 10Gbps / USB 3.2 Gen 2), with USB PD 3.0 and DisplayPort 1.4; 1x USB-C (Thunderbolt 4 / USB4 40Gbps), with USB PD 3.0 and DisplayPort 2.1; 1x HDMI 2.1, up to 4K/60 Hz; 1x Headphone / microphone combo jack (3.5 mm); 1x Ethernet (RJ-45); 1x SD card reader; Touch style fingerprint reader integrated in power button, match-on-chip; No fingerprint reader",2
Sürücü,Razer TriForce Titanium 40 mm,1
Çəki / ölçülər,10.0 kq (22.0 lbs) | 714.2x234.9x599.5 mm,1
Model,CD294,2
Statik kontrast,1000:1 (Dinamik 5 m:1),1
EAN,888793367490,1
İş prinsipi,DTSB5312L-CD20 (TX1550/RX1310) modulu ilə cüt şəkildə işləyir.,1
Batareya tutumu,20000 mAh,2
Part number,JL684B,1
İş temperaturu,0–70 °C,15
Volume,0.0025 m³,1
Seriya,Razer Iskur V2 X,2
Audio,HD,15
Model,Dell Pro E2725HM,1
Part nömrəsi,GS2220-10-EU0101F,1
Qidalanma,"USB Type-C, 5 V / 1,5 A",5
Conductor type,Stranded,1
Model,GS1008HP,1
Konnektor,"USB Type-A, 10 000 plug/unplug testi",2
Divar montajı,Arxa paneldə 4 anker nöqtəsi,2
Çəki,2.49 kq,1
Ethernet,Var,6
Korpus,"Metal, örgülü",1
Model,Lenovo ThinkBook 14 G8,2
SKU,460-11753,1
Part number,2E-GC-BUS-BK,1
Tip,Wireless stereo headset,2
Model,Lenovo ThinkPad X12 Detachable Case,1
Part number,8Y2K9AA,1
Prosessor,Intel Core i3-14100T,1
Giriş tezliyi,40–70 Hz,1
Yaddaş sürəti,2933 MT/s,1
Barkod,4897098687031,1
Stabilizasiya,"360° Horizon Steady, View Lock Steady; 6 oxlu giroskop; SuperSmooth (tətbiqdə)",1
Part number,LI32121CT00,1
Model,Dell PowerEdge R650xs,1
Sensor,optik,3
RAM,"16 GB ECC DDR4 (4 slot, maks. 128 GB)",1
Part Number,RMKIT18-32,1
Ölçü,141 × 88 × 18.4 mm,1
EAN,0199251514623,1
Model,YNDX-00054BLK,1
Model,S5130S-52TP-EI,1
Uzunluq,10 m,2
Part number,S0G20A,1
Çəki / ölçülər,Starting at 1.4 kq (3.08 lbs) | 339.55x228.5x12.9 mm,2
Model,2775-109,1
Model,Alienware AW3225QF,1
TV Type,DLED TV,1
Sürət,1.25 Gbps,1
Tip,"Indoor Wi-Fi 5 (802.11ac Wave 2) 4×4 access point, Instant On AP15",1
Mikrofon,"4 ədəd, tanınma məsafəsi 7 m-ə qədər",3
Ekran,"24"" Full HD (1920×1080) IPS/UWVA, anti-glare",6
Resurs,15 000 saat,5
Bağlantı,USB-A / BT / WL,2
DWPD,0.8,3
Təyinat,"Cisco router, switch, firewall və digər şəbəkə avadanlıqlarının COM port vasitəsilə CLI konfiqurasiyası və idarə edilməsi.",1
VESA,100×100,1
Part number,006R04388,1
Konnektor 2 tipi,Male,26
Portlar,"1 × HDMI 1.4, 1 × DisplayPort 1.2, 1 × VGA (D-Sub)",1
Model,GWN7700P,1
Part number,D06L9EA,1
Ölçü,132.4 × 82 × 16.1 mm,2
Əlavə xüsusiyyətlər,Lenovo 13-14-inch Laptop Essential Slim Topload,1
Davamlı ötürmə,"250 MB/s / 229 MiB/s (davamlı, OD)",1
Düymə mexanizmi,"Noutbuk tipli qayçı (Scissor-switch) mexanizmi – son dərəcə yumşaq, dəqiq və səssiz yazma təcrübəsi",1
Dispersion angle,45°,1
Qidalanma,CR2450 batareya,1
Ölçü (H×W×L),38.5 × 216 × 160 mm,3
PoE dəstəyi,IEEE 802.3af PoE və Cisco Inline Power,2
Çəki,47 q without battery,1
Uzaqdan firmware yeniləmə,Bəli,1
Ekran,"14"" 2.8K OLED/IPS (2880×1800) OLED, sensorlu 400 nit 120 Hz",4
Part number,OneScreen-i5-L7,1
Çəki,58 q (batareyasız),1
Çəki,"0,75 kq (1.65 lb)",1
Ölçü / çəki,"441 × 270 × 44 mm, 3.8 kq",2
Model,CD170,1
Part number,SDCG4/1TB,1
Portlar,"2× DP 1.4, HDMI 2.1, USB hub",1
USB,UPS firmware yeniləmə / opsional aksesuarlar üçün,1
Məsafə,50 m (açıq mühit),1
Model,16GB 2Rx4 PC3L-12800R-11-13-E2 (HMT42GR7BFR4A-PB),1
Model,YNDX-00021-BLUE,1
Rəng,Ağ (White),7
Batareya / adapter,60 Wh,4
En,127 mm,1
Volume,0.0173 m³,2
Model,Lenovo ThinkPad USB4 Smart Dock 5500,1
Uyğunluq,Intel və AMD DDR4 masaüstü platformaları,2
Data sürəti,18 Gbit/s,3
Görüntü imkanı,3840 × 2160 @ 240 Hz,1
Rəng,blue / with pattern,3
PoE / qidalanma,IEEE 802.3at PoE+; max 19.5 W,3
Xətlər / SIP,2 lines · 4 SIP accounts,3
Ölçülər,69.8 × 69.8 × 24.5 mm,1
Yaddaş,256 GB M.2 SATA SSD,2
Part number,RZ04-03240900-R3M1,1
Part number,2EW-2684,1
Maximum peak voltage,250 V,2
Tip,"AC power cord, Europe (PC-AC-EC)",1
Əlavə xüsusiyyətlər,"5MP kamera; Privacy shutter; SSD Opal şifrələmə; Korpus: PC + 20% CF (top), PC + 20% CF (bottom)",2
Uyğunluq,"GXP16xx, GRP2612, GRP2612 W, GRP2613",1
Part number,P28948-B21,1
Seriya,Kingston Canvas Select Plus,5
Tezlik,13–27 000 Hz,3
Ölçülər,381 × 357 × 216 mm,2
Yaddaş,1TB PCIe-4x4 2280 NVME SED OPAL2 TLC SSD,1
Power consumption,36 W,1
Part number,345-BBDF,1
Model,HP OmniBook 5 Flip x 360,1
Port sayı,5 × 2.5GbE RJ45 (2.5 q/1 q/100 m auto-negotiation),1
Part number,21Y6003SFW,1
Veb-kamera,5 MP + IR veb-kamera,10
Wi-Fi,"Wi-Fi 6 (802.11ax), dual-band + ayrıca scanning radio və BLE 5.0",1
Kabel,1.55 metr davamlı USB 2.0 kabeli,1
Part number,2E-PAD-L-CAPY-BLUE,1
İş yükü,550 TB/il; 64 HD kamera + 32 AI axını; 16+ yuvalı NVR,1
Konnektor 1,USB A,2
Rəng,Business black (qara),1
Batareya / adapter,88 Wh,1
Sensor,PixArt 3212 yüksək dəqiqlikli optik sensor,1
Giriş PF,"> 0,99 · iTHD: < 3%",2
Sertifikat,UC / softphone uyğunluğu (variant asılı),1
Portlar,48 × 10/100/1000,1
Part number,6B8Y1AA,1
Part number,5HH66A,1
Model,CM506,1
Part number,QSW-M1204-4C,1
Maks. güc cərəyanı (Imp),"6,1 A",1
Height adjustment range,46.5 - 136.5 mm,1
İnterfeys,"PCIe Gen5 x4, NVMe 2.0 (Gen4/Gen3 geriyə uyğun)",2
Part number,4X90X21427,1
Bağlantı,USB-C → RJ45,1
Model,GRP2614,1
Ötürmə sürəti,1.25 Gbps (Gigabit Ethernet / 1 q Fibre Channel),1
Ölçü (E×D×H),124 × 190 × 52.5 mm,2
Kağız çəkisi,60 - 256 q/m²,1
Uyğunluq,HPE ProLiant DL360 / DL365 Gen10 Plus,1
Qidalanma,"24 V / 0,9 A adapter (100–240 V giriş)",1
Random yazma (4KB),31000 IOPS,1
Model,Lenovo GaN Nano 65 W Adapter,1
Uyğunluq,"PowerEdge C6520, PowerEdge C6525, PowerEdge C6620, PowerEdge R450, PowerEdge R550, PowerEdge R650, PowerEdge R650XS, PowerEdge R6525, PowerEdge R660, PowerEdge R6615, PowerEdge R6625, PowerEdge R750, PowerEdge R750XA, PowerEdge R750XS, PowerEdge R7525, PowerEd",1
Tip,simsiz esports siçan,5
Kağız,250 + 100 MPT (standart 350); opsional 550; maks. 900; çıxış 150,1
Tip,USB kondensator mikrofon (SoloCast 2),1
VESA Wall Mount,200x150,1
Part number,21UY005NFW,1
Barkod,681920370604,1
"Çap sürəti (qara, draft)",39 səh/dəq,1
Kabel tipi,Round cable,3
Tip,FortiVoice 100E — legacy IP PBX appliance (hardware),1
Batareya,VRLA · 3 × 12 V × 9 Ah · hot-swappable,1
Növ,Maximum Performance fan dəsti,1
Maks. ekran,"16.5 cm (6.5"")",2
USB,"3 × USB 3.2 Gen 1, USB Copy",1
Kommutasiya tutumu,1 Gbps,1
Batareya gərginliyi,144 Vdc sinif (xarici EBC),1
Uyğunluq,Windows / macOS / Linux / Windows® 7,2
Konfiqurasiya,"DN — duplex + Gigabit Ethernet (Wi-Fi bu SKU-da standart deyil, opsional kit)",1
On-Die ECC,Bəli,16
Part number,P28610-B21,1
En,105.5 mm,1
Rəng,99.3% DCI-P3,1
Volume,0.0221 m³,1
Dimensions in mm (HxWxD),355x170x275 mm,2
Power Lifting Mode,3.600 W,1
Sensor və Optika,"Sony IMX415 sensoru, 7 qat şüşə linza, F1.8 böyük diafraqma, 140° geniş baxış bucağı",1
Klaviatura xüsusiyyətləri,"113 düymə (əlavə 9 ədəd multimedia idarəetmə düyməsi), nəmə və təsadüfi maye dağılmasına qarşı qoruma, erqonomik korpus",1
Video,HDMI/DP 4K@60 Hz; USB-C video 4K@30 Hz HDR,1
Mikrofon,Noise Cancelling (NC),3
Region SKU,WW00 · Power adapter daxil deyil,1
Çəki,76 q,3
Növ,25GbE optik transceiver,1
Kartric,"HP 216A Black LaserJet Toner Cartridge (1,050 page yield) W2410A; HP 216A Cyan LaserJet Toner Cartridge (1,050 page yield) W2411A; HP 216A Yellow LaserJet Toner Cartridge (850 page yield) W2412A; HP 216A Magenta LaserJet Toner Cartridge (850 page yield) W2413A",2
Ekran ölçüsü,"24.0""",1
Part number,6N4C4AA,1
Cihaz tipi,Telephone,1
Kabel,"2 m, 3×4 mm² H05VV-F",2
Clients / SSID,up to 1024 clients · up to 36 SSID,1
Foto,20MP / 16MP / 13MP / 8MP (standart: 20MP). Burst və timer. Format: JPG,1
EAN,0196786890161,1
Zəmanət,5 il və ya TBW (hansı əvvəl dolarsa),4
Paneli,IPS,2
LAN/WAN,4 × GE,1
Equipment,USB-receiver / keyboard / 1 AAA battery,1
Ölçü (H×W×L),42 × 216 × 178 mm,3
Seriya,MR.PRZ Basic PDU,8
Tip,Fortinet 1GE SFP LX transceiver,1
PPI,108.97,1
Diameter,150 mm,2
Wi-Fi,"IEEE 802.11 b/g/n/ac/ax (Wi-Fi 6, 2,4 Və 5 GHz)",4
Panel,Fast IPS,3
Əlavə xüsusiyyətlər,"5x rəqəmsal zoom; time-lapse video; motion detection; 170° FOV. Dəstdə su keçirməz korpus, pult və montajlar",1
Format,"LTO-9 Ultrium WORM (Write Once, Read Many)",1
Part number,FS-108F-POE,1
Çıxış,220/230/240 VAC ±1% (factory default 230 V),1
Çipset,Broadcom 5720,1
Ekran,"23.8"" 4K UHD (3840×2160) IPS/UWVA",1
Forma,sağ əl ergonomik,2
Anten,"4 × xarici omni, SMA, 5 dBi",1
Switch,Membran,1
Model,HP Color Laser 150a,1
Part number,63DFKAR4EU,1
Ölçü,59 × 18.4 × 9.1 mm,2
Ötürmə,172 Mpps,1
Forma,simmetrik,3
İdarəetmə,"Ruijie Cloud App, Web brauzer, Real-time monitorinq, PoE Reboot",1
Part number,OS-T7-75,1
Part number,4X21L54610,1
Çəki,692 q,1
Volume,0.0034 m³,2
Qidalanma,USB bus,13
Prosessor,1 GHz Dual Core; 512 MB RAM,4
EAN,0197029365989,1
Part number,2Z628A,1
Rank,1Rx16,2
Uyğunluq,Windows / macOS 10/7 and above / Linux,4
İnterfeys,USB Type-A: USB 3.2 Gen 1 (5 Gbps); Micro USB: USB 2.0 (OTG). Eyni anda bir konnektor.,1
Bağlantı,Barrel 7.4 mm,1
Part number,AP64GAH353C-1,1
Skaner,Flatbed & ADF scanner,3
Notebook compartment (ShhVhT),38 x 28.5 x 5.2,1
Part number,2E-KG350UBK,1
Görüntü imkanı,3840 × 2160 @ 120 Hz,7
Part number,2E-CBN315DO,1
Handles for carrying,✔️ sheathed with softening pads,1
Foto,20MP / 16MP / 12MP / 10MP / 8MP / 5MP (standart: 20MP). Format: JPG,1
Çəki,"131,4 kq",1
Part number,2E-CBN9265BK,1
RGB,Razer Chroma,46
Çip,Daxili FTDI FT232R / RS232 səviyyə çevirici,1
Model,AC2P,1
LAN,1 × RJ-45 10/100/1000 (hava keçirməz gland),1
EAN,4549821299935,1
Model,WP816,1
Lent,"Barium Ferrite, 1035 m, 8960 track",1
Additional,Possibility of stacking satellites in mini-soundbar,1
Part number,4CE97AA,1
Uyğunluq,HPE ProLiant DL360 Gen10 HPE ProLiant DL380 Gen10 HPE ProLiant DL560 Gen10 HPE Apollo 6000 XL230k,1
Part number,400-BLBZ,1
Qoruma,"Over current, Over voltage, Short circuit",1
Part nömrəsi,GS1100-16-EU0103F,1
Additionally,TWS function support / PowerBank function / Hands-Free function / Beat-Driven Backlight,2
İnterfeys,SATA III 6 Gb/s (SATA I/II ilə uyğun),3
Qrafika,NVIDIA RTX A2000 12 GB GDDR6 4mDP GFX,2
Rəng,Gold Gray / Storm Grey,1
Giriş,AC,3
Ekran,"27"", FHD 1920x1080, 300 nits, Non-Touch, Anti-glare, 99% sRGB",1
Korpus,"13"" 1U rackmount, daxili PSU",1
RAM,16 GB DDR5-5200,2
Günəş paneli girişi,"200 W Max., 12–28 VDC, 8,2 A",1
Uyğunluq,"PC, PS5, PS4, Xbox Series X|S, Xbox One",4
Ekran,"23.8"", FHD 1920x1080, IPS, 250 nits, 120 Hz, Anti-glare",1
Part number,RZ01-05120200-R3G1,1
Model,Dell USB 3.0 to Ethernet (PXE),1
Uyğunluq,HPE ProLiant DL360 Gen10 & Gen9 HPE ProLiant DL380 Gen10 & Gen9 H PE ProLiant DL385 Gen10 HPE ProLiant DL560 Gen10 & Gen9 HPE ProLiant DL 580 Gen10 HPE ProLiant ML30 Gen9 HPE ProLiant ML110 Gen9 HPE ProLiant ML150 Gen9 HPE ProLiant ML350 Gen9 HPE ProLiant XL170r Gen10 HPE ProLiant XL190r Gen10 HPE ProLiant XL450 Gen10,1
Cavab müddəti,5 ms (Fast),1
DPI,1000 dpi / 1200 dpi / 800 dpi,1
Şəbəkə,2 × 2.5GbE; 10/25GbE PCIe ilə opsional,1
Həcm,22.6 l,1
Tutum,"50 endpoint, 8 VoIP trunk",1
Tip,Enterprise Gigabit Ethernet + 4 q LTE router,1
Part number,AP5TBAC237B-1,1
Part number,KF588CU42RS-24,1
Model,X553,1
Tip,"25 q SFP28 optik transceiver, HPE Aruba Networking",1
Xətt sayı,"2 xətt / zəng düyməsi (LED göstəricili), 4 soft-key, naviqasiya düymələri",1
Prosessor,400 MHz,2
Təyinat,Calls/Music,1
Məsafə,100 m (multi-mode),1
Uyğunluq,"PC, PS5, PS4, Nintendo Switch",2
Uyğunluq,AP22 (R4W02A) tavanə oturtmaq üçün,1
Rank,1Rx8,17
Qidalanma,12 V/1A xarici adapter; max ~6.8 W,1
Basket capacity,12.5 l,1
Dual display,HDMI + VGA eyni anda (mirror / extend),1
EAN,0196188747735,1
Tip,Cloud idarə olunan Layer 2+ Multi-Gigabit PoE+ kommutator (EnGenius Cloud),1
Uyğunluq,PlayStation,1
Model,20797-999-889,1
Tutum,8 GB,7
Çəki,"23,2 kq",1
Operativ yaddaş,8GB DDR4,4
Ekran,5 düym (320 × 240 piksel) 16-bit rəngli arxadan işıqlandırılan TFT LCD,1
Yaddaş,8 GB,2
Ethernet,10/100/1000 Mbps,3
Qrafika,Intel Arc 140T,1
Həssaslıq,800 / 1200 / 1600 DPI dəyişdirilə bilən sensor,1
Part number,7KW54A,1
Paket,Retail box,1
HDCP,1.4 Və 2.3,1
Texnologiya,"hermetik, texniki xidmət tələb etmir",4
Ön quraşdırılmış,Network Management Card,1
Cavab müddəti,4 ms (GtG) / 8 ms (GtG),1
Part number,AG16GB32C22N4S,1
VGA çıxış,1,1
Uyğunluq,PC,4
Part number,A16KSEA,1
Paket tərkibi,Yüksək məhsuldarlıqlı redundant hot-plug fanlar (2U),1
Part number,2E-PAD-S-CAPY-BLUE,1
ANC,Hybrid aktiv səs-küy azaltma,2
Ölçülər,50 × 50 × 85 mm,2
Tip,AC enerji təchizatı modulu,2
Quraşdırma,üfüqi / şaquli,2
Tip,simsiz ergonomik oyun siçanı,2
Batareyalar,20 × 9 Ah (VRLA),1
Qida,1 × AAA,1
Tip,L3 Ethernet Switch (Data Center / High-performance),1
PoE,4 port,2
Mobil çap,"HP app, AirPrint, Mopria, Wi-Fi Direct, Chrome OS",1
Video rejim,1080p,3
Part number,2E-MF130UB,1
Tezlik,2133 MHz (PC4-2133P / PC4-17000),2
Wi-Fi,"IEEE 802.11ax (Wi-Fi 6), tri-radio: 2.4 GHz + 5 GHz + scanning",1
Part number,2E-SPEED-XL-PK-PRO,1
Təşkil,1 × 16 GB (Icecat-dakı 2×8 GB qeydi səhvdir; 2Rx8 = dual-rank çip təşkili),1
Windows,Bəli,6
Video,1 × HDMI 1.4b çıxış,1
Model,KT100 Scissor with Touchpad (2E-KT100WB_UA),1
Rəng,Paslanmayan polad / bənövşəyi,2
Seriya,Razer Barracuda X (2022),1
Uyğunluq,"HPE MSA Platforms, see QuickSpecs for more information",2
Operativ yaddaş,128GB (4x32GB) DDR5 4800,2
Qrafika,Intel UHD Graphics,5
Part number,FS-424E,1
Part number,P40501-B21,1
EPO,Bəli,2
Uyğunluq,HPE ProLiant DL360 Gen10 HPE ProLiant DL380 Gen10 HPE ProLiant DL560 Gen10 HPE ProLiant DL580 Gen10 HPE ProLiant ML110 Gen10 HPE ProLiant ML350 Gen10 HPE ProLiant XL170r Gen10 HPE ProLiant XL190r Gen10 HPE ProLiant XL230K Gen10 ; HPE D3610 Disk Enclosure HPE D3710 Disk Enclosure HPE D6020 Disk Enclosure HPE MSA 1040 SAN Storage HPE MSA 1050 SAN Storage HPE MSA 2040 SAN Storage HPE MSA 2050 SAN Storage,1
Təhlükəsizlik,aparat səviyyəli 256-bit AES şifrələmə; disk kilidi; OTP,1
Yaddaş,1TB PCIe Gen4 SSD,4
Format,"A4 (A5, A6, B5, legal, zərf)",1
Sinxron,"NVIDIA G-SYNC Compatible, AMD FreeSync",1
Audio,24-bit / 48 kHz-ə qədər,1
Daxili portlar,2x8 host / x16 internal tri-mode,1
Qoruma,32 A miniatür avtomat (MCB),3
Disk yuvası,"8 × SFF 2.5"" hot-plug (disk daxil deyil)",2
Part number,63D4GAT1EU,1
Part number,6B8U5AA,1
Part nömrəsi,GS192024HPV2-EU0101F,1
Model,Alienware AW920K Tri-Mode,1
Şəbəkə tipi,10 Gigabit Ethernet,3
Xüsusiyyətlər,"TP-Link Mesh texnologiyası, Seamless Roaming (tək SSID ilə kəsintisiz keçid), 100-ə qədər qoşulan cihaz tutumu, Router və Giriş nöqtəsi (AP) rejimləri, Valideyn nəzarəti, Deco mobil tətbiqi ilə idarəetmə",1
PoE / qidalanma,IEEE 802.3af PoE və ya DC 12 V,2
Part Number,7G7A4AA,1
Yaddaş tezliyi,2800 MHz,1
Bağlantı tipi,wired,7
Çəki,63 q,2
Daxil edilən,Rackmount kit + Tower stand + RDU101 network card,1
Inputs,USB-C / AUX,1
Ölçü,"195,6 × 117,9 × 6,9 sm",3
Model,38599-999-889,1
Model,WS201,1
İnterfeys,USB Type-A 2.0,1
Portlar,1x USB-C 3.2 Gen 1; 4x USB 3.2 Gen 1; 1x HDMI; 1x DP; RJ45,2
Model,GWN7802P-PRO,1
Portlar,8 × GE RJ45 (6× LAN + 2× FortiLink A/B) + 2 × RJ45/SFP shared WAN + USB + konsol,1
Region SKU,WW02 · Power adapter daxil deyil,1
Duty cycle,80 000 səh/ay; tövsiyə: 6 000,3
Tip,Naqilli oyun qulaqlığı,16
Korpus,"SFF (Small Form Factor), qara",1
Ölçü,360 × 278 × 4.6 mm (M),3
Model,HP Z8 Fury G5,1
Bağlantı,"Wireless, RF Wireless",1
Part number,R9D17A,1
Form faktor,"19"" 1U rackmount",3
Rəng / korpus,"Military green, zərbəyə davamlı silikon rezin",3
Əlavə xüsusiyyətlər,"Barmaq izi oxuyucu; İşıqlı klaviatura; FHD + IR kamera; Korpus: Aluminium (top), PC-ABS (bottom)",5
Tələb olunan hub,Yandex Stansiya və ya Hub,9
Konsol,RJ45,3
Directivity,cardioid,2
Uyğunluq,Instant On AP11/12/15/17/22 Və 802.3af cihazlar,1
Sensor,Focus Pro 35K Optical,8
Part Number,4Z7X3AA,1
Cold start,✔️,4
Tip,İclas və konfrans zalları üçün peşəkar IP konfrans telefonu,1
RAM (bu konfiq),32 GB (2 × 16 GB) DDR4 RDIMM,2
Tip,Enterprise Layer 2+ Managed Switch,2
Wi-Fi diapazon,Dual-band (2.4 GHz / 5 GHz),1
Çəki,0.45 kq,1
Tip,Bütün ev üçün AC1200 Mesh Wi-Fi sistemi (2 modul),1
OS,Windows / macOS / Linux / Android 4.1+ (OTG),1
Cutting Type,cross,2
Ekran,"39.7"", WUHD 5120x2160, IPS, 120 Hz, 99% sRGB",1
Portlar,8 × GE RJ45 PoE+ + 2 × GE SFP + RJ45 konsol,2
Part number,OneScreenWebCam,1
Part number,2E-CBN5214BK,1
Form faktor,262-pin SO-DIMM,2
Part number,2E-SK3IN1,1
Forwarding,95.2 Mpps,1
Wi-Fi 7,MLO · Preamble Puncturing · 4K QAM · 320 MHz channels,1
Səmərəlilik,"93,5%",1
Qeyd,InsightPower G3 / Mini SNMP IPv6 (NEW),1
Audio kodekləri,"Genişzolaqlı HD Audio (G.722, iLBC), G.711a/u, G.729a/b",1
Part Number,64V61AA,1
Acoustic Formula,2.0,5
Sürətli şarj texnologiyası,"Quick Charge 2.0, Quick Charge 3+, Quick Charge 3.0, Quick Charge 4, Quick Charge 4+",1
Type of light source,LED,2
RAM,"8 GB DDR4 SODIMM (2 slot, maks. 16 GB)",4
Tip,"Enterprise Layer 2 access kommutator, AOS-CX (HPE Aruba CX 6000)",6
Model,Lenovo HDMI to HDMI cable,1
Pattern,Uni (cardioid),2
macOS,Bəli,6
Part number,8T0U4EA,1
Part number,RZ04-03241300-R3G1,1
Brauzer,Bəli,4
Çəki,513 q,1
Çəki,943 q,1
Qısaqapanma cərəyanı (Isc),"11,0 A",1
The number of light sources,36 ədəd yüksək fotosintetik effektivliyə malik yarımkeçirici işıqdiodu,1
Bright,250 cd / m2,6
Seriya,Razer Kraken Kitty V2,1
Qrafika,Intel Arc / Intel Graphics (inteqrə),2
Çəki,"17,1 kq",3
Oxuma / yazma,14200 / 11000 MB/s,1
Operativ yaddaş,32GB (2x16GB) DDR4 3200,1
Tip,LED lent uzadıcısı,1
Model,4GB 2Rx8 PC3-10600U-999,1
Part number,2E-MF300WCAPIBARAYW,1
Ölçü / çəki,"77 × 55.7 × 9.6 mm, 35 q",2
Brend,AOC,1
Model,HP ProBook 460 G11,2
Model,HP EliteBook 8 G1i 16,2
Vəziyyəti,Yeni (İstifadə olunmamış / Brand New),3
Model,MU008,1
Part number,0231A4B0,1
Rəng,Qızılı,1
Çəki,~55 q,1
Model,CD296,1
Socket,USB Plug&Play Windows və Mac üçün,1
Volume,0.0575 m³,1
LAN,1 × GE RJ45,1
Prosessor,Intel Core Ultra 5 228 V | 8MB cache,3
Model,US184,1
Tip,Gaming monitor,1
Part number,5E8R2EA,1
Təyinat,Universal,1
Hündürlük,241.3 mm,1
Dinamik,1.36 cm,1
Korpus materialı,metal,1
Polling,1000 Hz,22
Batareya tutumu,3600 mAh,1
AWG,30,4
Seriya,Liebert GXT5,1
Model,Lenovo ThinkVision S24i-30,1
Uyğunluq,"14""–16""",2
Ölçülər,545 × 599 × 338 mm,1
Xətt / SIP hesabı,"5 proqramlaşdırılan xətt / SIP hesabı düyməsi, 4 kontekstual soft-key",1
Güc,2.200 VA / 1.200 W,1
Tip,RGB desk-mat,1
Məlumat ötürmə,25 Gbit/s,1
Çəki,"13,9 kq",1
Hündürlük,9U (daxili 375 mm),1
Çəki,776 q,1
Model,LINK 230,1
App,BLUETTI App (Bluetooth),2
Mikrofon,"2 ədəd, aktiv səs-küy azaltma",11
Kağız çəkisi,60 - 200 q/m²,9
Tutum,5 Ah,1
Rəng,yellow,7
RAM,"4 GB DDR4 UDIMM (1 slot, maks. 16 GB)",3
Rəng,Qırmızı,8
Fəaliyyət radiusu,10 metrə qədər,1
Part number,8T0U1EA,1
Socket,3.5 mm 4x 3.5 mm (1/8 inch) gold-plated plug,1
Yaddaş,2 TB PCIe Gen4 NVMe™ TLC SSD,1
Tip,SFP+ Optical Transceiver,2
Rated power of PSU,250 W,2
Bağlantı,simsiz,1
Part Number,705L8AA,1
Batareya,AA (12 ayadək),1
Part number,4X90R61022,1
Xüsusiyyətlər,"Rəngli sensor ekran, Gigabit Ethernet, zənglərin idarə edilməsi, XML tətbiqləri",1
Kabel texnologiyası,10/100/1000Base-T(X),5
Əlaqə,"Gigabit Ethernet, USB-A (ön+arxa), USB-B, Wi-Fi 802.11 b/g/n, Wi-Fi Direct",1
DPI,1200 dpi,2
İnterfeyslər,USB (qidalanma 5 V) / mini jack,2
İdarəetmə / Diaqnostika,DDM / DOM (Digital Optical Monitoring) dəstəyi,1
Təsvir,Full-size wired mouse with a white soft-touch cover and a body of symmetrical shape.,1
Tutum,4TB,4
İdarəetmə,"Nebula Cloud və ya lokal Web/CLI; Smart L2 (VLAN, QoS, LACP, IGMP, ACL)",1
Təyinat,Server/workstation,10
Ötürmə sürəti,1.25 Gbps (Gigabit Ethernet),1
Qida,"12 V / 1.5 A adapter, maks. 18 W",1
Model,X755,1
Thunderbolt 4 PD,140 W,4
Tip,Outdoor Wi-Fi 6 Access Point,1
Ölçülər,453.1 × 181.3 × 37.8 mm,1
Part number,2E-MF300WFLORAGN,1
Part number,ST28000NM003K,1
Material,"600D parça, XPE köpük, polyester",1
EAN,0196188049471,1
Rəng,Silver,1
Tövsiyə olunan həcm,0 - 60000 səh/ay,1
HDMI,"4× in (1 ön + 3 yan), 1× out",7
Type,tilted,1
Model,Lenovo ThinkVision E27-40,1
Rəng,Sink örtüklü polad,1
Tip,Outdoor AX3000 Wi-Fi 6 Access Point,2
RAM,16 GB DDR5-5600,16
Section,1.5 mm²,2
EAN,0198415001641,1
Ölçü,32.8 × 12.1 × 8.1 mm,3
Kabel,"1.8 m USB-C → USB-A, örgülü",1
Çəki,5.52 kq,3
Anten,"4 × xarici omni, RP-SMA, 5 dBi, TX 23 dBm",1
Barkod,688130248785,1
Prosessor,Intel Core Ultra 7 265,1
Konnektor 2,3.5 mm,4
Skaner,Rəngli flatbed + 50 Vərəq ADF (simplex),1
Part number,428K6AA,1
Form faktor,288-pin UDIMM,16
Tip,workstation PCIe qrafik kartı (HP Z seriyası üçün),4
Güc,45 W (19.5 V / 2.31 A),1
CAS latency,CL46,9
Tip,Şəffaf korpuslu simli peşəkar oyun siçanı,1
Bildiriş,E-mail və SMS,2
Təyinat,Masaüstü kompüter sistemləri.,1
Part number,R8N88A,1
Host interfeys,DisplayPort,1
Qrafika,RTX PRO 500 Ada,1
Prosessor,Intel Core Ultra 7 256 V | 12MB cache,1
ANC,"Hybrid ANC, 43 dB-ə qədər",2
Part number,P13788-B21,1
Part number,RC81-03630116-0000,1
Təyinat,Noutbuk / mini PC,2
Seriya,addlink S95,3
Seriya,Kingston DataTraveler microDuo 3C,3
Əlavə,"media düymələri, wrist rest",1
Ölçülər,152.65 × 29 × 14 mm,1
Part number,006R04390,1
Tutum,"1920 GB (1.92 TB, enterprise ondalıq)",1
Laminasiya,ETFE,3
Davamlılıq,MIL-STD-810 q 516.6 (1.22 m düşmə testi),3
Part number,A40NLET,1
Part number,TS2TSJ25M3 q,1
Orijinal ekvivalent,Xerox 106R02773,1
Soyutma,Səssiz passiv soyutma (Fanless dizayn),1
Uyğunluq,HPE MSA 2060 / 2062,2
Yaddaş,512 GB-a qədər MicroSD kart dəstəyi və Tapo Care bulud saxlama,1
Switch,✔️,5
Part number,QSW-1108-8T,1
Part number,2E-MF300WGN,1
Model,5393-823-369,1
Model,Dell Pro 24 All-in-One QC24250,1
Part number,0231A0AL,1
Seriya,Xerox B305,1
Korpus,"Parça, plastik",3
Tutum,6 TB,1
Prosessor,"ARM Cortex-A9 800 MHz, 512 MB SDRAM, 256 MB flash",6
Part number,KF588CU42RSK2-48,1
Forma faktoru,1U 19 düym Rackmount.,1
Form faktor,Rackmount 6U (rail kit daxil),1
Cavab,1 ms GTG (Gray to Gray),2
Recommended desktop thickness (clamp fastening),10 mm - 80 mm,5
"Full ""arm"" length",465 mm,2
Barkod,4895252503173,1
Səs,45 dBA,1
Tip,External Battery Cabinet (EBC),2
USB-C port sayı,3,1
Empedans,65 Ω,6
Part number,ECS2552FP,1
İlk səhifə (qara),"7,7 san",2
6.35 mm,Xeyr,1
Bağlantı,Bluetooth 5.3,3
Part number,RZ02-04920300-R3M1,1
Model,YNDX-00027BLK,1
For documents,✔️ partition of fabric,1
Form faktor,"2.5"" SFF, MSA M2 daşıyıcı",2
Part number,40BC0135EU,1
Color finish,black,1
İnterfeys,"PCIe Gen4 x4, NVMe 1.4 (Gen3-ə geriyə uyğun)",1
Yaddaş,32 GB,1
Tip,USB-C → 3.5 mm audio adapter kabeli (M/F),1
Part number,ST16000NT001,1
Tip,USB4 Type-C → 10GBASE-T adapter,1
Part Number,BS1T6AA,1
Paket ötürmə sürəti,14.88 Mpps,1
Adjustments,tilt ±45° / turn ±90° / rotation ±180°,1
Rəng / dizayn,D02 multicolor,1
Ekran,LED displey (saat və məlumat),4
Ekran,"16.0"" 16:10 WVA FHD+ 1920×1200, 60 Hz, 250 nit, 45% NTSC, anti-glare, ComfortView, toxunma yox",1
Səs idarəsi,Touch,1
Sürət,10/100/1000 m və 2.5GBase-T,1
Part number,400-BLFB,1
USB,6 port / USB Type-A,1
Ethernet,"10,100 Mbit/s",1
Switch,CHERRY MX Red,2
Fibre Channel,Yes,1
MAC cədvəli,32K,10
Portlar,"HDMI, DP, 2×TB4, USB-C, USB-A, RJ45 2.5GbE, audio",1
Maximum load,50 kq,1
Tip,"Smart Managed Lite-L3 Gigabit kommutator, 10 q uplink, NebulaFlex",2
Model,UCM6304A,1
Part Number,639N9AA,1
Part number,R9B36A,1
Part number,9YF82A,1
Əlavə xüsusiyyətlər,FHD + IR kamera; ThinkPad Hybrid USB-C with USB-A Dock; hybrid kabel; dual video; USB hub; RJ45,1
Əməliyyat sistemi,OS yoxdur (FreeDOS/No OS),23
EAN,0199251514630,1
Səs,THX Spatial Audio,3
Ölçülər (H×E×D),"177,8 × 440 × 620 mm",1
Part number,1F3Y2A,1
Uyğunluq,"FG/FWF 60E/61E, 60F/61F, 80E/81E, 80F/81F (təchizatçı siyahısı)",1
Stereocüt,Bəli (iki Mini 2),7
Seriya,WT Com-Box (WTC),2
Qalınlıq,3 mm,6
Tövsiyə olunan həcm,400 - 800 səh/ay,6
Model,YNDX-00532,1
The sensitivity (negative value),"- 42 dB +/- 1 dB / 0 dB = 1 V / Pa, 1 kQts",1
Part number,2E-PCS231BK,1
Part number,P18436-B21,1
Part number,8Y2F7AA,1
Xüsusiyyət,cable management system / rotation: ± 180° / VESA quick release plate,1
Komplekt,"HDMI, qida, USB Touch, 2× stylus, maqnit silgi, pult",3
İnterfeys,SATA 6 Gb/s (model kodu E6),1
Tezlik diapazonu,110–16 000 Hz,4
Model,BVX1600LI-GR,1
USB-C2 çıxış,5 V/3A · 9 V/3A · 12 V/2.5A · 15 V/2A · 20 V/1.5A · 30 W maks · PPS 3.3–11 V/2.75A,3
Anti-ghosting,N-key rollover / 100% anti-ghosting,16
Part number,JL726B,1
Standart,USB 2.0,5
PoE,740 W PoE+,2
Sensor,1000 DPI dəqiqlikli optik sensor,1
Seriya,Razer Wireless Control Pod,1
Daxili yaddaş,Yoxdur (SSD FG-31 q-dədir),1
Tip,Topload / briefcase noutbuk çantası,1
Həcm,2 GB,3
Tip,AC ehtiyat qida bloku (PSU),1
Part number,FG-61F,1
Scroll,Wheel,2
İş yükü,550 TB/il; 24/7; RVS (iki sensor); Triple-Stage Micro Actuator,1
Ölçülər,66 × 22 × 130 mm,1
Maks. güc gərginliyi (Vmp),"19,6 V",1
Volume,0.0012 m³,1
XLR,Bəli,1
Ölçülər (U×E×H),151 × 65 × ~97–100 mm,1
EAN,0196188567333,1
Horizontal viewing angle,178,2
Standart,"CE, TS IEC 60884-1",1
Part number,PSR150-A1-GL,1
Tip,Instant On Secure Gateway SG2505P,1
Model,"Dell Targus Meridian II Toploader 15.6""",1
Xüsusiyyətlər,Tablet bölməsi; RFID resistant; suya/kirə davamlı,1
Application,For PC,2
Tip,"Seagate Exos X24 3.5"" enterprise HDD (512e/4Kn FastFormat, ISE)",3
Bağlantı,2.4 GHz USB-C dongle,2
Part number,2E-MF300WPETSGN,1
Seriya,Razer Pro Type Ultra,1
Form faktor,"Tower, 165 × 160.2 × 220.5 mm",2
Model,Dell E5 65 W AC Adapter (EURO) KIT,1
Model,Dell Premier KM7321 W,1
IPS,5.3 Gbps,3
Saxlama temperaturu,−20 – 60 °C,13
Brend,Generic / OEM (Desktop RAM),4
Batareya / adapter,"86 Wh, 4 cell, 100 W adapter",1
Tip,A/b lazer MFP (print / copy / scan — faks və Ethernet yoxdur),1
Uyğunluq,"PC, PS5, PS4, Xbox Series X|S, Xbox One. Software Compatibility: NGENUITY",2
Tip,TWS + 2.4 GHz oyun qulaqlığı (Cloud MIX Buds),1
Çəki / ölçülər,3.0 kq (6.6 lbs) | 539.4x183.0x434.0 mm,1
Part number,RZ03-04470800-R3R1,1
Təşkil,1 modul (tək DIMM),4
Oxuma / yazma,560 / 470 MB/s,1
Hərəkət diapazonu,360° üfüqi və 114° şaquli fırlanma,1
İdarəetmə,"Nebula Cloud, controller-managed və ya standalone",1
Laptop Form Factor,"16""",6
İlk səhifə,8.5 san; ilk copy: 10 san,2
Ölçü (H×W×L),40.5 × 216 × 160 mm,6
Çəki (netto),1.37 kq,1
Model,CP-7937 q,1
Model,MK401 Wired Combo (2E-MK401UB_UA),1
- Transfer 1 q File in 30 Seconds,"Adopting the USB 2.0 standard with a data transfer rate of 480Mbps, this type c cable can quickly transfer files, pictures, movies and music. [Note: Video output to monitor is not supported]",1
Saat,Var,16
Tip,DDR3L SDRAM (Aşağı enerji sərfiyyatı - Low Voltage),1
Rəng əhatəsi,"NTSC 72%, sRGB 106%",1
Part number,407-BCBN,1
Yaddaş,1024 MB,1
Part Number,BS1U0AA,1
Simsiz,Wi-Fi 6E + Bluetooth,2
Paket yönləndirmə sürəti,7.44 Mpps,1
Tip,25GbE SFP28 SR optik transceiver,1
Support for parties,16:9,6
Part number,Panel86,1
Compatibility with fasteners VESA,75x75 mm / 100x100 mm / 100x200 mm / 200x100 mm / 200x200 mm / 200x300 mm / 200x400 mm / 300x200 mm / 300x300 mm / 300x400 mm / 400x200 mm / 400x300 mm / 400x400 mm / 100x150 mm…,1
Ölçülər (H×E×D),"16 × 12 × 35,5 cm",1
Portlar,"HDMI, DP, USB hub",1
USB çıxışı,5 V / 1 A,1
Maks. cərəyan,16 A,3
USB PD (maks.),24 W,1
Bağlantı,Bluetooth 5.1 / 2.4 GHz RF,1
Tip,1-bay tower NAS,1
Radio / sürət,2×2:2 MU-MIMO — 400 Mbps (2.4 GHz) + 867 Mbps (5 GHz),2
Model,Lenovo ThinkPad X9-15p Gen 1 Aura Edition,1
Batareya,50 saat (haptik/işıq sönülü),1
Connecting an external battery,✔️ 4 pcs × 12 V 9 Ah (optional),1
Part number,RZ04-05220300-R3M1,1
Ethernet tipi,Gigabit Ethernet,6
Portlar,2× USB Type-C çıxışı (iki cihazı eyni vaxtda ağıllı güc paylanması ilə sürətli şarj edir),1
Model,Dell Pro 14–16 Premium EcoLoop Briefcase CC7625,1
Xarici batareya,GXE3-EBC72VRT2U (4 ədədə qədər),1
Model,YNDX-00055-BLACK,1
Ümumi güc,65 W,11
Volume,0.0048 m³,1
Seriya,Razer Ornata V3 TKL,1
Form faktor,"2.5"" (7 mm hündürlük)",3
Tip,Naqilli oyun qulaqlığı (Cloud Stinger 3),1
Part number,64B5KAT1EU,1
Əlavə xüsusiyyətlər,ThinkPad Universal USB-C Dock; dual display; USB-C upstream; RJ45; USB-A/C downstream; 90 W adapter dəsti regiona görə,1
Disk yuvası,1,1
Model,Dell OptiPlex 5000 SFF,1
Part number,AP5TBAC533B-1,1
Volume,0.0055 m³,1
Harmonik təhrif,1%,2
Genişlənmə,"1 × PCIe Gen4 x16 half-height, 1 × PCIe Gen3 x4, M.2 SSD, M.2 WLAN, 3 × SATA 3.0",1
EAN,190017103754,1
Tutum,18 TB,1
Model,Dell Optical Mouse MS116,1
EAN,0196188047453,1
Qabıq materialı,Nylon/Polyvinyl Chloride (PVC),1
Portlar,8 × Gigabit Ethernet,2
Tip,Smart Managed Layer 2 Gigabit kommutator,1
Çap sürəti,36 ppm Letter / 34 ppm A4,3
Part number,AG16GB32C16S4UB,1
Stereocüt,Bəli (iki Stansiya 2),3
Part number,P40497-B21,1
Qeyd,IronWolf Health Management; Rescue 3 il; 600 000 load/unload,1
Model,SRT3000RMXLI,1
Simsiz,"Intel Wi-Fi 6 AX201 2×2 (802.11ax) + Bluetooth, Gigabit RJ-45",1
Kimya,Sealed Lead-Acid (SLA),4
OS Compatibility,Windows 10/7 and earlier versions / Mac OS / Linux,1
Parlaqlıq,400 cd/m²,7
Model,"HP Laptop 14""",1
EAN,0197029651235,1
Təyinat,"Entry-level serverlər (HP MicroServer, Dell PowerEdge T20/T110) və iş stansiyaları.",1
İzleme,650 IPS,10
Uyğunluq,HPE ProLiant Gen10 Plus (DL360/DL380 Və s.),1
Seriya,PanaCast 50,1
Portlar,8 × 2.5GbE · 16 × GbE RJ45 PoE,1
Part number,Panel55,1
Layout,1 x 8 GB,4
Sektor,512e,17
Ekran,"4.3"" rəngli toxunma paneli",1
Part number,4ZB84A,1
Seriya,BIZ 1500,3
Notebook compartment (ShhVhT),"29 x 39 x 3,6",1
Part number,A40NPET,1
Rəng,kosmik boz,5
Oxuma / yazma,200 MB/s / 60 MB/s,2
Çap texnologiyası,Termal transfer çap,1
Switch,HyperX Red,1
Model,X703,1
Seriya,Razer BlackShark V3 Pro,2
Adapter/PSU,160 W,1
- Hündürlük tənzimlənməsi,150 mm,1
Model,Dell 2.4TB 10k 512e SAS ISE 12Gbps 2.5in Hot Plug Hard Drive,1
IoT,Onboard BLE + Zigbee · USB 2.0,1
İş prinsipi,DTSPB321XL-CD20 (TX1330/RX1270) modulu ilə cüt istifadə olunur.,1
IoT,BT / BLE,1
Tip,Carrier-Grade IP Phone,12
EAN,4549821410309,1
Part number,2E-CBN417BK,1
Komplekt,multi-purpose montaj bracket + vintlər (PSU yoxdur),1
Format,microSDXC,12
Recommended resolution,1920x1080,3
Çəki,"10 kq shelf, 5 kq camera stand",1
Volume,0.0008 m³,1
Ölçülər,154.3 × 70 × 29.8 mm,1
Keycap,Double-shot PBT,1
Part number,ST32000NM004K,1
Yazma,CMR + ePMR (EAMR); HelioSeal helium,1
Təyinat,Server sistemləri və iş stansiyaları üçün.,1
Ölçülər,421 × 435 × 384 mm,3
For accessories,"✔️ qida bloku və siçan, yazı ləvazimatı, qeyd dəftəri və s. yerləşdirməyə imkan verir",1
Part number,7Y064EA,1
İnterfeys,SATA 6 Gb/s,17
Şəbəkə,1 × 2.5GbE + 1 × 1GbE,2
RAM,32 GB LPDDR5X-8533 (lehimli),1
Çıxış,"Hardwire + 6 × IEC C13 + 2 × IEC C19, 200/208/220/230/240 V",1
Düymə sayı,106,1
Model,YNDX-00025-PURPLE,1
Model,Lenovo Wireless Multi-Mode Pro Plus Mouse 6050,1
Part number,006R04389,1
Kartric,"HP 117A Black Original Laser Toner Cartridge (1,000 pages) W2070A; HP 117A Cyan Original Laser Toner Cartridge (700 pages) W2071A; HP 117A Yellow Original Laser Toner Cartridge (700 pages) W2072A; HP 117A Magenta Original Laser Toner Cartridge (700 pages) W2073A",1
Tip,L2 Ethernet Switch (Fiber),1
Uzunluq,70 m,1
Music time,24 saatə qədər,1
Part number,2E-R2723BV-01.UA,1
Dalğa,1310 nm (SM),2
Kağız,150 Vərəq əsas + 1 əl slotu,3
Uyğunluq,Intel 600/700 Və AMD 600 DDR5 masaüstü,2
Şarj müddəti,iki DualSense eyni vaxtda; USB qidalanma,1
Part number,P26262-B21,1
Tip,AV transmitter & receiver,1
Çəki / ölçülər,6.9 kq (15.2 lbs) | 611.9x204.5x544.3 mm,1
Xətt sayı,"6 proqramlaşdırılan işıqlı xətt/funksiya düyməsi, 4 dinamik soft-key",1
Duplex çap,Manual,2
Kağız çəkisi,60 - 325 q/m²,1
Tip,simsiz oyun pultu,1
Tipik doldurma müddəti,"1,5 saat",1
Portlar,48 × RJ-45 10/100/1000,3
Part number,FS-124F-FPOE,1
Seriya,Xerox B315 (B305 + faks + single-pass DADF + yüksək sürət),1
Forma,60%,1
Tip,İdarə olunmayan Layer 2 Gigabit kommutator (HPE Instant On 1430),5
İlk səhifə (rəng),21 san,6
Akselerasiya,"SP5 ASIC, TPM, BLE, fanless",2
Yaddaş kartı,"microSD / SDHC / SDXC, yalnız UHS-3; maksimum 64 GB",1
Uyğun məhsullar,"Apple MacBook Pro 13"""" 15"""" 2019/2018/2017/2016, MacBook Air 13"" 2020/2019/2018, MacBook 12"" 2017/2016/2015, iPad Pro 11"" 12.9"" 2020/2018",4
Ölçülər,182.0 × 36.0 × 178.0 mm,2
Təyinat,Masaüstü / gaming PC,8
Ekran,"27"" QHD (2560×1440) 100 Hz",1
Part number,63DFKAT4EU,1
Optimizasiya / sertifikat,Microsoft Teams,2
Tezlik diapazonu,70–20 000 Hz,5
EAN,0196188567302,1
Maximum sound pressure level,110 dB,3
Part number,2E-KG315UBK_AK,1
Tutum,28 TB,1
OEM kod,CE413A,1
Korpus,1U rackmount; opsional FRPS-740,3
Tip,Lazer printer,7
Tip,Oyun siçan altlığı,6
Model,WS207,1
Part number,3B1W4AA,1
Part number,ad1TBS20S3S,1
Ölçülər,152.65 × 26 × 10 mm,1
Ekran,"16"" WUXGA (1920×1200) 60 Hz",1
Part number,JL724A,1
Notebook compartment (ShhVhT),27.5x40x4 cm cm,1
Tip,membran klaviatura,2
Stereocüt,Bəli (iki Strit),4
Part number,ad2TBG55HM2P,1
Konektor,SFP+ ↔ SFP+,2
Ölçü,16.6 × 29.9 × 8.44 mm,3
Kontrast,1200:1,3
Uyğunluq,HPE ProLiant Servers,1
Nümunə,96 kHz,1
Prosessor,"Intel Core i9-14900 (24 nüvə / 32 axın, 2.0–5.8 GHz, 36 MB keş, 65 W)",3
Çəki,30 kq,1
Layout,EN/UK/RU,4
Rəng,Yaşıl fon üzərində qara yazı (Black on Green),1
Maks. video çözünürlüyü,1920 x 1200 pixels,1
Həll (rəng),4800 × 1200 dpi (optimize),2
Display,✔️ LCD,2
Çəki,5.7 q,2
Part number,KVR56S46BD8-32,1
OS,"Windows, macOS, Linux",9
Ölçülər,363 × 96 × 111 mm,1
Audio Formatlar,"AAC, SBC kodekləri",1
Matter,Matter over Wi-Fi,17
Barkod,1210002615082,1
Yaddaş (bu konfiq),"1 × 480 GB SATA RI SSD; korpus 8 × 3.5"" SAS/SATA",1
Duplex çap,Avtomatik,4
Part number,ECS1528P,1
Qoruma,"Over current, Over voltage, Overheating, Short circuit",6
Rəng,99% DCI-P3,5
The keys,low,2
RAM,32 GB DDR5-5200 (2x16 GB),1
Ölçülər,22 × 66 × 106 mm,1
Part number,JL675A,1
"Cord length, m",5,2
Model,Lenovo ThinkVision P49 W-30,1
Part number,5Z7D9AA,1
Part number,4SB24A,1
Power supply frequency,50 Hz,2
Part number,2E-SPEED-XL-D07-PRO,1
Volume,0.0043 m³,2
Form faktor,"2.5"" (7 mm)",12
Fiber tipi,Single-Mode (SM),1
Part number,GXTRT-1500IRT2UXL,1
Çəki,1360 q,3
Tip,simsiz siçan,2
Tip,Hərəkət və işıqlandırma sensoru,1
Part number,TS-1232PXU-RP-4 q,1
Yaddaş (bu konfiq),512 GB M.2 PCIe NVMe SSD,1
Tutum,48 GB,4
Zəmanət,Limited lifetime,1
Prosessor,1600 MHz,1
Model,Dell Pro Dock WD25,1
Seriya,Razer Barracuda X Chroma,4
Tip,"1 q SFP optik transceiver, Instant On",2
The minimum frequency of the perceived,65 Hz,2
Daşıyıcı,Basic Carrier (BC),2
Part number,40ALLG1WWW,1
Batareya tutumu,10000 mAh,2
İlk səhifə (qara),"8,3 san",1
Part number,RZ02-04890100-R3M1,1
Model,HP Z8 Tower G5,1
Part number,AP64GAH25BR-1,1
Rəng,Kosmik Boz / Ağ,1
Peculiarities,plug-and-play / dynamic backlight with adjustment,1
İş yükü,550 TB/il; 24/7; RV sensor; PowerChoice / PowerBalance; hot-plug,4
Tip,"Simsiz oyun qulaqlığı (Cloud III S Wireless, qara-qırmızı)",1
Qidalanma,2× AAA batareya (uzunmüddətli enerji qənaət rejimi),1
Seriya,Razer Viper V3 HyperSpeed,1
Volume,0.0187 m³,2
Model,Dell Broadcom 5719,1
Çəki,17.5 kq,1
HDMI,2 × HDMI 1.4b (4K30),1
Fiber tipi,Multi-Mode (MM),4
Tip,Simsiz HDMI extender (transmitter + receiver),1
RAM (bu konfiq),16 GB DDR4 RDIMM 3200 MT/s,1
Part number,2E-BSSLWBN,1
Seriya,Razer Basilisk V3 X HyperSpeed,1
Portlar,2 × SFP · 4 × GbE WAN/LAN,1
Standart,"25GBASE-SR, 850 nm",1
Part number,RZ01-03900100-R3M1,1
Ekran,"15.6"" Full HD (1920×1080) IPS/UWVA, anti-glare 300 nit 144 Hz",6
Həll (qara),1200 × 1200 dpi,2
Çəki,61 q,2
Tezlik,10–28000 Hz,3
Brend qeydi,"Seagate disk, QNAP kanallı satış SKU",3
Part number,63CFMATXEU,1
Wi-Fi,Wi-Fi 6 Access Point,1
Application,For PC / For video cameras / For mobile devices,3
Çəki,6.38 kq,1
Ekran,"14"" WUXGA (1920x1200), IPS (ThinkBook 14 G8 platform)",1
Additional information,"""restart"" function / cold start function",1
Range of action,up to 18 m,4
Model,Alienware AW2524HF,1
Batareya / adapter,100 W adapter,5
Forwarding,74 Mpps,3
Əlavə,One Touch Auto-backup; Transcend Elite; RecoveRx bərpa proqramı,1
Kommutasiya tutumu,20 Gbps,1
Seriya,"Yandex Stansiya Layt (1-ci nəsil, 2021)",5
İş yükü,Mixed Use (MU),6
Type of matrix,IPS,5
İnterfeys,"USB-C + USB Type-A, USB 3.2 Gen 1 (5 Gbps); OTG",3
Çəki,1.72 kq,1
Part number,20G05A,1
Model,Lenovo USB-C Dual Display Travel Dock,1
Tip,"FortiGate 100F-LENC — 1U NGFW + SD-WAN, Low Encryption (export) SKU",1
Part number,ST10000NM017B,1
Uyğunluq,MagSafe avtomobil tutacağı / maqnit şarj,1
Yaddaş (bu konfiq),"1 × 480 GB SATA RI SSD 2.5"" hot-plug, 1 DWPD",1
Holes for expansion slots,4 pcs,2
EAN,0197497651058,1
Tövsiyə olunan həcm,350 - 2500 səh/ay,4
Inputs,D-Sub / 3.5 mm Mini-Jack / 1 x HDMI,1
Dalğa,Təmiz sinus,4
Model,ED018,1
USB hub,✔️ 2 x USB 3.0,2
Bluetooth,Daxili Bluetooth headset dəstəyi,1
Brend,2E,8
Çəki,240 q,7
Vəziyyəti,Yeni (Orijinal qablaşdırmada),12
Part number,BK9Z1EA,1
Part number,6B8U7AA,1
Barkod,681920370840,1
Data xətti qorunması,RJ-45 Ethernet,2
Model,SFP-XG-SX-MM850-E,1
Xüsusiyyətlər,"Suya, cırılmaya, solmaya və silinməyə davamlı, asan qopan bölünmüş arxa qat (Easy Peel)",1
Volume,0.0029 m³,1
Part number,R2W96A,1
Part number,C235V_DNI,1
Mikrofon tipi,Built-in,3
Adaptive Sync,FreeSync Premium,4
Ekran ölçüsü,"31.5""",2
Model,Nexode Mini 20 W (CD318 / P/N: 90664),1
HDMI,"3× in (1 ön + 2 yan), 1× out",3
LED,İkili rəng status LED,3
The sensitivity (negative value),-20 dB ± 1 dB (1 kHz-də),1
Standart,1000BASE-T,1
Ölçü,133.35 × 31.25 mm,2
Material,Alüminium,1
Çıxış interfeysi,Bluetooth,1
Ötürmə,155 Mpps,2
Ölçü (D×E×H),157 × 173 × 39.1 mm,1
İlk səhifə (qara),10 san,1
Part number,D15JSEA,1
Ölçülər,107x59x27 mm,13
Model,Dell 6-in-1 USB-C Multiport Adapter DA305,1
Model,HP 305A Yellow Original LaserJet Toner Cartridge,1
Part number,RZ04-03240700-R3M1,1
Model,X707,1
Model,PB311,1
USB-A çıxış,1,2
Çəki,562 q,1
Seriya,Speak2 55,1
Uyğunluq,HP ML150 Gen9,1
Part number,R9Y03A,1
Xüsusiyyətlər,Nəmə və kimyəvi təsirlərə dözümlü plastik lent,1
Təyinat,Masaüstü PC,12
Uyğunluq,"Huawei P40/ P40 Pro /P30 Pro/ P20 / P20 Pro / Mate 20 Pro / Mate 10 Pro / Nova 5 / Nova 5 Pro, Huawei MediaPad M6 10.6 / MediaPad M6 8.4 / MediaPad M5 8.4 / MediaPad M5 10.8 / MediaPad M5 Pro 10.8, Honor 20 / 20 Pro / Note 10 / Magic 2, Xiaomi Mi 10 / Mi 10 Pro / Mi 9 / Mi 9 SE / Mi 8 / Mi 8 SE / Mi 8 Lite / Mi 6 / Mi 6X / Mix 3 / Mix 2 / Mix 2S / Note 3 / Blackshark 2 / Blackshark Helo, OnePlus 8/ 8 Pro / 7 / 7 Pro / 7T / 7T Pro / 6T, Smartisan Nut 3 / Pro 2 / Pro 2S, OPPO Find X / R17 Pro.",1
Noutbuk,"17.3""-dək",1
Part number,OneScreenCast,1
Part number,2E-MF211WB,1
Dönmə,7200 rpm (latency 4.16 ms),13
Maks. data sürəti,480 Mbit/s,6
Client,256-ya qədər,3
Model,NP12-12,1
USB-A çıxış,2,1
Part number,869081-B21,1
Bağlantı,"Wireless, USB Type-A",2
Part number,2E-KS270WBWH,1
Starter,K 2 400 / CMY 2 000 səh (qutuda),1
Prosessor,"12-ci nəsil Intel Core i5-12500 — 6 nüvə / 12 axın, 18 MB, 65 Vt, 3.00–4.60 GHz",1
Ekran,"Dual ekran: 2"" arxa toxunma + ön selfie ekranı (ön ekran toxunma deyil)",1
Part Number,RDU101,1
Çəki,0.79 kq,1
CAS latency,21,1
Seriya,addlink S90 Lite,1
Seriya,GT Network (GTN) W-600,1
Volume,0.0003 m³,18
Qida,1 × 800 W Flex Slot Titanium hot-plug,1
Portlar,24 × 10/100/1000BASE-T Class 4 PoE,2
Şəbəkə,1 × 2.5GbE + 2 × 1GbE,1
Part number,D06LCEA,1
Tip,Enterprise HD IP Phone,3
Pulsasiya əmsalı,<1%,1
Rəng,Titan Grey,1
Part number,CF412A,1
Model,Dell 27 Plus S2725DSM,1
EAN,0196786000362,1
Random yazma (4KB),14000 IOPS,1
Form faktor,"1U short-depth, 43.3 × 430 × 292.1 mm",1
Qablaşdırmada,Akaso Brave 8 x1 / Battery x2 / Charging Case x1 / Remote Control x1 / Mount x9 / USB Cable x1 / Lens Cloth x1 / Tethers x5 / Quick Start Guide x1,1
Cihaz interfeysi,RF Wireless + Bluetooth,2
Oxuma sürəti,510 MB/s,1
Tövsiyə olunan həcm,100 - 500 səh/ay,3
Model,Lenovo ThinkPad X9-15 Gen 1,2
Part number,EWS7952FP-FIT,1
Model,HP S5 527sf FHD,1
Soket,E14 (şam forması),1
Yazma,CMR + FC-MAMR; 9 disk helium,1
Oxuma / yazma,7000 / 3900 MB/s,1
Part number,AP128GAH25BR-1,1
Sensor / linza,"Dual 1/2"" 48MP CMOS, diafraqma f/2.25, ekvivalent fokus 7.6 mm",1
Tip,Standart dərinlik 1U/2U rack slide rels,1
Komplekt,PoE injector + montaj vintləri + xarici antennalar,1
Forwarding,42 Mpps,2
Anten,İnteqrasiya olunmuş omni,3
Giriş qabı,500 Vərəq,1
Part number,0231A7R2,1
Seriya,Razer BlackWidow V4 Low-profile TKL HyperSpeed,2
Ekran,"16"" 2.5K (2560×1600) IPS/UWVA, anti-glare 500 nit 240 Hz",1
Forma,1800 kompakt (numpad yoxdur),2
Anten,"2 × inteqrasiya olunmuş omni, TX 20 dBm (2.4/5 GHz)",1
Tip,EnGenius FitController — Fit seriyası üçün lokal idarəetmə platforması,1
İş temperaturu,−20°C … 60°C,1
EAN,0197498115382,1
Ölçülər (U×E×H),"314 × 209,5 × 255,8 mm",1
Part number,TS500GESD270C,1
Ölçü,143.3 × 92.9 × 20.1 mm,1
Çəki,71 q,2
USB,"5× (2× ön 3.0, 2× yan 3.0, 1× yan 2.0) + 2× Touch USB 2.0",7
Scroll,HyperScroll,5
İnterfeys,Wireless+USB USB adapter + 2 Bluetooth modes,1
Qoruma,"Short circuit, Overcharge, Overheating, Over current, Overload",2
Part number,006R04825,1
Part number,21LK003FRT,1
OS,QTS/QuTS hero 5.0.0.2309+,1
ECC,Yes,3
Barkod,680051627946,1
Daxili kabel,təxminən 0.5 m USB-C,1
Dupleks,Əl ilə,13
DRAM keş,External DDR4 @2666 (2×1 GB Hynix — TPU 2 TB review),1
Part number,9SV94AA,1
Material,Memory foam / parça,1
Rəng,Çoxrəngli,1
Part number,WUH722016CLE6,1
İdarəetmə,Web UI,1
Amount,2 pcs,2
Simsiz şarj,Xeyr,4
Qeyd,"SkyHawk Health Management; 600 000 load/unload; işçi 3.7 W, idle 2.5 W; 0–65 °C",1
Tip,"FortiAP 231 q — indoor Wi-Fi 6E Access Point, region E",1
Bağlantı,"3.5 mm (çıxarılan örgülü kabel, in-line idarə)",2
DWPD,1 (gündə yazma),3
Tezlik diapazonu,45–20 000 Hz,4
Ümumi güc,30 W,6
Yaddaş,512 GB SSD | M.2 2280 | PCIe 5.0 | Opal 2.0 | TLC,1
Model,HP EliteBook Ultra 14,1
MTBF,919 583 saat,1
Paket ötürmə sürəti,77.38 Mpps,1
Batareya,qulaqlıq + keys; USB-C şarj,1
Wi-Fi,"IEEE 802.11 a/b/g/n/ac (2,4 Və 5 GHz)",4
Zəmanət,"3 il (Dell PowerEdge limited hardware, regiona görə)",7
Tip,"2.5"" SATA SSD",7
Görüntü imkanı,3440 × 1440 @ 175 Hz (DP),1
Tətbiq,Fərdi / kiçik görüşlər,1
Səs,"Full-duplex, AEC, səs-küy ləğvi, HD",1
Giriş,100–240 V ~ 50/60 Hz 1.8A maks,4
Power consumption,200 W,1
İlk səhifə (qara),14 san,7
Güc,USB bus-powered,1
Model,Dell 16GB - 1Rx8 DDR4 UDIMM 3200MHz ECC,1
Model,HP S5 524sa FHD,1
Skaner,Rəngli + 100 Vərəq single-pass DADF (104/98 ipm Letter/A4),1
Təyinat,Noutbuk daşıma,1
Əlavə xüsusiyyətlər,"SSD Opal şifrələmə; Korpus: Models with 2.8K OLED display: carbon fiber (top), magnesium (bottom)",1
Rank / təşkilat,2RX8,3
Model,Lenovo ThinkVision T27QD-4 V,1
Model,Lenovo ThinkPad T16 Gen 4,4
Güc,10.000 VA / 10.000 W (unity PF),1
Part number,FN-TRAN-SX,1
USB,2 × USB 3.2 Gen 2 Type-A + 2 × USB 2.0,8
Genişlənmə,B210P / B230 / B300 ilə (rəsmi uyğunluq),1
Ethernet sürəti,"10,100,1000 Mbit/s",3
Konnektor 2 forma,Angled,1
Material,Plastik,11
Seriya,Kingston XS1000,4
Model,GWN7701,1
Maks. data sürəti,5 Gbit/s,1
Part number,EWS357AP,1
Sertifikat,"RoHS, FCC",1
Ekran,"34"" WQHD (3440×1440) VA, anti-glare 250 nit 60 Hz",1
Part number,883S3EA,1
Uzunluq,15 sm,1
Mikrofon,"4 ədəd, tanınma 7 m-ə qədər, insan aşkarlama",5
Built-in speakers,✔️,1
Part number,8X9C9EA,1
Model,YNDX-00501,1
Model,GWN7702P,1
Part number,21R3005XFW,1
Receiver,HDMI + VGA + USB-C qida + 3.5 mm audio,1
OEM kod,CF211A,1
Kartric sayı,1,18
Seriya,Xerox B310,1
Mikrofon,HyperClear Cardioid (çıxarılan),4
Model,CP-8945-K9 (Hardware V02),1
Part number,2E-PCS203BK,1
Ethernet,1 × 10/100 Mbps,5
RJ-45 port,2,3
Çəki,635 q,1
Ölçü (D×E×H),258 × 275 × 44 mm,1
Tezlik diapazonu,20–20 000 Hz,7
Komplekt,AA battery / mouse,3
Reach,10 m,2
Type-C in,"3× (ön 100 W, yan 15 W, üst webcam)",7
Uzunluq,1.2 m,1
Model,YNDX-00523,1
Xətlər / SIP,2 lines · 2 SIP accounts,9
Davamlı ötürmə,"210 MB/s (davamlı, OD)",1
PSU,Internal,2
Protection,Child Safety Protection / IP 20,2
Çəki,19 q (qulaqlıqlar),1
Uyğunluq,"GXP2140, GXP2170, GXV3240",1
Çəki,0.99 kq,1
Overload qorunması və siqnal,Bəli,1
Switch,Analog Optical Switches,1
PoE / qidalanma,802.3at default (USB işləyir); 802.3af — USB söndürülür; maks. 17 W; injector GPI-130 ayrı,1
RAID dəstəyi,"PERC H355/H745/H755, HBA355i",1
Adaptive Sync,NVIDIA G-SYNC ULTIMATE,1
Prosessor,"Intel Xeon w3-2425 (6 nüvə / 12 axın, 3.0–4.4 GHz, 15 MB keş, 130 W, ECC)",1
Part Number,A59Z0AA,1
Laptop Form Factor,"14.1""",1
Part number,RZ04-05410200-R3M1,1
Port,2 × SFP+ FC,1
Gecə görüntüsü,30 metrə (98 ft) qədər güclü infraqırmızı gecə görmə məsafəsi,1
USB-A çıxış,5 V/3A · 9 V/2A · 12 V/1.5A · 22.5 W maks,1
Part number,R4W02A,1
Yükgötürmə,100 kq / 220 lb,1
NGFW,1 Gbps,4
Portlar,USB-C · 3.5 mm headset,1
Model,MF110 (2E-MF110UB),1
Növ,"2.5"" portativ xarici HDD (StoreJet 25M3, Military Green)",2
Type of converter,condenser elektret,3
Çəki,41 q,2
Material və Çəki,"Dayanıqlı ABS plastik, Çəki: 700 q",1
Ekran,5.6 düym (640 × 480 piksel) 24-bit sensorlu rəngli TFT LCD (Touchscreen),2
OEM kod,CF351A,1
İş temperaturu,0 - 55 °C,1
Rəng,Eclipse Gray,2
Cərəyan / güc,16 A / 4000 W (250 V),3
Model,CD161,1
Tilt angle,from -5 to +15°,5
Part number,TRX-25GSFP28-SR,1
Volume,0.0158 m³,1
Part Number,872V1AA,1
Portlar,Thunderbolt 4,1
Xüsusiyyət,curved displays support / compatible tabletop thickness: 10-84 mm,1
İnterfeys,"USB 3.2 Gen 2, USB-C (10 Gbps), USB 2.0 geriyə uyğun",3
Barkod,680576170446,1
Seriya,Evolve 30 II,1
Maks. güc,15 W,2
Ethernet,2 × GbE PoE,1
Əlavə,"USB 2.0 pass-through, polad çərçivə, NGENUITY",1
Model,YNDX-00571,1
Energy Star 2.0 · Zəmanət,3 il (batareya daxil),1
Çəki,695 q,3
Part number,SRV2KI,1
Çəki,112 q,3
Adjustable length range,50 - 87 mm,1
Konfiqurasiya,1024 m x 64,3
Protective functions,reliable protection against scratches,1
Speaker,40 mm,3
Tipik doldurma müddəti,8 saat,5
Qoruma,"Qalın yastıqlı, zərbəuducu noutbuk bölməsi; crash-proof",1
Kontakt örtüyü,Gold,16
Part number,QXG-2G2T-I225,1
Random IOPS,1300K / 1500K-ə qədər,2
Mikrofon,geri çəkilən HyperClear Cardioid (100 Hz – 10 kHz),1
Part number,RZ03-05270100-R3M1,1
Storage nəzarətçi,"HPE MSA 2060 16Gb FC storage controllers, 4-ports each",1
İnterfeys,SFP28,2
Ölçülər,214 × 212 × 44 mm,1
Çəki,138.85 q,6
Montaj,Divar/masa (hospitality),1
Yaddaş,256 GB-a qədər MicroSD (U3/Class 10) dəstəyi,1
Effective Output Power,360 W,1
İlk səhifə,8.5 san,1
Model,MM105,1
Tip,Layer 3 Managed PoE Switch,1
Xüsusiyyət,Plug & Play,9
Part number,2E-MF300WCAPIBARABL,1
Yaddaş,"16 GB (1×16 GB) DDR4-2933 RDIMM; 24 DIMM, maks. 1.5 TB",1
Model,GXP1400,1
Əlavə xüsusiyyətlər,VESA 100x100; Dinamik,2
Room Correction,Bəli,8
Maqnit,MagSafe uyğun; iPhone 15 Pro/Pro Max ProRes yazısı üçün,3
DPI,1200 dpi 1800-2400-3200 DPI,1
Forma,288-pin DIMM,5
Qoruma,Surge protector (parafudr) + işıqlı On/Off açar,1
Güc,950 VA / 520 W,1
Korpus,"Metal / plastik, Rubber",1
Genişlənmə,"1 × PCIe x16 half-height, 1 × PCIe x1, M.2 SSD, M.2 WLAN, 2 × SATA 3.0",1
Təyinat,Yüksək TDP Xeon Scalable (Ice Lake) prosessorları üçün,1
Xüsusiyyətlər,"Green Ethernet texnologiyası ilə enerjiyə qənaət, Fansız səssiz dizayn (Fanless), Masaüstü və divara montaj imkanı, Quraşdırma tələb etmir (Plug and Play)",1
Çəki,87 q,1
Tip,8-bay rackmount NAS,1
Part number,FG-70 q,1
Model,HP Z2 Tower G1i,7
Görüntü imkanı,2560 × 1440 @ 240 Hz (280 Hz OC),1
Maks. ötürmə,25 Mbit/s,1
Uplink,12 × 1/10 q SFP+,1
AC çıxış gücü,1.800 W (ümumi),1
Simsiz bağlantı,Daxili Wi-Fi (802.11a/b/g) və Bluetooth 2.0 (simsiz qulaqlıqlar üçün),2
Sound power,20 W,1
Çıxış qabı,150 Vərəq,13
Part number,KVR32N22D8/16WP,1
Forma,Stereo (over-ear),2
PD,100 W pass-through,1
Kontakt örtüyü,Qızıl örtük,1
Sertifikat,FCC,2
RAM,4 GB SODIMM DDR4 (max. 32 GB; ECC dəstəyi QTS 5.0.1+),1
Prosessor,Intel Core Ultra 7 255U,1
Number of scroll wheels,1,11
Power Supply Unit,external,6
Model,X707 (P/N: 35008 / Nexode Pro 45 W Dual USB-C GaN Fast Charger EU),1
Dalğa uzunluğu,TX 1330nm / RX 1270nm,1
Port 1 qücü,65 W,1
Portlar,"HDMI, DP, USB, USB-C",1
Part number,RZ01-05240400-R3G1,1
Radio,2x2:2 (2.4 GHz) + 2x2:2 (5 GHz) · 4 spatial streams,1
Model,Dell Pro 15 Essential PV15250,4
Part Number,6N0A9AA,1
Görüntü imkanı,2K 3MP Ultra HD (2304 × 1296 px),1
Çəki,670 q,3
Standart,1000BASE-SX,2
Zəmanət,1 il (Dell Customer Kit),23
Ölçülər,425 × 304 × 154 mm,1
Tutum,128GB,5
Model,Dell SE2726HG,1
Giriş bağlantısı,IEC C14,1
Oxuma / yazma,100 / 85 MB/s,2
Batareya,"Li-ion 3300 mAh, 12 saat musiqi",4
Çəki,3.25 kq,2
Diaqonal,"86""",4
WLAN,"Band steering, Smart Mesh/WDS, 802.11r/k/v fast roaming, DCS",1
Bağlantı,3.5 mm + splitter uzatma,1
Gecə görmə,IR gecə görmə,1
Səs,THX Spatial / 7.1,4
Seriya,Evolve3 75,1
Rəng,"Black, cızıqlara davamlı örtük",2
Yazma,CMR + FC-MAMR; 10 disk helium,1
Operativ yaddaş,32GB (2x16GB) DDR5 4400,1
High Dynamic Range 10 (HDR10),Bəli,2
LED,rəngli,1
Mikrofon,Çıxarılan boom + daxili MEMS,2
Çəki,100 q,3
Görüntü imkanı,3440 × 1440 @ 120 Hz,2
Seriya,addlink P5 Value Memory,2
Runtime (full/half),"~1 dəq @900 W / ~6,5 dəq @450 W",1
Autentifikasiya,WPA2-PSK / WPA2-Enterprise,1
Mikrofon,Boom microphone,10
Part number,470-ACEY,1
Çəki / ölçülər,6.2 kq (13.7 lbs) | 613.1x220x383.5 mm,2
Part number,R0Q47A,1
Sensor / DPI,6200 DPI,1
Çəki,"8,56 kq",1
Client,128-ə qədər,1
Platforma RAM,"16 × DDR4 RDIMM ECC, maks. 1 TB, 2933 MT/s",3
Part number,AG8GB32C22N4S,1
Aylıq yük,30000 səh/ay,3
Switch,Razer Green (clicky),2
Səs gücü,60 Vt,4
Part number,470-ACEU,1
Part number,RZ03-05003500-R3M1,1
Long-term load,3500 V,1
IP,IP20,26
Part number,BA0C7ET,1
Adaptive Sync,"FreeSync Premium Pro, G-SYNC Compatible",1
Şəbəkə,2 × 2.5GbE; 10GbE PCIe ilə opsional,11
Xüsusiyyət,Soft Touch (yan əlavələr) / Plug-and-Play / Quiet keys (sol və sağ),1
Montaj,Divar / desktop,1
Ekran,"19.5"" HD+ (1600×900) 200 nit 60 Hz",1
Part number,RZ06-05210100-R3M1,1
Standart,USB 3.0,1
Part number,470-AAVG,1
Part number,EWS7928P,1
Ölçü (E×D×H),440 × 310 × 44 mm,2
Qidalanma,100–240 V AC; min 24.7 W; max 45.6 W,1
Ölçü / çəki,"240 × 105 × 26 mm, 610 q",1
Key Features,Switching indication / 3 USB type A ports,2
Effective Output Power,480 W,1
Model,Lenovo ThinkCentre neo 50a 27 Gen 5,7
Model,HP S7 Pro 724pu WUXGA,1
Xüsusiyyət,Backlight / 12 media keys,1
Hotkeys,"Volume, mute, play/pause, skip",1
İlk səhifə (qara),7 san,7
Diaqonal,"75""",4
Protokollar,"SNMP v1/v2/v3, Modbus TCP/RTU, BACnet IP/MSTP, HTTP/HTTPS, REST API",1
İlk səhifə (rəng),"25,3 san",3
Volume,0.1267 m³,1
Part number,P28028-B21,1
Zəmanət,5 il və ya Percentage Used (CrystalDiskInfo),2
Minimum diagonal,"55""",1
Çəki,2.09 kq,1
Part number,KF580C38RWAK2-32,1
CPU,"Quad-core ARM Cortex-A55 (1,8 GHz-ə qədər)",1
EAN,0196188043080,1
Uyğunluq,HPE ProLiant DL360 Gen10 Plus 8SFF,1
İş temperaturu,Sənaye: −40 °C ~ 85 °C,1
Standart,25GBASE-SR,3
On-die ECC,Var,4
PSU,"250 W, 100–240 V (EU variant)",1
Faks,Standart,2
Model,EC703,1
Model,US270,1
Hündürlük tənzimləmə,Bəli,2
OS Compatibility,Windows 10/7 and previous versions / Mac OS / Linux,1
Aşkarlama,"AI insan, hərəkət, xətt keçmə və ərazi mühafizə funksiyaları",1
Maks. sürət,~2.0 Gbps (1733 Mbps 5 GHz + 300 Mbps 2.4 GHz),1
Tövsiyə olunan həcm,250–1500 səh/ay,1
Part Number,519P0AA,1
BLF,8 virtual düymə,1
Compact and Travel-Friendly,"Weighing just 130 q and sized to fit in your pocket (10.58×6.87×1.31 cm), this lightweight power bank is perfect for on-the-go charging, offering convenience and freedom without cables.",1
Ümumi çıxış,5 V/3A Max,1
İdarəetmə,EnGenius Cloud · SkyKey · ezMaster · Standalone Web GUI,1
RAM,"4 GB DDR4 SODIMM (1 slot, maks. 16 GB, ECC dəstəyi)",1
Radio / sürət,4×4:4 — 1 148 Mbps (2.4 GHz) + 2 400 Mbps (5 GHz),1
Part number,2E-F2725B-01.EU,1
Part number,AP32GAH750S-1,1
OS,Android 11,1
Maks. sürət,~1.2 Gbps (867 Mbps 5 GHz + 300 Mbps 2.4 GHz),1
Zəmanət,24 months,22
Ölçülər,382 × 309 × 211.5 mm,2
Part number,KVR56U46BS8-16,1
Batareya,Klaviatura 2×AAA; Siçan 1×AA,1
Data sürəti,5 Gbit/s,5
Ölçülər (H×E×D),120 × 130 × 365 mm,2
The sensitivity (negative value),"-30 dB +/- 3 dB / 0 dB = 1 V / Pa, 1 kHz",1
Uyğunluq,"iPhone 15/14/13/12 seriyaları (30 dəqiqədə 60% sürətli şarj), iPad, AirPods, Samsung Galaxy, Xiaomi və s.",1
İşıqlandırma,Çoxrəngli Rainbow LED arxa işıqlandırma,1
Volume,0.0122 m³,1
Seriya,Evolve3 85,1
Part Number,7D389AA,1
Aylıq yük,5000 səhifəyə qədər,1
Eyni anda TCP sessiyalar,600 000,2
Form faktor,"Tower, 165 × 105 × 226.5 mm",1
Uyğunluq,"Xbox Series X|S, Xbox One, PC",1
Material,yırtılma/su davamlı polyester,3
Portlar,32 × RJ-45 10/100/1000 PoE+ + 16 × RJ-45 100/1000/2500 PoE+,1
Uyğunluq,"15.6""",1
Həcm,28 L,1
Ölçülər (H×E×D),19 × 14 × 39 cm,2
Çəki,"26,1 kq (57.54 lb)",1
Rozetka standartı,EU,2
Kamera,2 MP CMOS,1
Ölçülər,392 × 419 × 247.5 mm,1
Konstruksiya,"Qaynaqlı çərçivə; (19"")³ — yanlara da 19"" avadanlıq",1
UVC,1.1,1
Portlar,4x USB 3.2 Gen 1; 1x USB-B 3.2 Gen 1; 1x HDMI; 1x DP; 1x VGA,1
Model,YNDX-00027GRY,1
Seriya,Razer BlackWidow V4 X,2
Batareya gərginliyi,14.4 V,1
Part Number,683L9AA,1
Model,HD112,1
Retail P/N,AP1TBAS2280Q4U-1,2
Seriya,Razer Ornata V3 X,1
Kabel,1 m Euro power cord,1
RAM,"32 GB DDR5 UDIMM (4 slot, maks. 192 GB, opsional ECC)",2
Şəbəkə (bu konfiq),Onboard LOM 2 × 1 GbE (chassis),1
Part number,AP32GAH357U-1,1
RAM,"8 GB DDR4 UDIMM (2 slot, maks. 64 GB, ECC dəstəyi)",2
Əlavə xüsusiyyətlər,VESA 100x100,8
Prosessor,"Intel Core Ultra 7 155U (12 nüvə / 14 axın, 1.7–4.8 GHz, 12 MB keş, 15 W, NPU ~11 TOPS)",9
İdarəetmə,Instant On app / cloud / lokal Web GUI; statik marşrutlaşdırma (L3),7
Maximum efficiency,≥ 92% (Mains mode) / ≥ 87% (Battery mode) / ≥ 97% (ECO mode),1
Part number,N1401VNB5620EMEA01,1
Giriş gərginliyi,12 V,2
Format,Full-size,5
Dərinlik,228.6 mm,8
Uyğunluq,Windows / macOS / Android / Linux,14
Tip,Intelligent video bar / conferencing camera,1
Part Number,8C525AA,1
Device type,line-interactive,5
Tip,"Enterprise Layer 2 access kommutator, AOS-CX, 1/10 q uplink (HPE Aruba CX 6100)",5
İdarəetmə / Diaqnostika,DDM / DOM dəstəyi,1
Çəki,"101,44 kq",1
Tip,"Seagate IronWolf Pro 3.5"" NAS HDD (1–24 yuvalı NAS, 24/7)",2
Prosessor,"Intel Core Ultra 5 135H | 14C(4P+8E+2LPE)/18T, turbo 4.6 GHz, 18MB cache",1
Part number,2E-MPC110,1
Part number,7MD67A,1
Konstruksiya,Daxili asqı (anti-vibration),3
Model,LetraTag 91201 (S0721610 / 91221) Ağ Plastik Lent,1
Ölçülər,132 × 132 × 201 mm,3
Ekran ölçüsü,"34.14""",1
Model,HP Color LaserJet Pro MFP M182n,1
Kənarsız çap,Bəli (A3-ə qədər),1
Qidalanma,PoE IEEE 802.3at (16 W) və ya daxil olan 12 V / 1.5 A adapter,1
Part number,RZ04-04730100-R3M1,1
Model,CAB-CONSOLE-USB-MICRO (USB Type-A to USB Type-B Micro),1
Erqonomika,for right-handers / left-handers,23
Model,HP Z2 G1i Tower,1
Anten,4 daxili + BLE,1
Portlar,8 × RJ-45 10/100/1000 PoE+ + 2 × RJ-45 10/100/1000,1
Güc,10.000 VA / 10.000 W,3
Tip,Daxili taçpadlı (touchpad) yığcam simsiz ofis və Smart TV klaviaturası,1
Model,24189-899-999,1
Təyinat,"HP ProLiant, Dell PowerEdge, Lenovo ThinkServer və digər server platformaları.",1
İdarəetmə,"Nebula Cloud, Web, CLI, Telnet, SNMP",2
Tətbiq,Alisa ilə Ev,74
Part number,2E-MF220WB,1
Model,Dell Pro E2726HS,1
Oxuma / yazma,500 / 350 MB/s,1
Tip,FortiVoice 20E4 — kiçik ofis IP PBX,1
Qidalanma,"xarici adapter, 100–240 V AC; max istehlak 78.69 W",1
Part number,CF213A,1
Çəki,"4,5 kq",1
Tip,1.25Gbps Bi-Directional (BiDi) WDM SFP Transceiver Modul,2
Part number,786710-B21,1
Headset,RJ9 / USB / Bluetooth,1
Çıxış,3.5 mm stereo,1
Həll (rəng),1200 x 1200 dpi,2
Çəki,740 q,1
Tip,"Simsiz oyun qulaqlığı (Cloud III Wireless, qara-qırmızı)",1
Tip,Ağıllı rozetka,3
Cavab müddəti,0.5 ms (Extreme),1
Layout,Rus,1
Tip,8-bay tower NAS,2
Non-blocking,55 Gbps,1
Uyğunluq,HPE BladeSystem c-Class interconnect və 10Gb SFP+ SR portlar,1
Ekran,"27"" 4K UHD (3840×2160) IPS/UWVA 350 nit 60 Hz",1
Yaddaş,3072 MB,1
Model,YNDX-00535,1
Part number,FG-51 q,1
Ölçülər,370 × 110 × 390 mm,1
Part number,KVR32S22D8/32,1
Part number,ST4000VN006,1
Part number,9U5J5UT,1
Model,RG-RAP6262(G),1
İdarəetmə,iDRAC9 Enterprise,1
CAS Gecikməsi,CL15 (RA0),1
Şarj,4.5 saat,1
Tip,2-xətli etibarlı biznes IP telefonu,1
Material,Jaquard high dense waterproof nylon,1
Ölçülər,153.92 × 292.10 × 324.36 mm,1
Diaqnostika,DDM / DOM dəstəyi,1
Mikrofon tipi,Boom/Built-in microphone,1
Wireless Connection,Wi-Fi,2
Ölçü,176 × 58 × 17 mm (6.93 × 2.28 × 0.67 in),1
EAN,0196548125326,1
Part number,RZ01-05330100-R3G1,1
Montaj,Divar,1
Inputs,LAN / AV RCA,2
Keyboard layout,ENG/UKR/RUS,2
Model,Dell E2223HN,1
Çəki,298–322 q,2
Maks. çıxış cərəyanı,3 A,1
Maks. ötürmə,10000 Mbit/s,2
Tipik doldurma müddəti,6–8 saat,3
Seriya,addlink P4 Value Memory,2
Tutum,600 GB,4
Giriş cərəyanı,3 A,3
Part number,B66TWAT,1
Giriş qabı,350 Vərəq,7
Portlar,3 × USB-C + 1 × USB-A,1
Cavab müddəti,5 ms (fast) / 10 ms (typical),1
Part number,RZ03-04110100-R3M1,1
Part number,EWS356-FIT,1
Sürət,2.4 GHz 575 Mbps + 5 GHz 2400 Mbps = AX3000 (160 MHz dəstəyi),1
Dərinlik,40.4 mm,3
Model,GCC6010,1
Dimensions (ShhVhT),"430 x 310 x 59, cm 420 x 302 x 39 (internal dimensions)",1
Şəbəkə,1× RJ45 Gigabit,2
Colour temperature,3000K-4000K-5000K-6500K,1
Portlar,Telefon + qulaqlıq + saat (3-in-1),1
Avtomobil girişi,12/24 V,3
Part number,R8R44A,1
Batareya,90 saat,2
Model,BX750MI-GR,1
Quraşdırma,"19"" 1U rack (power cord + rack kit daxildir)",2
Çəki,6.81 kq (stend ilə) / 4.92 kq (stendsiz),1
Portlar,48 × RJ-45 10/100/1000 Mbps + 4 × 10 Gigabit SFP+ — cəmi 52 port,1
Inputs,"USB 5V, 1A - yalnız şarj üçün / 2x HDMI / 1x DP / headphone jack",1
Part number,13QF0038GV,1
Material,nylon,5
Operativ yaddaş,32 GB DDR5-5600,2
Kapasitet,2.304 Wh,1
Tip,Simsiz kompakt optik siçan,1
Port,2 × SFP28 (25 q/10 q),1
Tutum,1300 səhifə,1
Qrafika,Intel Arc 130 V,1
Relative humidity,0-95% (non-condensing),2
Part number,RZ01-05570100-R3G1,1
Simsiz şəbəkə,Intel Wi-Fi 7 + Bluetooth 5.4,8
PoE,IEEE 802.3af/at · Büdcə: 185 W (listing),1
Part number,SEDC600 m/3840 q,1
Model,Dell P2425HE,1
Korpus,simmetrik,1
Ekran,"15"" Full HD (1920×1080) IPS/UWVA, sensorlu 400 nit",1
Bağlantı,Wireless,1
"Full ""arm"" length",436 mm,1
Capacity,35 l,1
Part number,R8W31A,1
Part number,450-BFFL,1
İş yükü,550 TB/il; 24/7,2
Model,GHP630,1
Montaj,Tavan/divar dəsti daxildir,1
Height of CPU cooler (max.),145 mm,2
Batareya,500 mAh daxili akkumulyator,1
DWPD,0.17,3
EAN,0198415435569,1
Part Number,BS1T9AA,1
Keycap,HyperX Pudding (ABS); light bar; media + volume çarxı,1
Video,HDMI 1.4 out 3840×2160 @60 Hz,1
Model,GWN7660EM,1
Giriş,"Hardwire (common/split bypass), 230 V (176–288 V)",2
Format,A3,6
Tip,"M.2 NVMe SSD (S90 Lite, DRAM-less + HMB)",1
Optik həll,1200 x 1200 dpi,1
Ekran ölçüsü,"31.5""–32""",2
İnterfeys,USB 2.0 / Wireless 2.4GHz,1
Təyinat,Office,1
Part number,D0VG1ET,1
Model,26599-899-999,1
Komplekt,mouse,6
Random 4K,94000 IOPS oxuma / 59000 IOPS yazma,1
Xüsusiyyətlər,"AI ilə gücləndirilmiş Mesh şəbəkə, Seamless Roaming (tək şəbəkə adı altında evin hər yerində kəsintisiz internet), 120-dən çox cihaza eyni vaxtda stabil bağlantı, Valideyn nəzarəti (Parental Controls), WPA3 şifrələmə, Deco tətbiqi ilə 3 dəqiqəyə asan quraşdırma",1
Ölçülər,100 × 50 × 100 mm,1
Audio,2×5 W dinamik,2
Tip,FortiSwitch 248E-FPOE — Layer 2/3 Secure Access Full PoE+,1
Wi-Fi,Simsiz Wi-Fi bağlantısı,1
Ötürmə,131 Mpps,2
Səs,"HD voice, full-duplex speakerphone",1
Ölçü,396x173x44 mm,2
Superior Safety,"Your safety is our priority. The iPhone and watch charger stand is equipped with over-temperature, foreign objects, and short circuit protection, ensuring a more efficient and safer charging experience. The iPhone charging surface is made of silicone material, preventing scratches on your phone. The base of the charger is equipped with a counterweight iron, making it more stable",1
Part number,S0F35A,1
Outputs,Coaxial (SPDIF) / Audiooutput 3.5 mm,1
Tip,"GaN divar adapteri (Uno RG robot dizayn, TFT ekran)",1
Form faktor,OCP 3.0,1
Part number,2E-MF140UB,1
Runtime (full/half),"~3,5 dəq @10 kW / ~11 dəq @5 kW",1
Tətbiq,"AP, IP kamera, VoIP",1
Tip,"Xarici HDD (2.5"")",19
Tip,DDR4 SODIMM (ValueRAM),3
En,163.1 mm,1
Ölçülər,90.7 × 90.7 × 190 mm (hər modul),1
İnterfeys,USB-A,1
Güc,2.000 VA / 1.600 W,1
Model,YNDX-00017,1
Hündürlük,11.9 mm,1
Qoruma,16 A miniatür avtomat (MCB),2
Model,HP ZBook Power 16 G11,3
Tip,Cloud idarə olunan Layer 2+ 10 q SFP+ aggregate kommutator (EnGenius Cloud),1
HDCP versiya,1.4,1
Portlar,"HDMI, DP, USB-C, USB, RJ45",1
Model,Lenovo 800 Self-Charging Bluetooth Keyboard,1
Model,Lenovo ThinkBook Bluetooth Silent Mouse,1
Model,CM193,1
Power bank & device charging at once,Bəli,2
Səs,"HD voice, full-duplex speakerphone, G.711/G.722/G.729A/Opus",1
USB-C,"USB-C upstream (DP Alt Mode) + Power Delivery 90 Vt; 2 × USB-C down, 3 × USB-A down",1
Komplekt,AA battery / USB wireless receiver / mouse,16
Ekran,"3.5"" rəngli, 480×320, arxa işıq",1
Ekran,"34"", WQHD 3440x1440, 300 nits, 60 Hz",1
Çəki,17.74 oz,1
Model,GRP2612P,1
Texnologiya,Ən son nəsil GaNInfinity / GaN II yarımkeçirici çipi (ənənəvi adapterlərdən 21% daha kiçik və qızmayan korpus),1
IPS,4.5 Gbps,2
Bağlantı,Bluetooth 5.2 + 2.4 GHz USB dongle,1
Host interfeys,USB 3.2 Gen 1 (3.1 Gen 1) Type-C,4
EAN,4549821491216,1
Duty cycle,30 000 səh/ay; tövsiyə: 2 500,3
Type,monitor lamp,1
Cavab müddəti,~1 ms / 0.5 ms,1
Çəki,3.54 kq,1
Dimensions (ShhVhT),41x29.5x10 cm,1
Düymə sayı,105,2
Portlar,48 × 10/100/1000BASE-T,3
EAN,0197029365996,1
Minimum diagonal,"43""",1
Üzlük,parça,2
Uzunluq,3 m,9
Ötürmə,260 Mpps,3
"Power, W",5,1
Rəng,Tünd boz,1
Part number,50H55UT,1
For documents,✔️,5
Input current (max),3 A,1
Güc,90 W,1
Part number,KVR56S46BS6-8,1
Çəki,1.1 kq,2
Günəş paneli girişi,"500 W Max., VOC 12–60 VDC, 10 A",1
Çəki,254 q,1
Səs gücü,5 Vt,5
Maksimum güc (Pm),120 W,1
Part number,ECS1008P,1
Tam ad,HPE SN1610E 32Gb 2-port Fibre Channel Host Bus Adapter,1
Çəki,190 q,2
Seriya,Apacer AS2280Q4U,4
Klaviş,1,2
Sensor,Focus Pro 45K Optical Gen-2,2
Yaddaş,512GB PCIe SSD,6
Portlar,24 × RJ-45 10/100/1000 PoE+,4
Portlar,48 × RJ-45 10/100/1000 Mbps + 2 × SFP 100/1000 Mbps (cəmi 50 port),2
Dönmə,5400 rpm,1
Mobil çap,"Mopria Print Service, HP ePrint, AirPrint, Google Cloud Print",2
Qrafika,Intel Graphics,9
Çəki,580 q,1
Part number,2E-S-1015CD,1
Ekran ölçüsü,23 düym (58.42 sm),1
Uzunluq,0.5 m,1
Part number,TS-464U-RP-8 q,1
Düymə,çoxdüyməli ergonomik,1
Tip,"Orijinal Xerox toner kartrici (High Capacity, DMO)",4
Part number,RZ03-04460100-R3M1,1
Model,HD103,1
Model,Dell Pro Smart Dock SD25,1
Tutum,1 TB,23
Dimensions (ShhVhT),39 x 29 x 5.9,1
Portlar,8 × GbE RJ45,1
Seq. oxuma/yazma,10300 / 9000 MB/s-ə qədər,4
IPsec VPN (512 byte),11.5 Gbps,3
Ethernet,1 × 2.5GbE PoE-in,2
Cable types supported,"Cat5e, Cat6, Cat7, Cat8",1
Ethernet,"RJ-45, 10/100 Mb/s",2
Part number,RZ19-05060100-R3M1,1
Volume,0.0024 m³,2
MTBF,502 509 saat,1
Ölçü,32.6 × 69.5 × 13.5 mm,2
Qida,120 W adapter,3
Çəki,4.83 kq,1
Model,RG-NBS3100-48GT4SFP-P,1
Portlar,1x USB-C 3.2 Gen 1; 4x USB 3.2 Gen 1; 1x USB-B 3.2 Gen 1; 2x HDMI; 1x DP; Thunderbolt 4; RJ45,1
Volume,0.0044 m³,1
Qulaqlıq çıxışı,1,1
Model,Dell 4TB Hard Drive SAS 12Gbps 7.2K 512n 3.5in Hot-Plug,1
Tezlik diapazonu,2.4 - 5 GHz,1
Qidalanma,802.3af PoE və ya 12 V DC (ayrıca),1
Qrafika,Intel Iris Xe,3
Quraşdırma,kompakt 1U (267 mm en),1
Equipment,USB-receiver / batteries 1xAAA / keyboard,1
Model,CP-7821-K9,1
Ekran,"27"" Full HD (1920×1080) IPS/UWVA, anti-glare",8
Type of output power,SCHUKO x4,1
Seriya,Evolve 10,1
Barkod,6971669780944,1
Laptop Form Factor,"17"" / 17.3""",1
Form faktor,"Tower, 180.2 × 329.3 × 280.8 mm",1
Model,GRP2602 W,1
Brend,Ruijie Reyee,4
Sürətli şarj texnologiyası,"Hisilicon FCP, Power Delivery, Power Delivery 3.0, Quick Charge 2.0, Quick Charge 3.0",1
Portlar,"4 × USB 3.2 Gen 1, 4 × USB 2.0 (Smart Power On arxada), HDMI 1.4b, DisplayPort 1.4, RJ-45, universal audio",1
Portlar,"HDMI, 2×DP, RJ45, USB-C upstream, 3×USB-A, 2×USB-C",1
Fan,3 × High Performance,1
Mikrofon girişi,Xeyr,3
Çəki,"63,0 kq (138.8 lb)",3
Rəng,dark olive,2
Görüntü imkanı,1920 × 1080 @ 100 Hz,9
SATA 15+7 Pin Female Connection,"2.5"""" SATA III / II / I HDD and SSD, compatible with Seagate Barracuda HDD 2.5"""", Samsung 860 EVO/850 EVO SATA III SSD, WD Blue/Green 2.5 SATA SSD, SanDisk SSD PLUS, SanDisk Ultra 3D SSD, Crucial BX500/MX500/MX300, PNY CS900, TOSHIBA TR200/Q300, DREVO X1, Gigabyte, YUCUN 2.5"""" SSD etc.",1
"Çap sürəti (rəng, ISO)",4 səh/dəq,3
Keş,18 MB,1
Tip,13-in-1 USB-C dok stansiyası,1
Part number,FN-TRAN-SFP-SR,1
Ekran ölçüsü,"24.5""",1
Part Number,A2PB2AA,1
Rəng,Iron gray,4
Part number,RZ03-05450500-R3M1,1
Tip,naqilli oyun pultu,2
EAN,0767041019599,1
Uyğunluq,"iPhone 12/11 Pro MAX/SE/XR/XS/X/6S/7 /Plus 8/6, Galaxy S20/S9/S10/S8",1
Təyinat,Qapı və pəncərə açılışının aşkarlanması,1
DWPD,100,1
Maximum diagonal,"100""",1
Uyğunluq,ProLiant DL380 Gen10+,1
EAN,0199251514661,1
TDP,135 W,1
Düymə resursu,"10 milyon klik, 19 düyməlik Anti-Ghosting",1
Təhlükəsizlik,carrier-grade,2
Prosessor,Intel Core i7-14700T,1
Portlar,"HDMI, 2×DP, USB hub, USB-C",1
Anti-Ghosting,Eyni vaxtda basılan düymələrin düzgün qeydiyyatı (19 düyməyə qədər münaqişəsiz rejim),1
Model,X513,1
Part number,SDCG3/1TB,1
Power consumption,20 W,1
Part number,460-BDXW,1
Funksiyalar,"Çap, surət, skan",19
Şarj mənbəyi,USB,8
Model,14101-46,1
Model,HP E24t G5 FHD Touch,1
Dəqiqlik,"1,5 mm, cavab <7 ms",1
Uyğunluq,PC; PS5; Xbox Series. NGENUITY : NGENUITY,2
Kartric,"HP 151A Black Original LaserJet Toner Cartridge (~3,050 pages), W1510A; HP 151X Black Original LaserJet Toner Cartridge (~9,700 pages), W1510X",5
Tip,"1 q SFP copper transceiver, Instant On",1
Part number,412-AAYV,1
Radio,2×2:2 dual-band Wi-Fi 5,1
Part number,2E-HG300BK,1
Model,CM681,1
Ötürmə,166.66 Mpps,1
Part number,2E-SK150BL,1
Cavab müddəti,0.1 ms,1
Portlar,2 × 10/100 RJ45 + 6 × FXO + 2 × FXS,1
Növ,"2.5"" portativ xarici HDD (StoreJet 25M3, Iron Gray)",2
Uyğunluq,Evolve 20–65 (Evolve 20SE/30/30II/40/65),1
Part number,FON-480,1
Ölçülər (stend ilə),609.9 × 190.1 × 534.15 mm,1
Çəki,275 q,12
Tip,Dual-port 2.5GbE PCIe kart,1
Zəmanət,3 il Advanced Exchange + Premium Panel,1
Tip,A/b lazer MFP (print / copy / scan / fax),3
Number of speakers,2 speakers,3
Switching capacity,96 Gbps,1
Volume,0.0018 m³,2
Saxlama zolaqları,x16 (2×8 SlimSAS),1
Yaddaş,16 MB,1
Məlumat ötürmə,12 Gbit/s,7
Ethernet,"RJ-45, 10/100Base-T",1
Equipment,"keyboard and mouse / USB-receiver / batteries AA - 1 pc, AAA-1 pc",1
Matter,Yox,22
Part number,SDCG3/256GB,1
Model,EliteDisplay E233 (P/N: 1FH46AA),1
Seriya,Touchscreen TL7,1
Ölçü,128 × 68 × 44 mm,2
PSU,5 V/1A USB-C,2
Davamlı ötürmə,"270 MB/s / 257 MiB/s (davamlı, OD)",1
Tip,"FortiAP 231F — indoor Wi-Fi 6 Access Point, region E (ETSI)",1
Çıxış (5 V),3 A,8
Batareya,"3-hüceyrəli, 41 Wh",1
Ölçülər (yığılmış),681 × 553 × 65 mm,1
Sviçlər,Huano 10 m (10 milyon klik resurslu dözümlü sviçlər),1
Tam ad,HPE Intel Xeon Gold 6348,1
NGFW,3.1 Gbps,3
Prosessor,1 GHz Dual Core; 256 MB RAM,2
Dimensions ( HxWxD ),1092x116x604 mm,2
Model,CM448,1
Portlar,48 × 10/100/1000 PoE+,2
Rəng,Chalkboard Gray,1
Tətbiq,hotel / hospitality,5
İdarəetmə,GWN.Cloud / GWN Manager,5
Giriş qabı,150 Vərəq,13
Rəng (korpus),Cement,1
Part number,3G631A,1
Şəbəkə,"2 × 10/100/1000 (LAN + PC), PoE 802.3af",1
Çəki,690 q,1
Paralel,4 ədədə qədər,4
Güc,850 VA / 520 W,1
Batareya / adapter,10000 mAh,1
Aylıq yük,80000 səh/ay,5
Çəki,4.5 q,1
Layout,2 x 24 GB,4
Seriya,Razer DeathAdder V2 X HyperSpeed,1
Kabel,"2 m, 3×2.5 mm² H05VV-F",1
Çəki,3.51–3.77 kq (stend ilə) / 3.18 kq (stendsiz),1
Part number,AP128GAH25BB-1,1
Model,Lenovo ThinkVision P34 W-20,1
Protokollar,"PD 3.0, PPS, QC4+, QC3.0, SCP, FCP, AFC, Apple 5 V/2.4A, BC1.2",3
IPsec VPN (512 byte),6.5 Gbps,4
Portlar,16 × RJ-45 10/100/1000 Mbps,1
Ekran,"23.8"" Full HD (1920×1080) VA, anti-glare 250 nit 75 Hz",1
Təhlükəsizlik,"Ağıllı PWM çipi, qızmaya, yüksək gərginliyə və qısaqapanmaya qarşı çoxpilləli təhlükəsizlik sistemi",1
Part number,TS1TSJ25M3 q,1
Part number,CE712A,1
Part number,FG-91 q,1
Ekran ölçüsü,"31.6""",1
EAN,0197192348031,1
Əlavə xüsusiyyətlər,5MP kamera + IR; Dinamik,2
Çəki,70 q,1
Model,YNDX-00054PNK,1
Çəki,11 q,2
Portlar,"2× USB-A 10Gbps, 1× USB-C 10Gbps, HDMI, VGA, DisplayPort, RJ45 Gigabit",1
Part number,P08449-B21,1
Bağlantı,USB (3.5 mm monitor jack),1
Tutum,"20 endpoint, 4 VoIP trunk, 10 eyni anda zəng, 5 auto-attendant",1
Room Correction,Bəli (ekran mövqeyinə görə də),4
Çıxış,Hardwire + 4 × IEC C13 + 4 × IEC C19,2
Part number,210-BDDX,1
PLP,Bəli (Power Loss Protection),7
Hündürlük,76.2 mm,1
Form faktor,"Tower, 146 × 142 × 257.1 mm",1
SPD,Bəli (JEDEC),16
En,138 mm,1
Tip,"FortiAP 221E — indoor Wi-Fi 5 Wave 2 Access Point, region E",1
Dərinlik,273 mm,1
VESA,100 x 100 mm,2
Portlar,"USB-C dock, dual display, RJ45, USB-A/C",1
Model,Dell SE2422H,1
Bluetooth,Var,4
Part number,8T0M2EA,1
Çəki,"təxminən 2,1 kq",1
Çəki,təx. 1.61 kq,2
Çəki,453.59 q,1
Model,25089-999-799,1
Batareya / adapter,"80 Wh, 4 cell",1
Power consumption,150 W,1
Giriş gərginliyi,100-240 V,1
Ölçülər,38x103.5x66.8 mm,1
Qidalanma,802.3at PoE (PoE Adapter daxil deyil) və ya 12 V/1.5A DC.,1
Prosessor,Intel Core 5-210H | P-core 2.20 GHz,1
Ölçü (E×D×H),13.7 × 56.6 × 12.4 mm,1
Güc,40 W,3
Klient,Radioda 256-ya qədər; SSID: radioda 8 (background scan 7),1
Çəki,0.20 kq,1
Streams,4 Streams,1
Seriya,Amplon RT,1
RAM,"2 GB DDR4 UDIMM (1 slot, maks. 16 GB)",1
Sürətli şarj,"USB PD: 30 dəq = 4 saat iş, tam şarj 2,5 saat",4
Ekran,"14"" 2.8K OLED/IPS (2880×1800) sensorlu 400 nit 120 Hz",1
Bracket,Low-profile (flat + full-height dəstdə); qısa PCB (TVS-x82/TS-x77 slot 2/3),1
Part Number,7G7A3AA,1
Tip,"Desktop/hospitality Wi-Fi 5 AP + mini-gateway, Instant On AP11D",1
Seriya,Kingston A400,3
Part number,JL807A,1
Qrafika,RTX PRO 1000 Blackwell,1
Qida tipi,USB,3
Tip,Skaner,2
Part number,5E8J3EA,1
Starter,1 500 səh (106R02773 ailəsi),2
Düymələr,28 proqramlaşdırılan + 10 xüsusi funksiya + 4 soft key,1
Case type,Mini Tower,2
Yuvalar,"2 × 3.5""/2.5"" SATA 6Gb/s, hot-swap",3
İlk səhifə (rəng),16 san,2
Prosessor,"Qualcomm Snapdragon X Elite X1E-78100 (12 nüvə Oryon, 3.4 GHz, Adreno GPU, NPU 45 TOPS)",1
Tezlik,20 Hz – 40 kHz,1
Bağlantı,True Wireless Stereo (TWS),2
Model,HP ProBook 4 G1i 16,3
Model,LetraTag 91204 (S0721640 / 91224) Yaşıl Plastik Lent,1
Konnektor,Simplex LC,2
Ölçülər (U×E×H),340 × 247 × 317 mm,1
TBW,1752 TB,1
Protective functions,cushion pad,1
ADF,40 Vərəq,1
Total rated capacity,5 V x2,1
Dərinlik,5.3 mm,1
Model,Dell Mobile Wireless Mouse MS3320 W,1
Konnektor,Mini-SAS,1
Kağız,250 + 1 əl slotu; çıxış 150,3
Tip,Remote control aksesuarı,1
Simsiz şarj,1 × (var),1
Pult,YNDX-00402 komplektdə,4
Security level (DIN),4 (DIN),2
Model,HP 410A Yellow Original LaserJet Toner Cartridge,1
Sürət,Gigabit,1
Part number,21R1005WFW,1
Ölçülər,123 × 99 × 199 mm,3
Part number,2E-MF225WBK,1
The common frequency band,100 Hz - 20000 Hz,2
Model,PB560,1
Düymə sayı,110,1
Part number,2E-CBT6814BK,1
Ekran,"23.8"" Full HD (1920×1080) IPS/UWVA 250 nit 100 Hz",1
Bağlantı,HyperSpeed 2.4 GHz + Bluetooth 5.3 + USB-A,1
Qidalanma,100–240 V AC; max istehlak 220.5 W,1
Part number,V0L79AA,1
İş temperaturu,-10°C ~ +65°C,3
Xüsusiyyət,detachable shoulder strap fastens/detaches using carabiners,1
Part number,2E-HG355WT-7.1,1
Korpus materialı,plastic ABS,4
Type of converter,condenser,2
Part number,210-BBSD,1
Part number,B0VQ6EA,1
Giriş/çıxış,"200/208/220/230/240 Vac, 1:1 (1P)",1
Model,HP OfficeJet Pro 9720 Wide Format,1
Tip,AC pluggable enerji təchizatı modulu,1
Model,HP Omen 45L Gaming Desktop Tower,3
Çəki / ölçülər,4.1 kq (9.0 lbs) | 611.9x210.0x443.5 mm,1
TPM,Var,1
Çəki,8.10 kq,1
Wi-Fi,IEEE 802.11a/b/g/n/ac/ax · Dual-band (2.4 / 5 GHz),1
Faks,Yox,1
Model,Lenovo ThinkPad T14 Gen 7,2
Tip,Optik transiver (SR),2
Uyğunluq,"PlayStation 5, PC, Switch, Mac, mobil",1
Tezlik diapazonu,90–16 000 Hz,3
Bluetooth,5.3,11
Düymə ömrü,3,1
Qeyd,Instant Secure Erase; FastFormat 512e→4Kn; idle 6.9 W; 10–60 °C,1
Ölçülər (U×E×H),280 × 200 × 220 mm,1
DPI,1000 / 1600 / 2400 / 4000,1
Parlaqlıq / kontrast,250 nit / 1000:1,1
Çəki,1.05 kq,1
Ekran,"31.5"" Full HD (1920×1080) IPS/UWVA, anti-glare 300 nit 60 Hz",1
Part number,RZ03-03390200-R3M1,1
Standart,"1000BASE-LX, LC, SMF, 1310 nm",1
Model,Lenovo ThinkVision E27 q-40,1
Keçid tutumu,176 Gbps,15
Model,YNDX-00020-BLACK,1
Inputs,USB-C,1
Tip,IntelliSlot Unity şəbəkə kartı (SNMP),1
Quraşdırma,"kompakt metal korpus (rəsmi ölçü 19"" rack deyil)",1
Part number,2E-GC-HEB-BK,1
Surface,spray painting,2
Rəng,Qara korpus + narıncı qoruyucu ramka (qutu: narıncı),1
Batareya gərginliyi,±96 V,1
Təhlükəsizlik,"HTTPS, SNMPv3, RADIUS/TACACS+/LDAP/AD/Kerberos",1
Diaqonal,"24.5"" (62.2 sm) Fast IPS, 16:9, düz",1
Wi-Fi,"dual-band 2.4/5 GHz, 802.11ac",4
Komplekt,User's manual / acoustic system,3
Korpus,"Mini Tower / Midi Tower, qara",1
Dimensions. mm,392 x 22,1
Part Number,A2PB3AA,1
Əlaqə,"Wi-Fi 802.11 b/g/n, USB 2.0",1
Bağlantı,simsiz (2.4 q / Bluetooth — modelə görə),8
Ölçülər,154 × 26 × 13 mm,1
Autostart/stop,✔️,2
Faks,"Standart, 33.6 kbps, 6 MB faks yaddaşı",1
Part number,40BA0265EU,1
Əhatə dairəsi,360 m²-ə qədər fasiləsiz və ölü zonasız Wi-Fi sahəsi,1
Hündürlük,112 mm,1
Uyğunluq,HPE ProLiant DL345/DL380/DL385 Gen10 Plus (2U DL300 ailəsi),1
Sürətli şarj texnologiyası,GaN,4
Səth,Level 7 MoHS anti-glare / anti-fingerprint,1
"Çap sürəti (qara, draft)",17 səh/dəq,1
Part number,500S8AA,1
Çıxış,8 × IEC C13 + 2 × IEC C19 + 2 × IEC Jumpers,1
Model,X565,1
Çəki,"10,7 kq",1
Laptop Form Factor,"13.3""",1
Part number,2V9E6AA,1
SR-IOV,Bəli,1
Zəmanət,1 il (EnGenius Fit),8
Tip,6-bay AI tower NAS,1
Polar naxış,Cardioid / Bidirectional / Omnidirectional,1
Model,LetraTag 91203 (S0721630 / 91223) Qırmızı Plastik Lent,1
Kamera,FHD HDR kamera + mikrofon,2
Part number,7KW64A,1
Aksesuar,USB-C → USB-C kabel,3
Uyğunluq,Jabra PanaCast 50,2
Purpose,mounting of monitors,7
Package contents (varies by region),Warranty card / DisplayPort cable / Power supply unit / monitor / Instruction,1
Ölçülər,22x430x122 mm (klaviatura; 43x75x112 mm - siçan),1
Daxili batareya,yoxdur — BBU161B107035 Və s. ilə genişlənir,1
Part number,BE850G2-GR,1
Baxış bucaqları,178° / 178°,2
Ötürmə,77.38 Mpps,1
Tip,DDR3 SDRAM VLP (Aşağı profilli modul),1
Tip,True wireless earbuds (UC),2
Ekran,"480×320 (3.5"") Color LCD",2
Uyğunluq,"HPE Compute Mainstream Platforms, see QuickSpecs for more information",21
Bağlantı,"3.5 mm, USB, 2.4 GHz",1
Qeyd,"Standart model (ISE deyil); SuperParity; işçi 9.4 W, idle 5.16 W; 5–60 °C",1
Model,YNDX-00026PNK,1
Tezlik,1600 MHz (PC3-12800E),1
Uyğunluq,"PC, PS5, PS4, Xbox; NGENUITY",3
Model,GXV3450,1
Part number,RZ03-04702500-R3R1,1
DRAM,DRAM-less,7
Çəki,"2.5 q (microphone), 18 q (power module)",1
Gərginlik,1.35 V / 1.5 V,2
Rəng,bej,4
Qidalanma,"Daxili PSU, fansız",3
Tip,FortiFone receptionist/call-attendant IP telefon (cari rəsmi model: FON-580B),1
İnverter,Pure Sine Wave,5
Sürücü,50 mm dynamic,11
Portlar,"1x USB-A (USB 5Gbps / USB 3.2 Gen 1); 1x USB-A (USB 5Gbps / USB 3.2 Gen 1), Always On; 2x USB-C (Thunderbolt 4 / USB4 40Gbps), with USB PD 3.0 and DisplayPort 2.1; 1x HDMI 2.1, up to 4K/60 Hz; 1x Headphone / microphone combo jack (3.5 mm); 1x Smart card reader; 1x Nano-SIM card slot (WWAN support models); Smart card reader, supports ISO 7816 and EMV; No smart card reader; NVMe password",4
EAN,0190017826394,1
Model,LP428,1
Part number,RZ03-03490700-R3R1,1
Acoustic system,Closed,1
Kağız,250 + 100 MPT (350); opsional 550; maks. 900; çıxış 150,2
Prosessor,"Intel Core Ultra 7 355 | 8C(4P+4LPE)/8T, turbo 4.7 GHz, 12MB cache",6
Model,SRV10KRIRK,1
Wi-Fi,"802.11 b/g/n/ac (2,4 Və 5 GHz)",20
Çəki,3.6 q,3
Giriş qabı,520 Vərəq,1
Part number,1X644AA,1
Barkod,6936686400855,1
Növ,"Portativ xarici SSD, 3D NAND flash, SLC Cache",2
Batareya,70 saata qədər,2
Uyğunluq,Windows / macOS / Linux,2
Konfiqurasiya,DNI — duplex + şəbəkə + Wi-Fi,8
Part number,2EDGEIF,1
Model,Dell Pro Max 16 Premium MC16250,1
Ölçülər,Ø 90 × 55 mm,5
Sürətlənmə,30 q,1
Giriş cərəyanı,1.8 A,3
Qidalanma,"daxili PSU, 100–240 V AC; max istehlak 10 W",1
Part number,JL813A,1
Portlar,48 × GbE RJ45 · 6 × SFP+,2
Giriş,"100–240 VAC, 50–60 Hz",1
Part number,FG-100F,1
DWPD,1,5
PoE,"130 W, IEEE 802.3af/at, port 1–8",1
Part number,BG7H4EA,1
Ölçü (E×D×H),75.5 × 132 × 37 mm,1
EAN,0196548061990,1
Part number,SRTG5KXLI,1
Konnektor 1,USB C,11
Standart,SR,2
Qeyd,"Standart model; SuperParity; işçi 11.03 W, idle 7.06 W; 5–60 °C",1
The rate of destruction,2 m/min,1
İnterfeys,SAS 24 Gb/s,2
Ölçü,442.5x132.5x36.39 mm,1
Ekran,"27"", IPS, 100 Hz",1
Çəki,102.38 q,1
Installation options,clamp / cross-cutting,1
Motherboard type,mini-ITX / micro-ATX,2
USB-C çıxış,10 V/2.25A · 5 V/3A · 9 V/3A · 12 V/2.5A · 15 V/2A · 20 V/1.5A,1
Part number,21QE0066FW,1
Tip,40 q QSFP+ DAC kabel,1
Giriş bağlantısı,IEC C20 (16 A),1
Güc,5.000 VA / 5.000 W (unity PF 1.0),1
Part number,TS250GESD270C,1
Tip,Korpus ventilyatoru,1
Model,CP-7961 q-GE (Hardware V01),1
Ölçü / çəki,"440 × 200 × 44 mm, 2.9 kq",1
MTBF,1 091 186 saat,1
LCD,Bəli,1
Towards,city style / business style / for travel,1
Model,CP-6921-C-K9 (Hardware V02),1
Dalğa,"850 nm, MMF",1
Ölçü (E×D×H),76 × 122 × 38 mm (3 × 4.8 × 1.5 in),1
Part Number,6H9B5AA,1
Part number,0231A6NC,1
Part number,TS-453E-8 q,1
Tip,"10 q copper transceiver, Instant On",1
Təyinat,Premium xarici məkan (küçə) Wi-Fi təhlükəsizlik kamerası,1
İdarəetmə,Analog termostat + On/Off işıqlı açar,1
Wi-Fi,"Wi-Fi 5 (802.11ac Wave 2), dual-band concurrent",4
Təyinat,Car,3
Batareya tipi,LiFePO₄ (LFP),1
EAN,0196188042489,1
Tip,"8-bay 2U short-depth rack NAS, redundant PSU",3
Sensor,optical,2
Part number,2Z8P4AA,1
"Çap sürəti (qara, ISO)",20 səh/dəq,5
Baxış bucağı,178°/178°,1
Seriya,Razer BlackShark V2 HyperSpeed,1
Ölçülər,"900 × 420 mm, 3 mm qalınlıq",1
Maximum perceived frequency,18 000 Hz,3
Genişlənmə,"1 × PCIe x16, 1 × PCIe x1, M.2 SSD, M.2 WLAN, SATA HDD yuvası",1
Portlar,48 × GE RJ45 + 4 × 10 q/1 q SFP+ + RJ45 konsol,2
Qeyd,Schneider-də bu SKU dayandırılıb; əvəzedici SRV2KI-E (2.000 VA / 1.800 W) tövsiyə olunur,1
Seriya,Yandex Stansiya Mini 3,4
Ölçü (E×D×H),600 × 1000 × 2006 mm (rəsmi datasheet),1
Part number,RZ01-05240200-R3G1,1
Radio / sürət,Radio 1: 2×2 2.4 GHz 574 Mbps; Radio 2: 2×2 5 GHz 1201 Mbps; Radio 3: 1×1 frequency scanning,1
Tutum,1TB,7
Notebook compartment (ShhVhT),41.5 x 33.5 x 4,1
Tip,Executive topload / briefcase noutbuk çantası,1
Çıxış qabı,100 Vərəq,16
Part number,455883-B21,1
Model,Lenovo ThinkVision T27i-30,1
Part number,40AWGN65EU,1
Batareya,≥ 80 saat; şarj ~4 saat,2
Part number,540-BCOQ,1
"Çap sürəti (rəng, ISO)",60 səh/dəq,1
Part number,A33HKEA,1
Ölçülər,418 × 419.1 × 341.3 mm,3
Xətlər / SIP,4 line keys · 2 SIP accounts,1
Çəki,"32,1 kq (70.7 lb)",1
Genişlənmə,xarici batareya paketləri (məs. SRT192RMBP2),1
Çəki,0.05 kq,1
Komplekt,"HDMI, qida, USB Touch, 2× stylus, pult, maqnit silgi, 5× NFC kart",7
Tip,Ruggedized DECT IP Phone,1
Part number,2E-MG355UBK-WL,1
Part number,4ZB94A,1
Tip,"FortiGate 121 q-LENC — 1U NGFW + SD-WAN + SSD, Low Encryption SKU",1
Diaqonal,"27""",1
Part number,460-BBUL,1
Yaddaş,1TB PCIe NVMe SSD,1
Part number,R8N87A,1
Xüsusiyyətlər,Quiet keys; spill resistant; CoPilot hotkey,1
Part number,KVR32N22D8/32,1
Wi-Fi standartları,"802.11a, 802.11b, 802.11 q, Wi-Fi 4 (802.11n), Wi-Fi 5 (802.11ac)",1
Şəbəkə,"Wi-Fi 6E, BT 5.3, Ethernet",2
Kart oxuyucu,Xeyr,2
Part Number,A59YZAA,1
Part number,94F46AA,1
Tip,simsiz productivity siçan,1
Çəki,250 q,1
Qidalanma,"USB Type-C, 5 V / 2 A",11
Xətt sayı,"2 müstəqil SIP xətti / hesabı, 4 kontekstual soft-key",1
Model,HP Desktop 290 G9 Pro Tower,6
EAN,4514953847682,1
Ekran,"2"" IPS arxa (toxunma yoxdur) + 0.96"" ön status ekranı",1
Tip,10 q SFP+ DAC (direct attach copper),2
Səs,<55 dBA (arxa),1
Form faktor,LFF,3
Random yazma (4KB),22500 IOPS,1
"Çap sürəti (rəng, ISO)",21 səh/dəq,1
İnterfeys,PCIe 3.0 NVMe,1
AWG,32,1
Ölçülər,40x72x106,2
Dərinlik,11 mm,1
Part number,B310V_DNI,1
Audio kodekləri,"Genişzolaqlı HD səs (G.722, iSAC), G.711a/u, G.729a/b",2
HDMI Ethernet,Bəli,5
Giriş,IEC C14 · nominal 230 VAC,1
Part number,P26427-B21,1
Frequency,20 Hz – 20 kHz (music),2
Çap sürəti,24 ppm Letter / 22 ppm A4 (rəng və a/b),1
Part number,RZ03-05130100-R3M1,1
PoE,"IEEE 802.3at High Power, 48 PoE port, ümumi büdcə 375 W",1
Volume,0.0017 m³,2
Ön qapı,"Təkqanadlı polad, 63% perforasiya, kilid, ~130° açılış",1
Kapasitet,504 Wh,1
EAN,0196548333479,1
Form faktor,260-pin SODIMM,7
Kontrast,1000:1,9
Ölçülər,62 × 93 × 147 mm,1
Output frequency,50-60,5
Cərəyan / güc,32 A / 8000 W (250 V),5
EAN,4514953794061,1
Material,"nylon water repellent in combination with the bottom damping material will serve as an excellent protection for your laptop, loop carabiners and zippers metal",1
Siçan geri nəzarəti,bəli,1
Part number,21WT0059FW,1
Akkumulyator,Daxili 1000 mAh təkrar doldurulan batareya,1
Uyğunluq,HPE ProLiant Gen10 Plus / Gen11 (Network Choice OCP yuvası),1
Part number,CF351A,1
Klaviatura,rəqəm bloku,6
Çəki,7.38 kq,1
Part number,006R04764,1
LED işıq,Üst paneldə 16 mln rəng kontur işığı,5
Təyinat,Masaüstü fərdi kompüterlər (Desktop PC).,1
Simsiz şarj,2 × 15 W Max.,1
PoE,"1 × 2.5GbE LAN PoE+ (IEEE 802.3af/at), port P1",1
Ekran,"15.6"" FHD (1920×1080), 120 Hz",3
Aylıq yük,200000 səh/ay,1
Model,LS1005 (LiteWave 5-Port 10/100 m Desktop Switch),1
Part number,R2J63A,1
Ölçü,119 × 64 × 41 mm,1
Qrafika,RTX PRO 2000 8GB,1
Standart,IEEE 802.11ax/ac/n (Wi-Fi 6),1
Səs gücü,12 Vt,4
Batareya,3000 mAh Li-ion,1
Çəki,8.72 q,2
Model,YNDX-00025-GREEN,1
Su keçirməzlik,IP67,1
Part number,161-BBPH,1
Batareya,VRLA · 2 × 8 × 12 V × 9 Ah,1
Məsafə,550 m (multi-mode),1
Notebook compartment (ShhVhT),35.4x26.8x3.6 cm,1
Part number,FVE-100E,1
Ölçülər,99.8 × 98 × 25 mm,2
Qoruma,Overheating,2
Bağlantı,Bluetooth + Jabra Link 380c (USB-C) MS adapter,3
Anten,"2 × inteqrasiya olunmuş omni, TX 23 dBm (2.4/5 GHz)",1
EAN,0197192348017,1
Stereocüt,Bəli (iki Layt 1-ci nəsil),5
Part number,18H24AA,1
Ölçü,52.7 × 17 × 8.2 mm,3
Format,75% (81 düymə),1
PoE,139 W Class 4,1
Model,PB561,1
Məhsul tipi,HDD/SSD enclosure,1
Part number,B85P1EA,1
Akselerasiya,"SP5 ASIC, TPM; PoE üçün 54 V adapter",1
Part number,2E-KG325UB,1
Part number,2E-CBN5216BK,1
Eyni anda TCP sessiyalar,700 000,4
Yazma sürəti,495 MB/s,1
Sertifikat,"CE, FCC, BSMI, EAC",1
Tip,Fit Layer 2+ Gigabit PoE+ kommutator (EnGenius FitSwitch 24 Full PoE),1
Rail kit,Daxil deyil (RMKIT18-32 ayrı satılır),1
Model,Lenovo 65 W USB-C Wall Adapter,1
Tam ad,HPE DL300 Gen10 Plus 2U 8SFF x1 Tri-Mode 24 q U.3 BC Front Drive Cage Kit,1
Kabel,1.8 metr elastik parça toxumalı USB kabel,1
Konnektor,"USB Type-A dişi, 10 000 plug/unplug testi",17
Key Features,conductor material: copper / automatic power switch / grounding indicator / protection indicator,1
Şəbəkə standartları,"IEEE 802.3, IEEE 802.3ab, IEEE 802.3u",1
Çıxış,4× Mini DisplayPort,2
Zəmanət,2 il (HPE Instant On AP),1
Batareya,Dəyişilən Li-Ion; rəsmi ~50 dəq 4K yazı. Dəstdə 2 batareya + şarj qutusu,1
Qeyd,addlink D60 (ad1920GBD60M2P) deyil — P/N B100P-dir; D60 spec-i qarışdırılmayıb,1
Part number,460-BFDD,1
Part number,ad2TBP50DK,1
RAM (bu konfiq),"8 GB (1 × 8 GB) DDR4-3200 SO-DIMM, tək kanal; 2 yuva, maks. 32 GB",1
Yaddaş,1TB PCIe-4x4 2280 SSD,6
Form faktor,Desktop,2
Tip,FortiGate 40F — desktop NGFW + SD-WAN,1
Model,Alienware AW2725DF,1
Part number,57Y4303,1
Çıxış,150 Vərəq,1
Qidalanma,1×AA (və ya AAA adapter),2
Part Number,BS1T5AA,1
Part number,RZ02-03332300-R3M1,1
Model,Dell 2.4TB 10K RPM SAS ISE 12Gbps 512e 2.5in Hot-plug Hard Drive 3.5in HYB CARR,1
Key Features,2 USB ports tip A cihazların şarj edilməsi üçün / LED indicator / fire-resistant casing,1
Format,Full-size 108 düymə,1
EAN,4549821402403,1
Yaddaş,"1 TB SSD NVMe, TLC",1
USB,USB-A (konfiqurasiya),1
Məhsul tipi,Headphones,2
Prosessor,"Intel Core Ultra 7 258 V | 8C(4P+4LPE)/8T, turbo 4.8 GHz",1
Çəki,293 q,1
Enerji,"230 W (standby 0,5 W)",1
HDMI,1 × HDMI 1.4b (4K30),1
Güc,6.000 VA / 6.000 W,1
Tətbiq,Ofis / UC,1
Çəki / ölçülər,Starting at 1.60 kq (3.53 lbs),1
Şəbəkə,Broadcom BCM57412 10Gb 2-port SFP+ OCP3 (Network Choice),1
Prosessor,"Intel Core Ultra 5 225U | 12C(2P+8E+2LPE)/14T, turbo 4.8 GHz",3
Uyğunluq,"PC, PS5, Nintendo Switch, Mac, mobil; NGENUITY",1
Kommunikasiya,"Mini Slot ×2, USB, RS-232, dry contact, REPO",2
İdarəetmə və funksiyalar,"Ruijie Cloud App və Web GUI vasitəsilə məsafədən ömürlük pulsuz bulud idarəetməsi, STP/RSTP, IGMP Snooping, Port Isolation, Loop Prevention, DHCP Snooping",1
Part number,SEDC1000BM8/960 q,1
EAN,0196188048702,1
"Çap sürəti (qara, draft)",20 səh/dəq,1
Əlavə xüsusiyyətlər,ThinkPad X12 Tablet Protective Case,1
Model,HP E32k G5 4K,1
Şəbəkə,Gigabit Ethernet (10/100/1000),1
Firewall (1518/512/64 byte UDP),10 / 10 / 7 Gbps,2
Part number,RZ01-04650100-R3M1,1
Tezlik,80 - 20000,5
Konnektor 2 forma,Straight,21
Tip,"IEEE 802.3at PoE midspan injektor, Instant On",1
Konnektor,SFP+ → SFP+,2
Çəki,3.47 kq,1
Volume,0.0011 m³,2
EAN,0197029611727,1
Model,HP EliteBook x360 1040 G10,1
Tezlik,3200 MHz / 3200 MT/s,5
Portlar və interfeyslər,"1 × HDMI 1.4, 1 × VGA (D-Sub), Audio çıxış (3.5 mm)",1
Tip,IP Video Phone,1
Part number,63D7UAT3EU,1
Dinamik,"2 genişzolaqlı 15 Vt / 63,5 mm + 2 passiv radiator (49,6 × 125,5 mm)",3
Çəki,"70,8 kq",1
Korpus,OCP3.0,1
Part number,2E-BPN6316BK,1
Model,SRTG10KXLI,1
Tip,"FortiGate 100F — 1U NGFW + SD-WAN, dual PSU",1
Ümumi güc,38 W,1
Tip,"FortiGate 121 q — 1U NGFW + SD-WAN, dual AC + SSD",1
Mounting type,classic (tower),5
Çəki,99 q,2
PoE / qidalanma,IEEE 802.3at PoE+; max 15.9 W,2
Part number,2E-SP515M5BK,1
İlk səhifə (rəng),17 san,1
SLC cache,SLC 25GB,1
Part number,BZ2X3EA,1
Montaj,desktop,2
Part number,8AF71A,1
Kontroller,SMI SM2508,3
"Internal compartments 3.5""",2 pcs (1),2
Volume,0.0036 m³,2
Ekran,"5,59 cm (2.2"")",2
Model,HP Color LaserJet Pro MFP M183fw,1
Tip,Cloud idarə olunan tavan Access Point (EnGenius Cloud),4
Buffer,Unbuffered,15
Zəmanət,Limited Lifetime (Fortinet hardware),17
RAID dəstəyi,"PERC H345/H745/H755, HBA355i, S150",2
Təkər,"fırlanan, əyləcli",1
Məsafə,30 m-ə qədər,1
Təhlükəsizlik,"WEP/WPA/WPA2/WPA3, IEEE 802.1X, RADIUS, MAC filter, rogue AP",1
Ölçü,940 × 410 × 3 mm,1
Dimensions ( HxWxD ),225x125x380 mm,1
Seriya,Vertiv Liebert GXE3,1
Çəki,970 q,2
Çəki,2.48 kq,1
HDMI versiya,1.4,1
Part Number,8R2E7AA,1
Ekran,"15.6"" Full HD (1920×1080) VA, anti-glare 250 nit",3
Həll (qara),1200 x 1200 dpi,23
Ölçü,120 × 63 × 41 mm,1
Bağlantı,"Wired, USB",14
Düymə sayı,84 pcs,1
Batareya,90 saata qədər (işıq sönülü),2
Model,MF211 (2E-MF211WR),1
Part Number,GXT5-10KIRT5UXLE,1
Çəki,311 q,1
İş temperaturu,0°C – 40°C,2
Portlar,"HDMI, 2×DP, RJ45, USB-C upstream, 3×USB-A, USB-C downstream",1
Ölçülər,34 × 180 × 145 mm,1
Gərginlik,1.1 V (5600 JEDEC SKU),2
Tip,DDR5 SODIMM (ValueRAM),3
Ölçü,30 (H) × 69.6 (L) mm,2
Mikrofon əhatəsi,"360 dərəcə otaq əhatəsi (orta və böyük iclas otaqları üçün ideal), xarici əlavə mikrofon dəstəyi",1
Tip,Temperatur və rütubət sensoru,1
Tip,A/b lazer printer (yalnız çap),1
Seriya,Yandex Hub cihazlar üçün,1
EAN,4549821425839,1
Model,CD318,2
Zəmanət,2 il (elektronika və batareya),1
Tip,2-bay tower NAS,3
Model,14202-09,1
İdarəetmə,"Ruijie Cloud tətbiqi, SON (Öz-özünü təşkil edən şəbəkə), Port Mirroring, Loop Prevention, Kabel diaqnostikası",1
L2+ funksiyalar,"VLAN, QoS, LAG, ACL, static routing",1
Statik kontrast,3000:1,1
Volume,0.0244 m³,1
Part number,S0G18A,1
Xətlər,12 line,1
USB-A çıxış,10 V/2.25A · 5 V/3A · 9 V/2A · 12 V/1.5A,1
Genişlənmə,"1 × PCIe x16 half-height, 1 × PCIe x1 half-height, 1 × M.2 SSD, 1 × M.2 WLAN, 1 × 3.5""/2.5"" SATA",1
Xüsusiyyətlər,"Veb interfeys, avtomatik provayzinq (TFTP/HTTP/HTTPS), zəng transferi, konfrans",1
Ölçü,457 × 88 × 22 mm,1
Komplekt,Dell MS116 siçan + Dell KB216 klaviatura,1
Part Number,4P4F4AA,1
Zəmanət,1 il (Xerox),11
Model,HP S7 Pro 732pk 4K,1
Part number,2E-43A07B,1
Portlar,"DP 1.4, 2× HDMI 2.1 (eARC), USB hub",1
Part number,R8N89A,1
Təyinat,Hərəkət və otaq işığının ölçülməsi,1
Empedans,16 Ω,1
Sürücü,30 mm dynamic,5
VESA,100 × 100 mm,7
Uyğunluq,Mobile phone/Smartphone,4
Layout,1 x 16 GB,4
PCIe,"PCIe 4.0, 64 xətt",2
Part number,2E-HG315WT-7.1,1
Ölçülər,35x101x62 mm,1
Model,Dell Multimedia Keyboard KB216,1
Xüsusiyyətlər,Padded sleeve; luggage pass-through,1
BLF / Speed Dial,40 digital düymə,1
Kommunikasiya,"USB, Serial, IntelliSlot (opsional RDU101 / SNMP)",1
Part number,EWS377AP,1
Keçid tutumu,56 Gbps,10
Prosessor (bu konfiq),"Intel Xeon E-2314 — 4 nüvə / 4 axın (Hyper-Threading yoxdur), 2.80 GHz / turbo 4.50 GHz, 8 MB Smart Cache, 65 W",1
USB,2 × USB 3.2 Gen 1,1
Tip,low-profile simsiz mexaniki klaviatura,5
Şarj mənbəyi,AC,1
Növ,"Portativ xarici SSD, 3D NAND flash",5
İlk səhifə (rəng),"6,5 san",1
Yenilənmə,240 Hz,1
Bağlantı,2.4 GHz + Bluetooth,1
EAN,4549821113156,1
Bağlantı,"Wireless, Bluetooth + USB Type-C",1
Part number,RZ02-03330400-R3M1,1
Davamlı ötürmə,"275 MB/s / 262 MiB/s (davamlı, OD)",1
Portlar,"HDMI, USB-C upstream, USB-C downstream",1
Model,PB503,1
İş yükü,180 TB/il; 64 HD kamera; 8 yuvaya qədər; RV sensor,2
Rəng,Qızılı / şampan (C),2
Part number,12SAA0C7GW,1
HDD tutumu,4000 GB,1
Multimedia,"USB 2.0 portu (MP3 audio pleyer, rəqəmsal foto çərçivəsi, RSS xəbər oxuyucu)",1
Ayırdetmə dəqiqliyi,1920 × 1080 Full HD,1
Prosessor,"1 × Intel Xeon Silver 4314 (16 nüvə, 2.4/3.4 GHz, 24 MB, 135 W, Ice Lake)",1
Part number,JL811A,1
Akselerasiya,"SP5 ASIC, TPM, BLE",3
EAN,0196548243617,1
Əlavə xüsusiyyətlər,"SSD Opal şifrələmə; Korpus: Carbon fiber hybrid (top), aluminium (bottom)",1
Funksiya,"Web monitorinq, WoL, planlı on/off, batareya testi, e-mail/SMS",1
Ölçülər,KB 43.33×12.15×2.836 cm / 561 q; Mouse 6.97×11.45×4.16 cm / 84 q,1
Part number,12SAA0C9GW,1
Ölçü (E×D×H),111.2 × 173.6 × 30.3 mm,2
Model,2699-820-109,1
TDP,165 W,1
Ethernet,Gigabit,5
Ethernet,Dual Gigabit,1
Part number,2E-MF170UB,1
Portlar,5 × 2.5 q RJ-45,1
Audio,HD voice,1
İş temperaturu,0–55 °C,1
Uyğunluq,"Windows, macOS, iOS/iPadOS, Linux, ChromeOS, Android",7
Part number,2E-KS260WB_CI,1
Seq. oxuma/yazma,"500 / 450 MB/s (rəsmi S20 datasheet, 256 GB)",1
Standart,10GBASE-CR,2
Model,HP EliteBook X Flip G1i 14,2
Model,Lenovo 2-in-1 Laptop Stand,1
Part number,MR.WTC09U66MN.02,1
A type,wall mount,3
Random yazma (4KB),24000 IOPS,1
Part number,2E-SK7IN1,1
RAID nəzarətçi,PERC H355,2
NAND,3D TLC NAND,6
Part Number,4P5E1AX,1
Bağlantı,USB-C / USB-A,6
Erqonomika,for right-handers,1
Antenalar,2 ədəd xarici tənzimlənən antena,1
Maximum perceived frequency,20 kHz,1
Çıxış sayı,3 outputs,2
USB 3.0 connectors,2 pcs,1
Seriya,Apacer AC630,1
Zəmanət,3 il (HyperX Armada),2
İş temperaturu,0 - 60 °C,15
Runtime,24 h,1
Seriya,Apacer AH353,2
Ötürmə,41.66 Mpps,2
Tövsiyə olunan həcm,150 - 2500 səh/ay,4
MTBF,2 500 000 saat; UBER 1/10¹⁵; AFR 0.35%,3
Maximum resolution HDMI / DVI,3840x2160 30 Hz,1
Qrafika,NVIDIA GeForce RTX 5060 8GB,4
Surge Protection,350 J,1
Video,"NTSC: 4K30 4:3, 4K60 16:9, 2.7K90 4:3, 2.7K120 16:9, 1440P180, 1080P200. PAL: 4K25 4:3, 4K50 16:9, 2.7K75 4:3, 2.7K100 16:9, 1440P150, 1080P200. 8K time-lapse. Slow-mo: 16x / 8x / 4x / 2x. Codec: H.264 / H.265",1
Çəki,320 q,3
Tip,Simsiz ssenari düyməsi,1
Portlar,5 × GbE RJ45 (hər biri software ilə WAN və ya LAN),1
Starting current,1800 mA,1
Established batteries,1 pcs 12 V / 8Ah,1
Portlar,24 × RJ-45 10/100/1000 Class 4 PoE,3
Operativ yaddaş,8GB DDR5 5600,1
Qatlanan,Bəli,1
Model,GWN7803,1
Prosessor,"Intel Core Ultra 5 125U (12 nüvə / 14 axın, 1.3–4.3 GHz, 12 MB keş, 15 W, NPU ~11 TOPS)",6
Ötürmə sürəti,10 Gbps (10 q Ethernet / 10 q FC),1
Kartric,"DM1: HP 141A Black LaserJet Toner Cartridge (~950 pages), W1410A; DM2: HP 142A Black LaserJet Toner Cartridge (~950), W1420A, EM1: HP 150A Black LaserJet Toner Cartridge (~975), W1500A; DM1-2: HP 141/142 Toner Black Welcome Rep HC Kit (~1250), W8006J",1
PCIe,3 × PCIe Gen4 (2× x4 + 1× x8),1
Seriya,Razer BlackShark V3,4
MTBF,1800000 h,4
UHS,UHS-I,13
Uyğunluq,"PC, PS5, PS4, Xbox Series X|S, and Xbox One; Software Compatibility: NGENUITY",2
Ekran,"27"", QHD 2560x1440, IPS, 350 nits, 120 Hz",1
Bluetooth,5.2,2
Komplekt,mouse / batteries AAAx2,3
Tip,"Inkjet MFP (rəngli, tank sistemi)",1
Enerji,"typical 160 W, maks. 320 W (100–240 V)",1
Toxunuş,"IR Zero Bonding Gen2, 40 nöqtəyə qədər",3
Çəki,3.43 kq,1
Çəki,"təxminən 1,4 kq",1
Qeyd,OEM SKU HDEB00SGEA51F; Persistent Write Cache (512e); idle-A 4.38 W,1
USB,"Type-A 2,4 A + Type-C",1
Fiş tipi,Type C,4
Part number,FS-148F,1
İşıqlandırma,Şəffaf korpusu bürüyən dinamik RGB Dynamic Glow işıqlandırma,1
DPI,4000,1
Part number,94F44AA,1
Model,BE650G2-GR,1
Part number,401-ABHS,1
Wi-Fi,Var,8
Part number,2E2gen2343tilt,1
Portlar,"2× HDMI, DP, USB-C",1
Contents of delivery,set of fasteners / manual / chassis,2
Part number,7KW56A,1
Qoruma,MIL-STD-810 q 516.6 hərbi düşmə testi; anti-slip tekstura,1
Tip,Rack montaj tray — FortiGate desktop modelləri üçün,1
VPK / MPK,32 VPK · 10 MPK,1
"""100 W Fast Charge","With up to 100 W power delivery, this 100 W USB C to USB C Cable charges MacBook Pro to 55% within 35mins, which is 1.5 times faster than a 60 W USB C cable.",4
Görüntü imkanı,3440 × 1440 @ 180 Hz,1
Ölçü (D×E×H),253 × 443 × 43.9 mm,2
Çəki,0.24 kq,2
Prosessor,"Intel Core i7-14700F (20 nüvə / 28 axın, 2.1–5.4 GHz, 33 MB keş, 65 W, inteqrasiya olunmuş qrafika yoxdur)",3
Çəki / ölçülər,14.6 kq (32.19 lbs) | 947.6x279.4x641.2 mm,1
İlk səhifə (qara),"5,7 san",1
Ölçülər,80 × 78 × 77 mm,1
Çözünürlük,4K@60 Hz,2
Part Number,7G8F1AA,1
Seriya,Nexode S,3
Part number,SDCG3/512GB,1
Tip,"USB–RJ45 konsol kabeli, 10 ədəd paket",1
Thickness,2 mm,4
Uplink,4 × 10 q SFP+,1
Komplekt,AA battery / USB wireless receiver / mouse / additional removable cover,1
Ölçülər,540.0 × 57.9 × 354.3 mm,2
Part number,P28586-B21,1
Stabilizasiya,"EIS 2.0, 6 oxlu giroskop",1
CAS latency,CL46-46-46 (praysda CK46 = CL46),2
Portlar,"RJ-9 qulaqlıq yuvası, Cisco 7914 genişləndirmə modulu dəstəyi",1
Batareya,120 saat; şarj ~4.5 saat,2
IoT,Onboard BLE/Zigbee (selectable) · USB 2.0 · TPM 2.0 · Secure Boot,1
Çəki,920 q,1
Çəki,7.3 q,1
PCIe,2 × PCIe Gen3 x4,6
Tip,Instant On 48 V DC power adapter (AP üçün),1
Ölçülər (U×E×H),"420 × 280 × 366,5 mm",1
Yük,600 kq statik,1
Model,Lenovo ThinkPad X12 Detachable Gen 2,1
Çəki,597 q,1
Gücləndirici,2 × Hi-Fi Class D,4
Aksesuar,USB kabel,19
Model,HP Color LaserJet Pro MFP 3303fdw,1
Model,HP NVIDIA RTX A4000 16GB,1
Konnektor,Standart MC4,3
Luminous flow,220 lm,1
Qrafika,İnteqrasiya olunmuş qrafika (UMA),16
Giriş diapazonu,305–478 Vac (tam yük),2
Part number,21US004SFW,1
Bağlantı,"USB-C, çıxarılan kabel (2.95 m)",1
OS Compatibility,Windows 10/7 Və əvvəlki versiyalar / Mac OS / Linux,2
Xətt sayı,"4 proqramlaşdırılan xətt/SIP düyməsi (iki rəngli LED), 4 kontekstual soft-düymə",1
Power Lifting Mode,2.000 W,1
Model,AC50P,1
İlk səhifə (qara),"12,4 san",3
Protokollar,SIP (Cisco CUCM / CME / Webex),1
Səs,"<55 dBA (arxa, 1 m)",3
Ekran,5 düym (320 × 222 piksel) 4-bit boz tonlu (grayscale) qrafik LCD,2
Part number,FVE-20E4,1
Tutum,960 GB,5
Model,271V8L/00 (V-Line),1
Seriya,Kingston DC1000B,1
Diaqonal,"23.8"" (60.5 sm) IPS, 16:9, düz",1
Model,RPS-60 W-B,1
Qeyd,MP200 üçün rəsmi istifadəçi təlimatına əsasən; bəzi yenilənmiş 200 W panellərdə (PV200) elektrik parametrləri fərqli ola bilər.,1
Port sayı,6 Gigabit Ethernet,1
Rank,2Rx8 (Dual Rank),2
Uyğunluq,"Windows, macOS, iOS/iPadOS, Linux, ChromeOS, Android; EV/Tesla dashcam",1
Part number,ST10000VE001,1
Compatibility with fasteners VESA,75x75 mm / 100x100 mm / 100x200 mm / 200x100 mm / 200x200 mm / 50x50 mm / 100x150 mm / 150x100 mm / 150x150 mm,1
Adapter,microSD → SD adapter (rəsmi 512 GB görüntü),1
Uyğunluq,AP25 (R9B28A) tavanə oturtmaq üçün,1
Model,Lenovo Essential Wireless Combo Keyboard and Mouse,1
Yaddaş,microSD kart dəstəyi,1
Tip,Ağıllı ev mərkəzi (hub),1
Prosessor,"Intel Core i5-14400 (10 nüvə / 16 axın, 2.5–4.7 GHz, 20 MB keş, 65 W)",1
Part number,2E-MF300WBK,1
Part nömrəsi,NWA55AXE-EU0102F,1
Ölçü (Y×E×D),46.25 × 17.4 × 64.8 sm,1
Spring mechanism type,pneumatic,1
Səth,"Cloth,Rubber",5
Çəki,556 q,1
Part number,13QF003AGV,1
USB-C port sayı,1,17
Number of sheets to be destroyed at a time,5 A4,1
Konnektor 2,3.5 mm male,1
Part number,A08KGAA,1
Simsiz,"Wi-Fi 7 (Intel BE201), Bluetooth 5.4",2
Seriya,Kingston XS2000,2
Model,GRP2616,1
İnterfeys,NL-SAS 12 Gb/s,1
Busylight,Bəli (seriya xüsusiyyəti),1
Kabel girişi,Tavan və döşəmə keçidləri; alt 300×250 mm sürüşən,1
Prosessor,Intel Core Ultra 5 225U | 12MB cache,2
İdarəetmə,LCD + LED,1
Video,eyni anda yalnız 1 video çıxışı; DP/HDMI 4K@60 Hz; VGA 1080p,1
Tip,Noutbuk qabı (sleeve),1
Qohum SKU,R0Q47A — eyni 1.92 TB M2 SSD tək ədəd,1
Çəki / ölçülər,Starting at 962 q (2.12 lbs),2
Part number,8D6B7AA,1
CPU,"AMD Ryzen Embedded V1500B 4C/8T 2.2 GHz, AES-NI",7
Rəng,Açıq mavi (Cisco Light Blue),1
RJ45 port sayı,1,5
OS,"Windows, macOS, Linux, ChromeOS",12
Combo jack,Bəli,1
Giriş,"Hardwire (L+N+G), nominal 230 VAC",1
Contrast (static),1000:1,3
Aylıq yük,40000 səh/ay,4
Kartric,"HP 145A Original Black LaserJet Toner CartridgeW1450A (~1,700 yield); HP 145AX Original Black LaserJet Toner CartridgeW1450X (~3,800 yield)",1
Anten,İnteqrasiya olunmuş omni (2.4: 4 dBi / 5: 5 dBi),1
Model,"Dell Pro Lite 14"" Business Case",1
Rəng,Jet Black,8
M.2,2 × M.2 2280 PCIe Gen3 x1 NVMe (keş),1
Bağlantı,Bluetooth + Jabra Link 390a (USB-A),1
Tip,AC adapter (barrel) + USB şarj çıxışı,1
Həll (rəng),4800 x 1200 dpi,8
Təyinat,Masaüstü kompüterlər üçün operativ yaddaş.,1
Maksimal məsafə,20 km (Single Mode SMF 9/125um),1
Tip,Web managed 10GbE/2.5GbE kommutator,1
Səs,Hər fan 43–47 dB,1
Part number,9YF95A,1
Uyğunluq,SE 2020/11 /11 Pro / 11 Pro Max /,1
Uyğun məhsullar,Huawei P40 / P40 Pro / P30 Pro / P20 / P20 Pro / Mate 20 Pro / Mate 10 Pro / Nova 5 Pro ;,1
Uyğunluq,"Xerox C230, C235",4
Lent qoruma,IP65,2
Daxili portlar,Internal: 8 SAS lanes across 2 x4 Mini-SAS ports,2
Fan sayı,2 fan(s),1
Tip,Full-size klaviatura bilək dayaqı,1
Model,Dell P2725HE,1
Forma,Mono (tək qulaq),1
Part number,RZ04-05220400-R3M1,1
Part number,2E-ED850,1
EAN,0767041026658,1
Part number,AP1TBAS723B-1,1
Seriya,Yandex ağıllı lampa RGB Matter,1
Model,Dell UltraSharp U3226 q,1
Part number,AG16GB56C46S5UB,1
Çəki,3.1 kq,1
Model,GWN7802P,1
Part number,RZ04-05170100-R3M1,1
Model,HP LaserJet Pro MFP 4103dw,1
Part number,460-BDQP,1
Tip,Fit idarə olunan indoor Access Point (EnGenius Fit),3
MU-MIMO,2×2 2.4 q + 2×2 5 q,1
Part number,P67850-B21,1
Portlar,16 × RJ-45 10/100/1000 Class 4 PoE,1
Batareya,1550 mAh × 2; 4K-da ~90 dəq. Sport Combo-da 2 batareya + şarj qutusu,1
Part number,RZ04-05350200-R3M1,1
Part number,006R04827,1
USB-C PD,65 W,3
Part number,86D58EA,1
Operativ yaddaş,8GB (2x4GB) DDR4 3200,1
Tip,Professional wireless DECT headset,1
Power Lifting Mode,600 W,1
Part number,21QE0063FW,1
Qidalanma,"1 faza, 230/250 V AC",1
Çəki / ölçülər,Starting at 1.63 kq (3.58 lbs),2
İdarəetmə,"Web Smart (VLAN, QoS, IGMP snooping, loop prevention, port aggregation)",1
Bağlantı,2.4 GHz / Bluetooth,2
Genişlənmə,"xarici EBC (auto-detection), məs. GXT5-EBC192VRT3U",1
Batareya,VRLA · Nominal ±240 Vdc (konfiqurasiya oluna bilər),2
OEM kod,CF212A,1
Çəki,722 q,1
SmartTV,✔️ A53x4 core,2
Qidalanma,"USB Type-C, USB PD, 20 V / 3,25 A",3
Protokollar,"SNMP, HTTP(S), Modbus TCP",1
Təyinat,Masaüstü kompüterlər.,3
Çəki,380 q,1
Uyğunluq,"- PowerEdge R640, - PowerEdge R740, - PowerEdge R740XD, - PowerEdge C6420, - PowerEdge R440, - PowerEdge R540, - PowerEdge R6415, - PowerEdge R7415, - PowerEdge R7425, - PowerVault NX3240, - PowerEdge R240, - PowerEdge R",1
Ölçü (D×E×H),93 × 116 × 26 mm,1
Part number,TS-AI642-8 q,1
Part number,901-R770-WW00-DEMO,1
Capacity,22 l,1
Part number,3G632A,1
CPU,"Intel Celeron N5095 4C/4T, burst 2.9 GHz, UHD Graphics, AES-NI",4
İnterfeys,SATA 6 Gb/s (SATA III),7
Həcm,1 GB,1
Yazma sürəti,255 MB/s,1
Dizayn,"Qapaqsız super-mini, qayış dəliyi",1
Çəki,66 q,1
Növ,PCIe RAID nəzarətçi,1
Akselerasiya,"SoC4 ASIC, TPM, fanless desktop; dual-radio 802.11a/b/g/n/ac/ax (2.4/5 GHz)",1
Ekran,"16.0"" QHD+ 2.5K WVA IPS, 120 Hz, Non-Touch",1
Audio,MIC in + audio jack,1
CAS latency,45,1
Təyinat,Yüksək TDP konfiqurasiyalar və max. performans soyutması,1
Bağlantı,"Wireless, RF Wireless + Bluetooth + USB Type-A",2
Rank / təşkilat,1RX8,1
Model,GWN7660E,1
Aylıq yük,250000 səh/ay,1
Sensor,Focus+ 26K,1
Portlar,"USB-C (video+data+65 Vt), HDMI 1.4, DisplayPort 1.4 in, DisplayPort 1.4 out, 4 × USB-A 3.2 Gen 1, RJ-45 Gigabit",1
Model,BE850G2-GR,1
Kabel,Cat 6a tövsiyə; dəstdə USB4 C-to-C,1
Ölçü,940 × 410 × 4 mm (XXL),1
Uplink,6 × 100 q QSFP28,1
Tövsiyə olunan həcm,150 - 1500 səh/ay,2
RAM,1 Gb,2
Tip,Unmanaged Switch,3
Form faktor,SFF,8
Part number,BE650G2-GR,1
Çəki,təxm. 1.17 kq,1
Çəki,"təxminən 22,5 kq",1
Qida,"1 × 1000 W Flex Slot Titanium hot-plug, redundant dəstəyi",1
Tip,Simsiz presenter / lazer göstərici,1
Uyğunluq,"Xbox Series X|S, PC, Switch, Mac, mobil",1
Akselerasiya,"SP5 ASIC, TPM, 1U, dual AC",2
Brend,TP-Link,7
Part number,470-AEUP,1
Ölçülər (U×E×H),151 × 65 × 100 mm,1
LED indikator,Bəli,11
IP,IP54,1
Maks. sürət,1.2 Gbps (5 GHz) + 574 Mbps (2.4 GHz),1
Firewall (1518/512/64 byte UDP),10 / 10 / 10 Gbps,2
Ölçülər,37.5x110x61.5 mm,1
Carrier,"3.5"" hot-plug",5
İş temperaturu,0 – 60 °C,13
PoE / qidalanma,IEEE 802.3af/at in; DC 12 V; max 14.2 W,1
Çəki,20 q,2
Tətbiq,UGREEN app · 8 EQ · Game Mode,2
Tip,"DDR4 UDIMM (P4 Value, heatsink yoxdur)",2
Tip,Redundant / əlavə PSU,1
Part number,3FV66AA,1
Model,Dell 24 Plus S2425HSM,1
Hotkeys,12 proqramlana bilən (F1–F12),1
Ölçülər,87.6 × 46.9 × 42.7 mm,3
Qida,"240 Vt daxili PSU, 80 PLUS Bronze",1
Klaviatura,RU,36
Tezlik diapazonu,65–20 000 Hz,6
Part number,8T3Q9ES,1
Çəki,140 q,1
Seriya,Razer Goliathus Chroma,1
RAM,"8 GB DDR4 SODIMM (2 slot, maks. 64 GB, ECC dəstəyi)",4
Genişlənmə,4 × SRTG192XLBP4-ə qədər,2
"Çap sürəti (rəng, ISO)",16 səh/dəq,2
Keyboard layout,cyrillic (ukr) / english,1
Part number,FAP-221E-E,1
Radio,2x2:2 (2.4 GHz) + 4x4:4 (5 GHz) + 2x2:2 (6 GHz) · 8 spatial streams,1
Part number,T7-65,1
Prosessor,"Intel Core Ultra 7 155H (16 nüvə / 22 axın, 1.4–4.8 GHz, 24 MB keş, 28 W, Arc qrafika, NPU ~11 TOPS)",5
Keçid tutumu,48 Gbps,1
Tutum,1800 səhifə,3
Part number,FS-224D-FPOE,1
Qorunma,6kV ildırım qorunması,1
Uyğunluq,Smart-UPS / SmartSlot dəstəkləyən UPS modelləri,1
Ölçülər,29 × 70 × 63 mm,1
İdarəetmə,rəngli LCD (gravity-sensing),1
Polling,8000 Hz (dongle daxil),3
DRAM cache,1GB,6
Part number,40AW065BEU,1
Seriya,Razer Kraken V3 X,1
Bluetooth · USB,Bəli,3
Təyinat,Masaüstü/noutbuk Gen4 upgrade,1
Əlavə xüsusiyyətlər,"AI Face Metering; Super Wide / Wide / Portrait / Narrow bucaq; stereo səs, Human Voice Mode, Dark Light Mode; one-click capture. Ölçü 63×36.5×45 mm; çəki 114.8 q (batareya ilə)",1
Wi-Fi,"IEEE 802.11be (Wi-Fi 7 Certified), tri-radio 2.4 / 5 / 6 GHz, 2×2+2×2+2×2",1
Material,nylon water-repellent,1
Tezlik,3.60 GHz (base = turbo 3.60 GHz),1
Material,Polyester,1
Prosessor,Intel Core Ultra 5 235H vPro,1
Keş,42 MB L3,1
Model,WAX300H,1
Minimum diagonal,"23 """,1
Saat,Yox,17
Ekran,Colour Display,3
Model,HP LaserJet Pro 4003n,1
Tip,2-bay USB hardware RAID DAS,1
Həssaslıq,800 / 1200 / 1600 / 2400 DPI pilləli tənzimləmə,1
The data rate,5 Gb/sec,1
Uyğunluq,"14""–16"" (max 360 × 260 × 25 mm)",1
Compact Foldable Design,"Our wireless charging station is designed to be portable and foldable. It can be folded into a small square, and the height and angle can be adjusted. Compared to similar products, our charger is 40% smaller, making it easier to carry and store when traveling",1
Portlar,"RJ-9 qulaqlıq yuvası, Cisco 7914/7915/7916 genişləndirmə modulu portu",1
Çəki,2.5 kq,2
Xətt / SIP hesabı,"2 SIP hesabı, 2 xətt düyməsi (iki rəngli LED), 3 soft-key, 3 tərəfli konfrans",1
Part number,Panel75,1
Yaddaş sürəti,4800 MT/s,1
Tip,Ventilyator (fan) modulu,1
Akselerasiya,"SoC4 ASIC, 1U, dual AC",1
Audio formats supported,"DTS, PCM, DSD, AC3",1
Kommunikasiya,"USB, EPO, IntelliSlot (opsional IS-UNITY / RDU120)",1
Tip,"Indoor Wi-Fi 6E (802.11ax) tri-band access point, Instant On AP32",1
Giriş qabı,60 Vərəq,1
Dual connectivity,eyni anda 2 cihaz,1
Sound power,20 V,1
Ölçü (E×D×H),240 × 105 × 27 mm,1
Tip,2-xətli masaüstü IP telefon (Rəng: Charcoal / Qara),1
Oxuma,200 MB/s,4
Çap texnologiyası,HP termal inkjet (Smart Tank),1
IPS,1.4 Gbps,4
Part number,RZ04-03240800-R3M1,1
Protokollar,SCCP və SIP (Cisco CUCM / CME),1
Konnektor 1,DisplayPort,2
Ümumi güc,18 W,2
Model,HP LaserJet Enterprise M806dn,1
Model,Dell 12TB 7.2K SAS ISE 12Gbps 512e 3.5in Hot-Plug Hard Drive,1
Kabel,1.5 metr USB kabel,1
Part number,FG-40F,1
Part number,ST20000NM002H,1
Part number,RZ04-04530200-R3M1,1
Həcm,17.8 l,1
Part number,2E-HG330WT-7.1,1
Reach,10 m (2.4GHz),1
Çəki (netto),3.18 kq,1
Model,Lenovo USB-C to 4 Port USB-A Hub,1
Delik tipi,9.5 × 9.5 mm square-hole və ya 7.1 mm round-hole,1
Seriya,Kingston ValueRAM,12
Min. çıxış gərginliyi,3.3 V,3
Korpus,"SFF, qara; üfüqi/şaquli yerləşdirmə",1
Batareya ömrü,140 saata qədər,2
PPS,Bəli,1
Noise level,65 dB,1
Sürət,10 GbE,6
Çəki,154 q,1
Power supply,from the power grid 5 VDC / battery 3.7 V,1
Çəki,17.6 q,2
EAN,4549821073382,1
Part Number,B4QS3AA,1
Volume,0.0243 m³,1
CPU,Octa-core (4× Cortex-A76 + 4× Cortex-A55),7
Skaner,ADF scanner,1
Model,CP-7945 q (Hardware V06),1
Səs gücü,50 Vt,3
Rəng,Sunrise Red (qırmızı),2
CPU,"Intel Core i5-12450H (2,4–4,2 GHz)",1
Height adjustment,130 mm,1
Çıxış (9 V),2 A,1
Qidalanma,802.3af Class 3 PoE max 10.1 W; DC 12 V max 8.8 W (ayrıca),1
Sürücü,Razer TriForce Bio-Cellulose 40 mm,1
Zəmanət,2 il (EnGenius Cloud outdoor),2
Part number,BY6U2ET,1
Material,plastic ABS,2
ANC / busylight,Evolve2 85 seriya funksiyaları,1
Part number,2E-MK420WB,1
Məqsəd,Runtime genişləndirmə,1
Şarj cərəyanı,8 A-ə qədər,2
Vəziyyəti,Yeni,38
Oxuma / yazma,7400 / 7000 MB/s,1
Qeyd,"Tam model WUH722016CLE6L4 (Base SE, Legacy Pin 3, NP3); Sanitize Overwrite; işçi 6.4 W, idle 5.3 W; 5–60 °C; OEM P/N 0B48722",1
Ekran,"27"" FHD (1920x1080) IPS (neo 50a 27 Gen 6)",2
Tip,"Enterprise Layer 2/L3 stackable kommutator, ArubaOS-Switch (Aruba 2930F)",6
Part number,SDCG4/128GB,1
Tip,In-Wall Wi-Fi 6 Access Point,1
Diaqnostika,"DDM / DOM (Real vaxtda temperatur, güc və siqnal monitorinqi)",1
Output voltage,220 V / 230 V / 240 V,5
Yaddaş layout,1 x 32 GB,1
Bağlantı,USB 3.0 → RJ45,1
Toxunuş,"Zero Bonding IR Gen2, 40 nöqtə",1
Çəki / ölçülər,5.9 kq (13 lbs) | 539.8x190.0x385.2 mm,1
Model,HP S7 Pro 727pq QHD,1
Operativ yaddaş,32GB (1x32GB) DDR5 5600,9
Yaddaş,512 GB SSD | M.2 2280 | PCIe 4.0 | QLC,1
Fast Charging,"Our 2-in-1 charger stand is expertly designed for tech enthusiasts, offering a speedy 15 W for your smartphone(7.5 W for iPhone) and a gentle 5 W for wireless earbuds, ensuring both your go-to gadgets charge swiftly together(adapter not included)",1
Type,"with tilt, turn and rotation",6
PoE,65 W Class 4,1
Davamlı ötürmə,"268 MiB/s (davamlı, tip.; bəzi vərəqələrdə 281 MB/s)",1
İlk səhifə (qara),"11,8 san",2
Çıxış,12 V / 5A (60 W),1
Model,HP V27i FHD,1
MTBF,638 691 saat,1
Part number,TS-433-4 q,1
Cavab müddəti,1 ms (MPRT),1
Tip,"FortiGate 91 q — desktop NGFW + SD-WAN, daxili SSD",1
Part Number,6Y2G8AA,1
Rəng,Phantom White,4
Form faktor,"2U rack, 88.6 × 432 × 370.7 mm",3
Prosessor,Intel Core 7 240H,1
Spikerfon,Tam dupleks (Full-duplex) yüksək keyfiyyətli spikerfon,1
Funksiya,"Zəng yazılması, FortiVoice ilə işləyir",1
Tip,USB kabel,2
Çəki,0.55 kq,1
DRAM keş,Yox — HMB,4
Ekran,VA,1
Uplink,4 × 1000Base-X SFP,1
Kontrast,1500:1,10
Part number,2E-MG010,1
Kabel,1.5 metr toxunma parça kabel (USB),1
Bluetooth,"4.2/5.0, BLE",5
Bluetooth,Daxili Bluetooth,1
Portlar,5 × Gigabit Ethernet,2
Duty cycle,175 000 səh/ay; tövsiyə: 20 000,1
Tip,DDR4 UDIMM (ValueRAM),3
VPK,16,1
Giriş gərginlik diapazonu,160–285 V,1
Part number,KVR32S22S8/8WP,1
Çıxış cərəyanı,500 mA,4
Giriş diapazonu,140–300 V,5
Çəki,təxminən 2.0–3.5 kq,1
Xüsusiyyət,Plug & Play / Soft Touch,1
The minimum frequency of the perceived,20 Hz,3
Kontrast,5500:1,1
Part number,804398-B21,1
LED,loqo,2
USB-C çıxış,PD 45 W (5 V/3A · 9 V/3A · 12 V/3A · 15 V/3A · 20 V/2.25A),1
Funksiya,UPS-in şəbəkə üzərindən uzaqdan monitorinqi və idarəetməsi,1
Portlar,Hər modulda 2× Gigabit Ethernet portu (WAN/LAN avtomatik təyin olunur),1
EAN,0197192120217,1
Enerji təchizatı,1 Və ya 2 × AAA/AA batareya (Avtomatik yuxu rejimi),1
Batareya tipi,Lead-acid,15
Rəf,aksesuar/noutbuk rəfi,1
Qeyd,"Rescue Data Recovery; işçi 7.6 W, idle 5.0 W; idle səs 20 dB; 0–65 °C",1
Part number,2E-SPEED-XL-D05-PRO,1
Part number,BK9Z3EA,1
Part number,RZ01-03730400-R3G1,1
Part number,JL253A,1
İşıqlandırma,AlienFX per-key RGB (16.8 m),1
Rəng,black / white,1
RGB,yox (X model),1
Portlar,"2 × USB 3.2 Gen 1 Type-A, 1 × USB 3.2 Gen 2x2 Type-C (DP Alt Mode + Power Delivery), HDMI 1.4, RJ-45, headset, DC-in, microSD",1
Fırlanma sürəti,10000,5
Part number,412-AAYT,1
Bluetooth,"5.0, BLE (yalnız qoşulma)",1
Düymə sayı,5,2
Tip,"Seagate SkyHawk AI 3.5"" nəzarət HDD (ImagePerfect AI, NVR 16+ yuvalı)",1
Xətlər / SIP,2+2 line keys · 2 SIP accounts,1
Part number,RZ03-05003300-R3M1,1
Düymələr,45 proqramlaşdırılan + 10 xüsusi funksiya + 4 soft key,1
Dizayn,"360° swivel qapaq, qayış dəliyi",2
Part number,345-BFVG,1
Şəbəkə portları,2 × 10/100 Mbps avtomatik təyin olunan Fast Ethernet RJ-45,1
Recommended resolution,1920x1080 (Full HD),2
Notebook compartment (ShhVhT),331x248x28 mm cm,1
Part number,RZ04-05180100-R3M1,1
Model,Lenovo ThinkVision P40WD-40,1
Model,GHP621,1
Portlar,"RJ-9 qulaqlıq portu, RJ-9 handset portu, EHS (Electronic Hookswitch) dəstəyi",1
Qeyd,"Standart model; SuperParity; işçi 11.8 W, idle 7.8 W; 5–60 °C",1
Reverse,✔️,2
Forma,"Desktop, xarici PSU",1
Ölçü (H×D×W),44 × 410 × 440 mm,3
Çıxış,"8 × IEC C13 + 1 × IEC C19, 220/230/240 V",1
Tip,"Flush mount sleeve, Instant On AP22",1
Yazma sürəti,480 MB/s,1
PCIe,PCIe Gen4 (3 slota qədər),3
Əlavə xüsusiyyətlər,"Korpus: Aluminium (top), PC-ABS (bottom)",4
Rəng,Qara / çəhrayı,1
Komplekt,"HDMI, qida, USB Touch, Type-C, 2× stylus, pult",1
EAN,4549821281305,1
Model,CP-7961 q (Hardware V01),1
Ölçülər,H 16 cm (tower),1
Battery powered,AA,3
Ölçülər (U×E×H),151 × 98 × 96 mm,1
Tam ad,HPE Networking 25 q SR SFP28 LC 100 m MMF C-Class Transceiver,1
Mürəkkəb,"GT53/GT53XL qara, GT52 rəng şüşələri",1
Model,XGS1935-28,1
Ölçülər,420 × 380 × 292.6 mm,1
Ölçülər (W×D×H),"440 × 760 × 88,2 mm",1
Giriş,5 V / 2 A,1
Model,YNDX-00028BLU,1
Çəki,4.3 kq,1
Portlar,8 × RJ-45 10/100/1000 Mbps + 2 × Gigabit Combo (RJ-45/SFP) — cəmi 10 port,1
Seriya,Amplon RT (3-faza),1
Tutum,30 TB,1
Süni İntellekt (AI) Funksiyaları,"İnsan, ev heyvanı, nəqliyyat, körpə ağlaması, şüşə sınması aşkarlama və ağıllı hərəkət izləmə (Smart Motion Tracking)",1
Barkod,694743654752,1
Ölçülər,44x6.7x4.3,2
Sensor,18K Optical,2
Uyğunluq,Intel və AMD DDR5 mobile platformaları,2
Part number,ST20000NT001,1
Foto,20MP / 16MP / 13MP / 8MP (standart: 20MP). Burst və timer foto. Format: JPEG,1
Qrafika,Intel Arc Graphics 140 V,7
Carrier,"2.5"" hot-plug",9
Qablaşdırmada,Akaso 360 x1 / Battery x3 / Multifunctional Charging Case x1 / AKASO Invisible Selfie Stick x1 / Protective Pouch x1 / USB-C Cable x1 / Lens Cloth x1 / Quick Start Guide x1,1
SLC cache,pSLC 4GB,1
EAN,4514953854307,1
Tipik doldurma müddəti,5 saat,1
Gərginlik,3.3 V ± 5%,4
Part number,D15JWEA,1
Tip,Simsiz oyun qulaqlığı (Cloud III Wireless),1
Part number,P08437-B21,1
Tip,Cat 6 U/UTP LAN kabel,6
"Full ""arm"" length",200 mm,1
Empedans,114 Ω,3
Tip,"Toshiba MG10 3.5"" enterprise HDD (SATA-3.3, 512e Standard)",1
Növ,Original (non-genuine deyil),15
Çəki,3.60–4.52 kq,1
Mikrofon,"AI noise cancellation, beam forming",1
Tip,Şaquli (vertikal) erqonomik səssiz simsiz siçan (Karpal tunel sindromu və bilək yorğunluğunun qarşısını alır),1
Equipment,təmizləyici qələm 3 v 1 / vicokoqyctiy m’yakiy penzlik / klyuc (pemyvep) dlya znyattya klavis / cppey-plyasecka / voloknicta vctavka,1
EAN,0197192827130,1
USB-A 3.0 port sayı,6,1
TBW,700 TB,1
Part number,DTX/256GB,1
CAS latency,CL22-22-22,2
Növ,PCIe RAID / HBA nəzarətçi,1
Part number,6H2D8AA,1
Wi-Fi · Bluetooth,Bəli,1
Zəmanət,5 il (DWPD 1) və ya 3 il (DWPD 1.66),3
Maximum load,9 kq,1
EAN,0767041039627,1
Disk yuvaları,"8 × 3.5"" SATA 6Gb/s (hot-swap)",1
Part number,TS-216 q,1
Prosessor,500 MHz,8
Forma,"3.5"" (hündürlük 20.2 mm)",1
DPI,45 000,2
Part number,006R04765,1
Portlar,Hər modulda 2× Gigabit Ethernet portu (WAN/LAN avtomatik aşkarlama),1
Type,Wireless keyboard,3
Flash/RAM,32 MB / 512 MB,2
EAN,0199251514647,1
Prosessor,Intel Core Ultra 7 266 V (vPro),1
Recommended desktop thickness (grommet mounting),10 mm - 70 mm,3
Maks. yeniləmə,120 Hz,3
Prosessor,Intel Core Ultra 5 225U | P-core 4.80 GHz,3
PoE portları,1–24 (port başına 30 W-ə qədər),2
USB versiya,USB 3.2 Gen 1 (3.1 Gen 1),1
Client,384-ə qədər,1
Giriş gərginliyi,100 - 240 V,15
Batareya tipi,Lead-acid (maintenance-free),1
Threat Protection,1 Gbps,3
Uyğunluq,Windows 10/7 and older versions / macOS / Linux,3
Sürətli şarj texnologiyası,"Quick Charge 2.0, Quick Charge 3.0, Quick Charge 4, Quick Charge 4+",2
Suitcase Fastener,✔️,7
İnterfeys,"USB Type-C, USB 3.2 Gen 1 (5 Gbps)",1
Model,S5120V3-52S-PWR-LI,1
Kağız çəkisi,60 - 176 q/m²,3
Part number,N003O5000SFF_VP_UBU,1
Model,W707,1
Part number,ECW336,1
Model,Dell Intel Xeon Silver 4310,1
Ölçülər,170.5 × 19.3 × 68.9 mm,2
OS,"SUSE Linux Enterprise Server, Microsoft Windows, Red Hat Enterprise Linux",1
Model,NP7.0-12,1
Çəki / ölçülər,Starting at 1.31 kq (2.89 lbs) | 313.6x219.4x16.9 mm,3
Tutum,7 Ah,1
Part number,2E-1MCBUSB,1
Keş,512 MB,7
İnterfeys,"USB 3.2 Gen 2x2 (USB 20Gbps), USB Type-C, UASP",3
Ölçü,360 × 275 × 3 mm (M),1
Qoşulma,İkili simsiz rejim — Bluetooth 5.0 Və 2.4 GHz USB adapter,1
Part number,TS-435XEU-4 q,1
Audio adapters included,Xeyr,1
Tipik doldurma müddəti,3 saat,2
Model,NW102,6
Runtime,15 h (@65 dB SPL),5
Uyğunluq,"PC, Mobile, Nintendo Switch",2
Aylıq yük,50000 səh/ay,9
Model,Lenovo ThinkPad T14 Gen 6,4
Batareya tutumu,1800 mAh 3.7 V,1
Rank,1-rank,2
Part number,P27194-B21,1
Platform,PlayStation 5,1
Görüntü imkanı,2560 × 1440 @ 165–180 Hz,1
Məhsul tipi,Network Management Card (NMC3) — Easy UPS On-Line üçün,1
Barkod,681920373940,1
Funksiya,Easy UPS On-Line (1-Phase) üçün uzaqdan monitorinq və idarəetmə,1
Part number,86D60EA,1
Model,SFP-GE-SX-MM850-A,1
Tip,low-profile simsiz klaviatura,1
NFC,opsional (Sensor Box),3
Part number,R8R47A,1
Model,HP Victus 15L Desktop,1
Seriya,Razer Seiren V3 Mini,1
IoT,BLE / ZigBee,1
Sürətli şarj texnologiyası,"Power Delivery 3.0, Quick Charge 4",3
Part number,A55BGET,1
USB,2 × USB 3.2 Gen 1 + 2 × USB 2.0,1
Soyutma,Graphene heat spreader,1
Şarj,USB-C,5
Operativ yaddaş,16GB (2x8GB) DDR4 3200,4
Operativ yaddaş,32GB DDR5,1
Part number,2E-SP515M2USBWH,1
USB-A 3.0 port sayı,1,6
AC giriş (Turbo),270 W Max.,1
Tip,Foldable wireless stereo headset,1
Montaj,Bracket daxil deyil (R3J18A AP-MNT-D),1
Model,4GB 1Rx8 PC3-12800U-11-12-A1,1
DPI,800 - 1200 - 1600,5
İnterfeys,SFP,1
Portlar,48 × RJ-45 10/100/1000; Class 4 PoE port 1–24,1
Çəki,230 q,5
Çəki,"12,6 kq",3
Screen diagonal,"28 """,1
Maks. ötürmə,1 Mbit/s,2
Çəki,132 q,2
Part number,FG-30 q,1
PoE büdcə,360 W,1
Portlar,Daxili USB-C kabel + USB-C + USB-A (3 cihaz),1
Yaddaş tezliyi,2933 MHz,1
Part number,9X472UT,1
CPU,"Intel Atom C5125 8-core 2.8 GHz, AES-NI",1
Sürət,"oxuma 520 MB/s, yazma 460 MB/s (maks.)",2
Ölçülər,35.9 × 36.5 × 47 mm (Ultra kompakt çəki və ölçü),1
Uyğunluq,"PowerEdge C6420, PowerEdge R640, PowerEdge R740, PowerEdge R740XD",1
Part number,4X40T84061,1
Model,HP Color LaserJet Enterprise Flow MFP 8801z,1
Part number,R3J18A,1
Uyğunluq,"PC, PS5™, PS4™, Xbox Series X|S™, Xbox One™, Nintendo Switch™, Mobile",1
Ölçülər,15.2 × 2.03 × 1.52 cm,1
Part number,935X7EA,1
Rəng,qrafit,1
Tip,Fit Layer 2+ Gigabit PoE+ kommutator (EnGenius FitSwitch 48 Full PoE),1
Ölçülər,Ø 102 × 71 mm,3
Barkod,8885020620566,1
İş temperaturu,-25 - 85 °C,13
Uyğunluq,"DELL PowerEdge R420, R430, R520, R530, R620, R630, R720, R720xd, R730, R730XD, R820, VRTX",1
Part number,265A9UT,1
Maks. güc,65 W,7
Kabel girişi,Alt 145×70 mm PVC qapaq; tavan mikrojoint,2
Number of speakers,"2 speakers 2x2""",2
Type of output power,SCHUKO x3,1
Bluetooth,"5.0, BLE",42
Dinamik,2 HF 15 Vt / 20 mm + 2 MF 10 Vt / 38 mm + 1 LF 40 Vt / 88 mm + 1 passiv radiator 120 × 95 mm,4
Part number,A08JXAA,1
Ölçülər,6.98 × 6.98 × 2.45 cm,1
Part number,BVX1200LI-GR,1
Recommended desktop thickness (grommet mounting),10 mm - 85 mm,2
Compatibility with fasteners VESA,200x200 mm / 300x200 mm / 300x300 mm / 400x200 mm / 400x300 mm / 400x400 mm / 600x400 mm / 800x400 mm,1
Daxili yaddaş,Yoxdur (64 GB SSD FG-71 q-dədir),1
Rəng,"1,07 milyard (10 bit)",1
Maks. çözünürlük,920 x 1080 pixels,1
Part number,7X9W5EA,1
Bağlantı,2.4 GHz USB (PS5/PS4),1
Data sürəti,5000 Mbit/s,1
Çəki,685 q,3
Vəziyyəti,"İşlənmiş (Test edilmiş, tam işlək)",4
Part number,TRX-10GITSFPP-SR,1
Form faktor,Indoor · Plenum rated · drop ceiling bracket daxil,1
Oxuma / yazma,170 / 90 MB/s,3
Qohum SKU,"P26259-B21 — eyni çip, PCIe stand-up form faktor",1
Sensor və Optika,Yüksək həssaslıqlı F1.6 Starlight sensor,1
Data sürəti,1000 Mbit/s,6
Max. Output Power,1200 VA,1
Rejim,Routed / passthrough; dual-WAN load balancing; site-to-site və client VPN,1
Model,Alienware AW2725DM,1
Əvəzedici batareya,APCRBC175,1
Ölçülər,88.6 × 432 × 511 mm,1
Part number,P55280-421,1
Tövsiyə olunan həcm,1500 - 5000 səh/ay,1
Ötürmə,178.57 Mpps,1
Part number,1E7D7AA,1
Part number,GXT5-5000IRT5UXLN,1
Seriya,Yandex ağıllı rozetka (Wi-Fi),1
USB-C 3.0 port sayı,1,2
Model,YNDX-00059GRY,1
Uplink,2 × 1/10 q SFP+,1
PSU,5 V/1A Micro-USB,2
Cable length / distance of use,2 m,1
Part number,ad1TBG55M2P,1
Model,HP E24mv G4 Conf,1
Zigbee,3.0 (daxili hub),22
Anten,"4 × xarici omni, RP-SMA, 5 dBi; TX 23 dBm (2.4) / 25 dBm (5)",1
Forma,Qulaqici,2
Part number,TS500GESD265C,1
Part number,404K9C,1
Çap sürəti,21 ppm Letter / 20 ppm A4,3
Prosessor,"12-ci nəsil Intel Core i5-1240P — 12 nüvə (4P+8E) / 16 axın, 12 MB Smart Cache, 28 Vt, turbo 4.40 GHz",1
Adjustments,tilt 0 -8°,1
Form faktor,Type-A,2
PoE / qidalanma,IEEE 802.3at PoE+; max 12.8 W,1
Additional information,"""restart"" function / automatic voltage regulation AVR / cold start function",4
Bildiriş,Hərəkət zamanı telefona bildiriş göndərir,1
RAM,"4 GB DDR4 SODIMM (2 slot, maks. 64 GB, ECC dəstəyi)",2
Part number,2E-CBN9198BK,1
Hündürlük,maks. 2.3 mm (ultra-slim),2
RAM,8 GB DDR4 SODIMM (maks. 16 GB),4
Shoulder Strap,"✔️ non-removable, length adjustment included",3
Konfiqurasiya,NI — Ethernet + Wi-Fi + USB + faks + ADF,1
Qidalanma,PoE in və ya DC 12 V,1
EAN,4549821595426,1
SSD tutumu,480 GB,1
Çıxış qabı,75 Vərəq,1
USB PD reviziya,3.0,11
Part number,AB566039,1
CPU,Octa-core (4× Cortex-A53 + 4× Cortex-A72),3
Gərginlik,5 V,3
Part number,1Y4D0AA,1
Enerji,"170 W (standby 0,5 W)",1
Uyğunluq,"Liebert GXT5 500 VA–10 kVA və uyğun EBC (19"" rack)",1
Çəki,700 q,7
DWPD,0.55,3
Tip,USB xarici stereo səs adapteri,2
Uyğunluq,"MacBook Air M1/M2/M3, iPad Pro/Air, iPhone 15/14/13/12 seriyaları, Samsung Galaxy S24/S23 Ultra 45 W Super Fast Charging 2.0, planşetlər, noutbuklar və aksesuarlar",1
Seriya,OneScreen Cast (Cast2),1
Form faktor,Rackmount 4U (Extended Runtime),1
Çəki,"10,2 kq",1
Portlar,4 × 2.5GbE RJ-45 (dual WAN + dual LAN),1
Seriya,Kingston FURY Beast RGB,1
- 100 W Fast Charging,"Equipped with PD 3.0, UGREEN USB C cable can achieve 100 W fast charging, which can charge an iPhone 15 from 0% to 60% in 30 minutes and a MacBook Pro from 0% to 42% in 30 minutes",1
Part number,2E-SK140PN,1
USB hub,✔️ 2x USB 3.0,1
"Ölçülər (W×D×H, B model)",təxminən 410 × 780 × 1200 mm,2
Ambient işıq,"12 LED, 16 mln rəng, linzalı divar proyeksiyası",3
BLF / Speed Dial,24 digital düymə,2
Part number,SEDC600 m/1920 q,1
Part number,SPSD/1TB,1
Host interfeys,PCI-E,1
Çəki,110 q,2
Part number,JL676A,1
Uyğunluq,Evolve2 40 / Evolve2 65,1
Skaner,"Flatbed + ADF, optik 1200 dpi, CIS",1
Tip,Layer 2++ Managed Switch (Pro),3
Part number,63F2RAT3EU,1
Tip,"Cloud idarə olunan tavan Access Point, Wi-Fi 6E (EnGenius Cloud)",1
Part number,QSW-M2106-4C,1
Part number,P21106-B21,1
Model,HP ZBook Fury G11,1
Ekran ölçüsü,"39.7"" (40"")",1
Stekinq,"4 ədədə qədər 1960 (lokal və cloud stacking, 1 q/10 q)",6
PCIe,1 × PCIe Gen3 x4,1
Empedans,64 Ω,6
CPU,"Intel Celeron N5095 4C/4T, burst 2.9 GHz, UHD, AES-NI",4
Rəng tutumu,99% sRGB; PremierColor / factory calibration sinfi,1
Part number,63D6UAR3EU,1
The sensitivity (negative value),-35 dB +/- 3 dB (1 kHz and 0 dB = 1 V/Pa),1
Sensor,6400 DPI optical,2
Ölçü,12.2 × 24.9 × 4.5 mm,1
Number of outlets,3 Tip F,2
Forma,TKL / Core 65,2
Ekran,"128×160 (1.8"") LCD",1
Equipment,microphone / User guide / USB cable USB - USB Type-C,1
Zəmanət,1 il Premier,9
Qrafika,Intel Arc B390,1
Telefonla idarəetmə,Tapo tətbiqi ilə uzaqdan izləmə və idarəetmə,1
Branches,"for business cards / side pocket on the back side, where you can place documents / magazines / A4 size folders",1
Tip,"FortiGate 120 q — 1U NGFW + SD-WAN, dual AC",1
Part number,830824-B21,1
Daxili yaddaş,120 GB SSD,1
Part number,40AK0065WW,1
Çap texnologiyası,Termal inkjet,8
OS,"Windows 11, Ubuntu 22.04",1
Part number,499M6A,1
Part number,RZ04-03241000-R3G1,1
İstehsal ölkəsi,Japan,8
Dupleks,Avtomatik (A4/Letter),1
Ekvivalent,təxminən 40 Vt közərmə,1
Prosessor,"Intel Core Ultra X7 358H | 16C(4P+8E+4LPE)/16T, turbo 4.8 GHz, 18MB cache",1
Forma,Full-size (100%),7
Ölçülər,"Ø 102 × 60,5 mm",4
VESA,Bəli,3
Xətlər,4 line,1
Ön qapı,"Təkqanadlı qabarıq polad, 63% perforasiya, 3 nöqtəli kilid",1
İş yükü,Read Intensive,2
Xüsusiyyətlər,Tablet bölməsi; trolley qayışı; kilidlənən fermuar; suya/zərbəyə davamlı,1
Qeyd,/box — qutu/paket variantı (skrinşot SKU),1
Buffer,256 KB,1
Uyğunluq,Windows 10/7 Və köhnə versiyalar / macOS / Linux,1
Qeyd,DMO region P/N (NA/XE ekvivalent 006R04688); mənbə qiyməti 0,1
Kartric,"HP 117A Black Original Laser Toner Cartridge (yield: 1,000 pages) W2070A; HP 117A Cyan Original Laser Toner Cartridge (yield: 700 pages) W2071A; HP 117A Yellow Original Laser Toner Cartridge (yield: 700 pages) W2072A; HP 117A Magenta Original Laser Toner Cartridge (yield: 700 pages) W2073A",2
Uyğunluq,PC (2.4 GHz); 3.5 mm — konsol/mobil,1
VGA,1× in; DP 1.2: 1×; SPDIF: 1×,3
Prosessor,Quad-core 1.6 GHz; 4 GB RAM; 8 GB flash; TPM,1
Çəki,450 q,3
Növ,"Portativ xarici SSD, 3D NAND flash (kredit kartı ölçüsü)",2
TBW,3504 TB,1
Prosessor,"Intel Core i5-10500 (6 nüvə / 12 axın, 3.1–4.5 GHz, 12 MB keş, 65 W)",1
Part number,A26TLEA,1
Uyğunluq,"- PowerEdge R440, - PowerEdge R640, - PowerEdge R740, - PowerEdge R740XD, - PowerEdge R940",1
Qrafika,NVIDIA GeForce RTX 5080 16GB,2
Şəbəkə Portu,1× Gigabit Ethernet (RJ-45) portu (IEEE 802.3at PoE dəstəkli),1
Model,Alienware AW520H,1
MTBF,750 816 saat,1
Model,UCM6300A,1
Ekran,"15.6"" Full HD (1920×1080) IPS/UWVA, anti-glare 250 nit",2
Tərkib,6 × 1.92 TB SAS 12 q Read Intensive SFF M2 SSD,1
Tip,Wi-Fi Phone,2
Ekran,"14"" FHD+ (1920×1200), 400 nit",1
Part number,21NX00A7FW,1
Batareya / adapter,"58 Wh, 3 cell, 65 W adapter",3
Anten,"8 × inteqrasiya olunmuş omni, TX 23 dBm",1
Maks. güc,3680 Vt,3
Part number,TS-832PXU-RP-4 q,1
USB,"4× USB-A 3.2 Gen2 (10 Gbps), 1× USB-C 3.2 Gen2",1
Brand compatibility,Universal,1
Number of outlets,1 Type-F (torpaqlama ilə avrorozetka),1
Part number,N7505VDT3910EMEA01_UBU,1
Model,CD130,1
Model,Dell 32 Plus S3225QC,1
Part number,ST24000NM002H,1
Kağız çəkisi,60–105 q/m²,2
Part number,2E-ED1200,1
Kamera,FHD IR (Windows Hello dəstəyi),1
Part number,B85P2EA,1
Part number,RZ04-03750300-R3M1,1
USB-C PD,90 W,11
Batareya,≥ 80 saat (2.4 GHz); şarj ~4 saat,1
Digital tuner,DVB-T2 (terrestrial) MPEG2/ MPEG4,2
Ölçülər,106.6 × 68.5 × 20 mm,2
Uzunluq,15 m,1
Tip,Konsol idarəetmə kabeli (Rollover Console Cable),1
Çəki,19.2 q,1
Part Number,4P5J1AA,1
Montaj,Divar (wall-plate / in-room),1
Rəng,mis,1
USB-C hub,"USB-C 3.1 Gen 1 upstream, DP Alt Mode, Power Delivery 65 Vt",1
Prosessor,"Intel Core Ultra 5 325 | 8C(4P+4LPE)/8T, turbo 4.5 GHz, 12MB cache",4
Portlar,2x USB-C (USB 5Gbps; 5x USB-A (USB 5Gbps; 1x USB-B (USB 5Gbps; Thunderbolt 4,1
Yaddaş,512 MB,17
Part number,21UX0095FW,1
Çıxış gərginliyi,20 V,6
Model,HP ProOne 440 G6,1
Portlar,"RJ-9 qulaqlıq yuvası, EHS dəstəyi",2
Enerji mənbəyi,DC,1
Tip,2-xətli biznes IP telefonu,1
Eyni anda cihaz,4,1
Qeyd,DMO region P/N (NA/XE ekvivalent 006R04685); mənbə qiyməti 0,1
AC giriş (Turbo),1.440 W Max.,1
EAN,0196786709388,1
Seriya,Razer BlackWidow V4 Low-profile HyperSpeed,3
Ekran,"15.6"" HD (1366×768) VA, anti-glare 250 nit",1
Tip,Cat 6 ekransız RJ45 konnektor (paket),1
UPI,"10.4 GT/s, 2 UPI link, 2S",2
Model,CM403,1
Hərəkət aşkarlama,Hərəkəti avtomatik aşkarlayır,1
Ölçü,368 × 363 × 222 mm; çəki 9.3 kq,1
Korpus,"Desktop / divar, xarici adapter; rack deyil",1
PoE,740 W Class 4,2
USB versiya,2.0,1
Radio / sürət,2×2:2 MU-MIMO — 575 Mbps (2.4 GHz) + 2 400 Mbps (5 GHz),1
Part Number,GXT5-6000IRT5UXLN,1
Part number,901-R550-WW00,1
Gərginlik,1.2 V,12
Təyinat,Masaüstü fərdi kompüterlər.,1
İlk səhifə (qara),"10,5 san",1
Kağız çəkisi,60 - 280 q/m²,1
Çəki,31.5 kq,1
Part number,2E-AD0103WH,1
Operativ yaddaş,16 GB DDR5,1
Reng,qara,3
İnterfeys,"Dual USB-A + USB-C, USB 3.2 Gen 1 (5 Gbps)",3
Rəng,Dark Side of the Moon,1
Düymə sayı,7 ədəd tam səssiz düymə (Silent switch texnologiyası),1
Part number,SXS1000/2000GA,1
Model,HP Smart Tank 581,1
Ölçü,360x132.5x34.5 mm,2
Tip,"Enterprise Unified Wi-Fi 6 AP, Aruba AP-515 (RW)",1
Ölçülər,122x430x22 mm,1
Model,Dell 16GB - 2RX8 DDR4 RDIMM 3200MHz,1
Prosessor,"Intel Core Ultra 7 265 (20 nüvə / 20 axın, 2.4–5.3 GHz, 30 MB keş, 65 W)",6
Model,Lenovo ThinkPad E14 Gen 8,2
Yazma sürəti,470 MB/s,1
Min. çıxış gərginliyi,4.5 V,2
Seriya,Razer BlackShark V2 X,6
Korpus,"Desktop / 19"" bracket, fanless, daxili AC",2
Form faktor,"Desktop, fanless",2
SSD tutumu,960 GB,1
Ekran,"23.8"" FHD (1920×1080)",2
Xüsusiyyət,replacement panels 1 piece of red color / Plug & Play,1
Konnektorlar,QSFP28 ↔ QSFP28,2
Qeyd,Smart-UPS SmartSlot kartı deyil; Easy UPS Intelligent Card Slot üçün nəzərdə tutulub,1
Çipset,Broadcom 57412,2
PCIe,1 × PCIe Gen2 x2,6
Əlaqə,"Ethernet 10/100, USB-B, Wi-Fi 802.11 b/g/n, Wi-Fi Direct",2
Model,Dell UltraSharp U4025QW,1
Tipik doldurma müddəti,4 saat (90%-ə),1
Model,LP451,1
Disk yuvaları,"Maks. 8 × 2.5"" və ya 4 × 3.5"" SAS/SATA HDD/SSD",3
Xətlər / SIP,4 line keys · 4 SIP accounts,1
Part number,22AY005GFW,1
Ölçü,438 × 298 × 124 mm,1
Qida,2 × 250 W redundant PSU,4
Clients / SSID,up to 512 clients · up to 31 SSID,1
Model,RG-NBS3100-24GT4SFP-P-V2,1
Part number,ad500GBP50DK,1
Skan,"e-poçt, USB, FTP, şəbəkə; PDF/TIFF/JPEG",1
Part number,20X24AA,1
Dimensions ( HxWxD ),885 x 430 x 1015,1
Model,HP Color LaserJet Pro MFP 4303dw,1
Dərinlik,101.6 mm,2
"""USB-C Input/Output",5 V/3A 9 V/2.22A 12 V/1.67A 20 W Max,1
Brend,Dell,1
Part Number,8C524AA,1
Çəki,950 q,1
Sürət,1.25 q,2
Uyğunluq,Bütün DYMO LetraTag modelləri.,1
Portlar,HDMI 4K@60 Hz + 2 × USB-A 3.0 + SD/TF + Gigabit RJ45 + PD 100 W,2
Part number,21U20034FW,1
Dərinlik,112 mm,1
Runtime (daxili),təxminən 3–5 dəq @ yüksək yük / ~9 dəq @50%,1
Giriş cərəyanı,4 A,1
Çəki,95 q,3
Tip,DDR3L SDRAM (Aşağı gərginlikli),1
Host,PCIe Gen2 x4,1
Prosessor,"Intel Core i5-1230U (10 nüvə / 12 axın, 1.0–4.4 GHz, 12 MB keş, 9 W)",1
Uyğunluq,"PC, PS5, Nintendo Switch, Mac, mobil",1
Part number,JL255A,1
Portlar,"10 × GE RJ45 (7× internal/FortiLink, 2× WAN, 1× DMZ)",1
Skaner,Rəngli flatbed + 50 Vərəq single-pass DADF,1
USB,USB 3.2 Gen 2 Type-C/A + USB 3.2 Gen 1,2
Güc,-dən USB 5V,1
Veb-kamera,1080p FHD veb-kamera,15
Ölçülər,41 × 22 × 11 mm,1
Dizayn,Erqonomik (Hər iki əl üçün rahat tutuş),1
Çıxış,Desktop FortiGate xarici DC adapter (C6 AC giriş),1
Tip,Fibre Channel HBA,1
Part Number,4P5Q8AA,1
Model,HP U28,1
Çəki,təxminən 32 q,1
Tip,"USB mikrofon (QuadCast 2, 24-bit/96 kHz, 4 polar naxış)",1
Rəng / dizayn,D04 multicolor,1
FOV,90°,1
Model,CD319,1
Part number,SEDC2000BM8/960 q,1
USB-A,1 × 5 V / 3 A,1
Part number,ECW130,1
EAN,0198701202189,1
Model,DP755,1
Səs gücü,10 Vt,7
İdarəetmə,"CLI, Web, SSH, Aruba CX Mobile App, Aruba Central",2
Səmərəlilik,Online ~90% · ECO ~95%,1
Yaddaş,256GB PCIe NVMe SSD,2
Qrafika,Intel Iris Xe / UHD (inteqrasiya olunmuş),8
Material,"ABS, Aluminium, Silica gel",1
Çıxış rozetkaları,4 × IEC C13,1
USB-A Male Connection,"Laptops running Windows 10/8.1/8/7/XP/Vista, Mac OS, Linux or Chrome OS; Game consoles like PS4, PS4 Pro, PS3, Xbox one, Xbox 360; Raspberry Pi; TV; Router, etc.",1
Radio,2×2:2 dual-band,1
Part number,407-BCHI,1
Seriya,S5000V3 EI,1
Seriya,addlink G55H,2
Ekran,128 × 64 piksel monoxrom arxadan işıqlandırılan qrafik LCD,1
Batareya,70 saat (işıq sönülü) / 35 saat (işıq yanılı),1
Güc,10 000 VA / 10 000 W (PF 1.0),2
Tipik doldurma,4 saat (90%-ə),3
Power supply,from the power grid 5 VDC / from the battery 3.7 V,1
Model,YNDX-00020R,1
İlk səhifə (rəng),"6,8 san",1
Çəki,2U chassis,2
Tip,Ekranlı ağıllı kolonka,4
Part number,64B4YAR1EU,1
İş temperaturu,5°C ~ 55°C; qidalanma: 5 V USB,5
Bağlantı,"USB, Serial, SmartConnect Ethernet port",1
VESA Wall Mount,200x200,1
Portlar,"1x USB-A (USB 5Gbps / USB 3.2 Gen 1); 1x USB-A (USB 5Gbps / USB 3.2 Gen 1), Always On; 2x USB-C (Thunderbolt 4 / USB4 40Gbps), with USB PD 3.0 and DisplayPort 2.1; 1x HDMI 2.1, up to 4K/60 Hz; 1x Headphone / microphone combo jack (3.5 mm); 1x Ethernet (RJ-45); 1x Smart card reader; 1x Nano-SIM card slot (WWAN support models); Smart card reader, supports ISO 7816 and EMV; No smart card reader",8
Şəbəkə tipi,"10 Gigabit Ethernet, 25 Gigabit Ethernet",2
Number of outlets,5 Type F (Schuko),3
Port 1 qücü,22.5 W,1
Part number,RZ06-05210200-R3M1,1
Number of sheets to be destroyed at a time,10 A4,1
Faks,"Standart (walk-up/LAN, regiondan asılı)",1
Part number,FN-TRAN-LX,1
Uplink,4 × 10GE SFP+,2
Korpus,Tower,1
Portlar,"2× HDMI 2.0, DP 1.4, 3× USB 5Gbps",1
Çəki,4.134 q,1
Təyinat,"for office / for work, study or reading",1
Part Number,RDU120,1
Tutum,12 Ah,1
Ölçülər,"9,25 × 16,05 × 30,5 cm",3
Ekran,"16"", WUXGA, Non-Touch",4
Tip,L3 Ethernet Switch (PoE+),1
Kabel,USB-C → USB-A,1
MIB,"RFC1213, RFC1628",1
Tip,"12-bay 2U enterprise NAS (QuTS hero), redundant PSU",2
Çıxış rozetkaları,6 × IEC C13 + 4 × IEC C19 + Hard wire 3-wire (H+N+G) + IEC Jumpers,1
Qidalanma,1× AA batareya (avtomatik enerjiyə qənaət və yuxu rejimi),1
Panel,"QD-OLED, əyri 1700R",1
Host interfeys,PCI Express x4,1
Əlavə xüsusiyyətlər,Lenovo Wireless Multi-Mode Pro Plus Mouse 6050 - Eclipse Black,1
Part number,9W0Z7AA,1
Quick Charge,QC 3.0,2
Tip,6-xətli biznes IP telefonu,2
Tip,Xarici SSD,2
Səs,7.1 Surround (PC),6
Tip,Unmanaged PoE Switch,4
Yazma sürəti,52 MB/s,1
DWPD,3.1,1
Model,HPE ProLiant DL360 Gen10 Plus,1
Model,YNDX-00028GRN,1
Yaddaş (bu konfiq),512 GB M.2 2280 PCIe NVMe SSD,1
İlk səhifə,7.2 san a/b / 7.5 san rəng,1
Model,GRP2610P,1
Nüvə / axın,8 nüvə / 16 axın,1
Ölçü,"12 mm en × 7 m uzunluq (1/2"" × 23')",1
L3,max 512 IPv4 + 512 IPv6 forwarding; 32 routing; VLAN routing; 32/32 IP interface,2
Çəki,1.31 kq,1
Tip,Oyun klaviaturası,16
Yaddaş layout,1 x 16 GB,2
Part number,21QFS5H300,1
Keys material,ABS plastic,1
RAID səviyyələri,"0, 1, 5, 10",2
Operativ yaddaş,16GB (1x16GB) DDR5 5600,17
Rejim,Tri-mode: NVMe / SAS 24 q / SATA,1
Paketdə say,4,1
Portlar,4x USB 3.2 Gen 1; 1x HDMI; 1x DP; 1x VGA,1
RAM (bu konfiq),"RDIMM, 3200 MT/s dəstəyi (platforma maks. 2933 MT/s)",1
Surge,Ethernet 4 kV | ESD air/contact 8/6 kV,1
Ekran,"16"", WUXGA 1920x1200, IPS, 400 nits, 60 Hz, Anti-glare, 45% NTSC",6
Tip,FortiVoice 50E6 — SMB IP PBX (legacy E-series),1
Uyğunluq,ProLiant XL2xx,1
Material,300D rPET polyester; təkrar emal ~52%,1
Form faktor,288-pin CUDIMM,8
Model,GXP2170,1
ECC,Yox (Non-ECC),23
Model,D1 Standart Etiket Kaseti S0720530 / 45013 (A45013),1
Çəki,4.43–5.25 kq,1
Əlavə xüsusiyyətlər,"SSD Opal şifrələmə; Korpus: Aluminium (top), aluminium (bottom)",2
PoE dəstəyi,"IEEE 802.3af PoE (Class 1, Cisco EnergyWise sayəsində ultra aşağı enerji sərfiyyatı)",2
Part number,400-AVHE,1
Görüntü imkanı,5120 × 2160 (WUHD 21:9) @ 120 Hz,1
Forwarding,35.7 Mpps,1
Giriş qabı,1100 Vərəq,1
Forma,"Desktop, xarici PSU; local survivable",1
Part number,SXS1000R/1000GA,1
Batareya,95 saata qədər (1000 Hz),3
Xətt sayı,"8 proqramlaşdırılan işıqlı xətt/funksiya düyməsi, 5 dinamik soft-key",1
Tip,yığcam simsiz oyun siçanı,1
Əlavə xüsusiyyətlər,Lenovo Essential Wireless Combo Keyboard & Mouse Gen2 Black-Russian/Cyrillic,1
Noise level,72 dB,1
Uyğunluq,"PC, PS5, PS4, Nintendo Switch, mobil",1
HDR,DisplayHDR 400,1
Qeyd,DMO region P/N (NA/XE ekvivalent 006R04821),1
Ölçülər,65.4 × 52.2 × 48.9 mm,1
Part number,DTXS/128GB,1
Dimensions ( HxWxD ),115x550x630 mm,1
Model,WP826,1
Model,HP Victus Gaming,6
Platforma,Xbox lisenziyalı,1
Uyğunluq,HPE ProLiant DL380 / DL385 Gen10 Plus (DL38X),1
Part number,RZ01-04640100-R3M1,1
Part number,460-BDQQ,1
Məsafə,300 m OM3 / 550 m OM4,1
Tip,DDR4 SDRAM,2
Ekran,"16"" WUXGA (1920x1200), IPS (ThinkPad E16 G3 platform)",1
Tam ad,HPE Broadcom MegaRAID MR416i-p x16 Lanes 4GB Cache NVMe/SAS 12 q Controller Gen10 Plus,1
Model,CR111,1
LAN,1 × 10/100/1000 Mbps Ethernet,2
Giriş,220–240 VAC nominal · 170–280 VAC iş diapazonu,2
Gərginlik,1.2 V (Enerjiyə qənaətcil DDR4 standartı),1
Part number,TR-004,1
Ekran,"15.6"" FHD (1920×1080), 120 Hz, 250 nit",1
Equipment,stand (tripod) / wind protector nozzle / user's manual,2
Zəmanət,2 il,169
Ethernet portu,2 × 10/100 Mbps,1
Keçid tutumu,52 Gbps,2
Noise level,45 dB (1 m),5
EAN,0198122802449,1
Rəng,yasəmən,2
Equipment,USB-receiver / batteries (2xAAA) / manual / keyboard,1
Tutum,2300 səhifə,3
Prosessor,Intel Core 7-240H | 24MB cache,2
Volume,0.0302 m³,1
Part number,D15JTEA,1
RAM,32 GB DDR5-5600,1
Part number,540-BBHB,1
Daxili yaddaş,64 GB SSD,3
Tutum,20 TB,4
Port,4 × 1GBASE-T RJ-45,2
Çəki,1.16–1.40 kq,2
Çəki,0.60 kq,2
Form faktor,M.2 2280 (22 × 80 mm),1
Ölçü,69.8 × 100.1 × 7 mm,9
Konnektor 2,HDMI Type A (Standard),6
Ölçülər,Tower (Schuko),1
Konnektor 2,USB A,1
LED indikator,Activity,1
Portlar,"HDMI, DP, DP-out, RJ45, USB-C hub",3
Qida,"1 × 800 W Flex Slot, redundant dəstəyi",1
Part number,TS-1273AU-RP-8GB,1
Sürət,"5 GHz üzrə 867 Mbps, 2.4 GHz üzrə 300 Mbps (ümumi AC1200)",1
Seriya,S5120V3 LI,1
Saxlama nəzarətçi,Embedded 14 SATA port; AHCI / SR100i / Intel VROC,1
Ekran,"27"", QHD 2560x1440, 350 nits, 100 Hz, 99% sRGB",1
Flash/RAM,32 MB / 256 MB,4
Prosessor,"Intel Core 7 150U (10 nüvə / 12 axın, 1.8–5.4 GHz, 12 MB keş, 15 W)",1
Ölçülər (E×D×H),430 × 630 × 217 mm,1
USB Hub,"Daxili 3 × USB 3.0 portu (1 upstream, 2 downstream)",1
Tip,"Seagate IronWolf 3.5"" NAS HDD (1–8 yuvalı NAS, 24/7)",2
Antennalar,"Daxili dairəvi 360° yüksək güclü antennalar (2.4 GHz: 3 dBi, 5 GHz: 4 dBi)",1
Model,Tapo C310 (Outdoor Security Wi-Fi Camera),1
Element tutumu,20000mAh(2x10000mAh),1
Empedans,32 Ω,9
EAN,4549821073405,1
Prosessor,"Intel Core i7-13700 (16 nüvə / 24 axın, 2.1–5.2 GHz, 30 MB keş, 65 W)",2
Model,Lenovo ThinkPad E16 Gen 4,2
Yaddaş,512 GB-a qədər MicroSD kart yuvası və bulud dəstəyi,1
Form faktor,SFP+,1
Ethernet,"3 × GbE (1 × PoE-in, 1 × PoE-out, 1 × LAN)",1
Qablaşdırma,1 ədəd,25
Hava axını,Fan Panel Side Exhaust (panel tərəfindən çıxış),1
Portlar,8 × 10/100/1000 PoE+,1
Ölçülər,427.5 × 364.0 × 198.6 mm,1
TBW,320 TB,1
Model,ST8000VN004,1
RJ-45 port,4,2
Model,YNDX-00060GRY,1
Model,Lenovo USB-C to HDMI 2.0b Adapter,1
Komplekt,"Hub, adapter və kabel, təlimat",1
Uyğun məhsullar,"Macbook Air/Pro 2020, Dell XPS 13/15, HP Spectre x360/Envy, Lenovo ThinkPad, ASUS ZenBook 14, Surface Laptop), smartphones(iPhone 15/15 Plus/15 Pro/15 ProMax, Galaxy S24/S23/S22/ S21/S20/S10/S9/S8, Galaxy Note20/10/9/8, Galaxy A50/A70/A51/A71, Galaxy Fold/Z Fold2/Z Fold3/Z Fold4, Motorola Moto G seires, Moto One seires, Moto Edge series, Moto Razr series, Pixel 8/7/7 Pro/6/6 Pro/5/4/3, OnePlus 10/9/8/Nord, etc), tablets(iPad Air 4/mini 6/Pro 2021, Galaxy Tab A9+/S8/S7, Surface Pro, Lenovo Yoga Tab); and other devices like Nintendo Switch, Steam Deck, Fitbit Versa3/4, GoPro HERO 10, USB-C power bank",1
HDD tutumu,300 GB,4
Çəki,280 q,5
EAN,0196786000430,1
Part number,AP2TBAC631U-1,1
Model,GN 1200 CC,1
Tip,Uyğun (compatible / dublikat) toner kartrici — orijinal Xerox deyil,1
Model,HP S5 Pro534pmWQHDUSB-Cconf,1
Part nömrəsi,GS192048HPV2-EU0101F,1
Ölçü,7.1 × 133.4 × 42.2 mm,1
Ölçü (E×D×H),430 × 630 × 217 mm,3
Nüvə / axın,16 nüvə / 32 axın (HT),1
Əlavə xüsusiyyətlər,5x rəqəmsal zoom; diving mode; loop; driving mode; motion detection. ISO Auto/100–3200,1
Part Number,727A7AA,1
Giriş cərəyanı,2 A,2
Optik sürücü,DVD-RW,3
OS Compatibility,Windows 10/7 and older versions / Mac OS / Linux,1
Part number,428K7AA,1
Model,Lenovo ThinkVision S24-4e,1
Part number,A23A1EA,1
Model,Dell 600GB 15K RPM SAS 12Gbps 512n 2.5in Hot-plug Hard Drive,1
Port,2 × 10GbE SFP+,1
Parkinq rejimi,24 saatlıq ağıllı parkinq monitorinqi (G-Sensor zərbə aşkarladıqda avtomatik çəkiliş),1
Model,Alienware AW2725 q,1
Ekran,"16"" WUXGA (1920×1200) anti-glare 400 nit",1
Çəki,0.70 kq,1
Optik sürücü,DVD±RW,1
Ölçü / çəki,"140 × 140 × 37.5 mm, 290 q",1
Model,Lenovo Casual Topload T210,1
Part number,2E-32A07B,1
Çəki,"7,6 kq",2
Model,Alienware AW3425DWM,1
Part number,8J4D8UT,1
Ekran,5 düym (320 × 240 piksel) 16-bit rəngli işıqlandırılan TFT LCD,1
Reaction time,5 ms (with OD),1
Dəqiqlik,"±1,5 mm, cavab <5 ms, 32768 × 32768",3
EAN,4549821410330,1
Tip,Simsiz ofis siçanı,1
EAN,4549821316236,1
Tutum,10.000 mAh,2
Əlaqə,"Wi-Fi 802.11 b/g/n, USB 2.0 (Ethernet yoxdur)",1
PoE Güc Büdcəsi,Cəmi 125 W (hər port üçün maksimum 30 W),1
Maximum load,2 kq - 9 kq,5
Qabıq materialı,Nylon,4
Threat Protection,600 Mbps,2
Çəki,367 q,2
Keçid tutumu,140 Gbps,1
Dimensions front speaker (HxWxD),18x10.5x8.2 cm (unit ölçüsü),1
Tip,FortiSwitch 424E — Layer 2/3 Secure Campus kommutator,1
IPsec VPN (512 byte),35 Gbps,3
Zəncirləmə,4 × GBX20-yə qədər,1
OS,"Android 14, Google EDLA",3
Part number,SEDC600 m/7680 q,1
Tövsiyə olunan həcm,0 - 40000 səh/ay,1
Model,Lenovo ThinkPad Hybrid USB-C with USB-A Dock,1
Supported video formats,MPEG-4 / MPEG-1 / MPEG-2 / H.264 / H.265 / VC-1 / Xvid,2
Color Gamut,sRGB,1
Maks. ekran,"18.3 cm (7.2"")",1
Prosessor,"Intel Xeon w5-2445 (10 nüvə / 20 axın, 3.1–4.6 GHz, 26.25 MB keş, 175 W, ECC)",1
Parlaqlıq,600 cd/m²,1
Tip,USB mikrofon (QuadCast 2 S),1
Part Number,BS1T8AA,1
Prosessor,"1 × Intel Xeon Silver 4208 (8 nüvə, 16 axın, 2.1/3.2 GHz, 11 MB, 85 W, Cascade Lake)",1
Model,XGS1935-52,1
Part number,2E-HG310V2-WT,1
Quraşdırma,desktop (xarici PSU — əlavə fan tələb etmir),1
Model,Dell Broadcom 57416,1
Bağlantı,Bluetooth 5.2,2
Ölçülər,təxm. 16.5 × 5.0 × 13.5 in (41.9 × 12.7 × 34.3 sm),1
Random yazma (4KB),15000 IOPS,1
USB,2 × Hi-Speed USB 2.0 (device),1
Daxili yaddaş,Yoxdur (128 GB SSD FG-81F-dədir),1
Tip,All-in-one convergence (VPN Router + NGFW + Switch + IP PBX),1
İş yükü,180 TB/il; RV sensor; Dual-Plane Balance; Error Recovery Control,2
RJ45 Portlar,48 × 10/100/1000BASE-T PoE/PoE+ portu (IEEE 802.3af/at),1
Tip,DDR5 UDIMM (FURY),2
Batareya / adapter,"57 Wh, 4 cell, 65 W adapter",2
Rəng,Quartz (çəhrayı),1
Uyğunluq,"Xerox Phaser 3020, WorkCentre 3025BI, WorkCentre 3025NI",1
Upward tilt angle,40 °,6
Çıxış sayı,2 outputs,2
Tip,"Toshiba MG09 3.5"" enterprise HDD (SATA-3.3, 512e Standard)",1
Ölçü,21.8 × 67.4 × 11.6 mm,1
Dərinlik,146.4 mm,1
CAS latency,CL38-48-48,1
Model,1559-0159,1
Dimensions front speaker (HxWxD),17.5 x 8 x 10.5 cm,1
Part number,470-ABBT,1
Ölçü,"116,8 × 37,1 × 30,7 mm (4.6 × 1.46 × 1.21 in)",1
Part number,KF588CU42RW-24,1
Part number,2E-SK150GR,1
Portlar,24 × 10/100/1000 PoE+,1
Stend,"Hündürlük 130 mm, tilt −5°/+21°, swivel ±45°, pivot ±90°, PiP",1
Keçid tutumu,320 Gbps,1
Stend,"Hündürlük 110 mm, tilt −5°/+21°, swivel ±20°, pivot ±90°",1
Format,"A3 / A4 (A5, A6, B5, zərf)",1
İdarəetmə,Unmanaged,2
LAN,1 × 5GbE RJ-45 (10/100/1000/2500/5000),1
Part number,JL806A,1
Ekran,128 × 64 LCD,1
Part number,FAP-231F-E,1
DPI,1600 dpi,1
Rəng,Göy,2
Təyinat,"Dell PowerEdge, HPE Gen9, Lenovo ThinkSystem və digər korporativ serverlər.",1
Təhlükəsizlik,"Səsli və işıqlı daxili siren (99 dB), Məxfilik rejimi (Privacy Mode)",1
Part number,P37042-B21,1
Model,KVR1333D3N9/1 q (1GB 1Rx8 PC3-10600U-9-10-A0),1
Part number,DT80/128GB,1
- Built-in Intelligent E-marker Chip,"The chip is equipped with over-current, over-heating and over-voltage protection, which ensures that the USB C to USB C cable can stably output 100 W high-speed charging, which is both fast and safe",1
Model,YNDX-00030VIO,1
CPU,Intel Celeron 6305 1.80 GHz,1
Dalğa uzunluğu,1310 nm,2
Paket tərkibi,2 × standart fan,1
Maks. güc,100 W,1
Mikrofon,"4 ədəd, aktiv səs-küy azaltma",12
Part number,FS-148F-FPOE,1
Ekran,"12.3"", FHD, Touch",1
Model,Alienware AW2725QF,1
Batareya,80 saata qədər,1
Part number,JL557A,1
Part number,SRV3KRIRK-E,1
PoE dəstəyi,Cisco Inline Power və PoE (uyğun adapter/switch vasitəsilə),1
Diaqonal,"25"" (63.44 sm) IPS UltraSharp, 16:9, düz",1
Part number,RZ03-03391500-R3R1,1
Ölçü,22 × 80 × 2.3 mm,7
Güc,"15 W (5 V, 1.0A)",1
Part number,ad2TBS95M2P,1
Xüsusiyyətlər,"Zəng gözlətmə, yönləndirmə, transfer, konfrans, səsli poçt göstəricisi",1
Prosessor,"Intel Core 5 325 | 8C(4P+4LPE)/8T, turbo 4.5 GHz, 12MB cache",1
USB PD (maks.),100 W,9
DRAM cache,2GB,4
Xüsusiyyətlər,Padded laptop bölməsi; aksessuar təşkilatçısı; sənəd bölməsi; dual top pocket; luggage strap; scratch resistant,1
Dəst tərkibi,Tam ölçülü simli membran klaviatura + erqonomik simli optik siçan,1
Model,28599-999-999,1
Tip,12-port 10GbE Web Managed Switch,1
Çəki,5.5 kq,1
Ekran,"7"" (1024×600) capacitive touch TFT",1
Model,Lenovo 16-inch Laptop Backpack B210 Eco,1
Model,YNDX-00060PPL,1
Additional internal,✔️ 18x11 cm,1
İnterfeys,Bluetooth 3.0/5.0  / USB receiver 2.4 q,9
Orientasiya,Horizontal/Vertical,3
Part number,TS-1273AU-RP-8 q,1
Model,GWN7803PL-PRO,1
Çəki,"51,9 kq",1
Form faktor,M.2 2280,13
Part number,2E-MF1012UB,1
Outputs,"Coaxial (SPDIF) / Audiooutput 3,5 mm",1
Çəki,təx. 1.87 kq,2
Zəmanət,Ömürlük (Kingston Limited Lifetime),22
Model,AC200PL,1
Portlar,48 × GE RJ45 + 4 × GE SFP + mgmt 10/100 + konsol,1
Tutum,3 000 səh (ISO/IEC 19752),1
Tip,Wi-Fi 6 IP Phone,1
Ethernet,Dual Gigabit (10/100/1000),1
Part number,2E-MF300WFLORABL,1
Part number,RZ04-04960100-R3M1,1
Rəng,"Ağ + RGB, 16 mln rəng",1
Part number,TS-432PXU-RP-2 q,1
Seriya,Xerox C325 (rəsmi ad VersaLink deyil),1
Part Number,4P5P6AA,1
USB versiya,3.2 Gen 1 (3.1 Gen 1),2
Təyinat,NAS / server (enterprise),7
Tip,8-bay 2U short-depth rack NAS,1
Şəbəkə tipi,Gigabit Ethernet,2
OEM kod,CF412A,1
Həll (qara),600 x 600 dpi,21
Heatsink,8.75 mm crosscut alüminium + thermal silica pad (≈45% soyuq),1
Ölçü (E×D×H),205 × 205 × 33.2 mm,1
Ölçülər,102x61.5 x 35.5,1
Model,GWN7816,1
Qida,36 W adapter,1
Form faktor,Tower (inteqral batareya/kit),2
Sürət sinfi,"Class 10, Class 3 (U3), V30, A2",5
EAN,0198122802432,1
Part number,2E-GT-OTO-BKBL,1
- Universal Charging Solution,"This 100 W USB C to USB C cable is designed to charge USB-C devices like mobile phones (iPhone 15 series, Galaxy S24/S23, Pixel 8/7), tablets (iPad Air/Pro, Galaxy Tab S9, Surface Pro 9), laptops (MacBook Pro/Air, Dell XPS)",1
Part number,8T1L5EA,1
Tip,AGM / VRLA (Lead-Acid),2
Inputs,D-Sub / 1 x HDMI / 1 headphone-out port (3.5 mm jack),1
Şəbəkə portları,1 × 10/100BASE-TX RJ-45 Ethernet portu,1
Yaddaş,"32 MB flash, 200 000+ qeyd",1
Buffer tipi,Registered (buffered),2
Çəki,təxminən 4 kq,1
Kapasitet,1.440 Wh,1
Yerləşmə,Computer case,1
Part number,TS1TSJ25H3B,1
İdarəetmə,EnGenius Cloud / ezMaster / SkyKey / lokal Web GUI,8
Part number,RZ04-05400800-R3M1,1
Dalğa forması,Pure Sine Wave,11
Təyinat,"Dell PowerEdge R620/R720, HPE Gen8 Və uyğun DDR3 serverlər.",1
Model,37599-999-999,1
Format,TKL 84 düymə,2
Mikrofon,çıxarılan HyperClear Cardioid,1
Rəng,white-pink,1
Stend,Yalnız əyilmə (tilt),2
Part number,845398-B21,1
Towards,city style / youth / for travel,1
Part number,P00930-B21,1
Maks. güc,45 W,3
Enerji mənbəyi,USB,6
Bağlantı,2.4 GHz (USB receiver),2
Simsiz,Daxili Wi-Fi və Bluetooth; mobil/PC əlaqəsi,1
Tip,Wired Router,2
Part number,2E-MF270WBK,1
Kabel,1.2 m,7
Stabilizasiya,"EIS 2.0, 6 oxlu giroskop. Qeyd: 4K60, 2.7K60, 1080P120 Və bütün 720P rejimlərində EIS söndürülür",1
Model,HP DeskJet Ink Advantage 2876,1
Səs texnologiyası,"Genişzolaqlı akustik sistem (G.722), tam dupleks konfrans dinamiki, rəqəmsal siqnal emalı (DSP) və qabaqcıl əks-səda ləğvi (AEC)",1
Windows,"Windows 10, Windows 11, Windows 7, Windows 8.1",1
Kabel uzunluğu,1.5 metr davamlı kabel,1
Material,1680D ballistic nylon; suya davamlı mesh alt; twill astar,1
Part number,94C36AA,1
USB-C1 çıxış,5 V/3A · 9 V/3A · 12 V/3A · 15 V/3A · 20 V/3.25A · 65 W maks · PPS 3.3–21 V/3A,3
Güc,800 VA / 450 W,1
Model,CM478,1
Wi-Fi Standartı,Wi-Fi 6 (IEEE 802.11ax/ac/n/g/b/a),1
Yazma,"HAMR (Mozaic 3+), helium; host CMR (SMR deyil)",3
Çəki,61 kq,1
Kağız,250 + 1 (standart 251); maks. 2 001,1
Əlavə xüsusiyyətlər,ThinkPad USB4 Smart Dock 5500; USB4; 135 W adapter daxil,1
İdarəetmə,Instant On app / cloud / lokal Web GUI,6
Model,HP 131A Cyan Original LaserJet Toner Cartridge,1
Ekran,"23.8"" FHD (1920x1080) IPS (neo 50a 24 Gen 6)",1
Qidalanma,"3.3 V, Hot-pluggable",1
Part number,A36XSET,1
Other operating systems supported,ChromeOS,3
Dimensions ( HxWxD ),88x440x528 mm,1
Sürücü,12 mm dynamic,1
MTBF,2000000 h,15
Energy consumption standard,41 W / 75 Vt maks..,1
Part number,21SX004TFW,1
Çəki,176 q,1
Part number,ECW160,1
Part number,2E-CPG-005,1
Dalğa uzunluğu,850 nm,8
Model,SPA504 q (Hardware V01),1
Uyğunluq,"Headset, Smartphone, Smartwatch",1
Batareya,3-hüceyrəli,10
Mobil,"AirPrint, Mopria, Chromebook, Wi-Fi Direct",8
Part number,MR.PRZ42U20XC13+4XC19,1
Səs gücü,24 Vt,5
EAN,4549821275588,1
Şəbəkə,Ethernet,7
Maximum load current,10 A,2
Dinamik,"1 genişzolaqlı, 44,5 mm",15
Tip,Fortinet 1GE SFP SX transceiver (FN-TRAN-SX),1
Ekran,5 düym (320 × 222 piksel) 4-bit yüksək ayırdetməli boz tonlu qrafik LCD,1
Mobil,AirPrint,3
Tezlik,8000 MT/s (PC5-64000),1
Genişlənmə,"xarici EBC (GXTRT-EBC36VRT2U), auto-detection",1
Jumbo frame,9 KB,7
Portlar,1x USB-C 3.2 Gen 1 (downstream); 1x USB-C 3.2 Gen 1 (1x DP 1.2 Alt Mode; 1x USB-C 3.2 Gen 1; 3x USB 3.2 Gen 1 (downstream); 1x USB-B 3.2 Gen 1 (upstream); 2x HDMI; 1x DP; RJ45,1
Günəş paneli girişi,"500 W Max., 12–58 VDC",1
Çap sürəti,"35 ppm Letter / 33 ppm A4 (rəng və a/b, ISO/IEC 24734)",1
Model,CP-7821-3PCC-K9 (Hardware V11),1
Seriya,Razer Orochi V2,2
Optimizasiya,Microsoft Teams,1
İnterfeys,"USB 3.2 Gen 2x2 NVMe, USB-C (20 Gbps), USB 2.0 geriyə uyğun",2
Gərginlik,1.4 V,8
Uyğunluq,"GXT MT+ CX 1–3 kVA, GXT MT+ 6–20 kVA, GXT RT+ 1–3 kVA",1
Layer,L2,6
Maks. çıxış gərginliyi,20 V,2
Threat Protection,1.3 Gbps,2
Part number,FS-110 q-FPOE,1
Part Number,64V69AA,1
Part number,SRTG10KXLI,1
Çəki,"10,5 kq",2
Dalğa,850 nm (MM),2
Portlar,"HDMI, DP, USB-C upstream, 2×USB-A, 2×USB-C",1
Rəng / dizayn,D05 multicolor,1
Çəki,310.6 q,1
Zəmanət,1 il (EnGenius Neutron),2
Part number,P38995-B21,1
Part Number,4P5D9AA,1
Part number,AC140423,1
Volume,0.0001 m³,1
Zəmanət,3 il (məhdud),4
Material,Metal / plastik,1
Çəki,"3,42 kq",1
Towards,city style / business style,7
Dolby Audio,Bəli,4
Portlar,24 × RJ-45 10/100/1000; Class 4 PoE port 1–12,1
Tip,mexaniki simsiz oyun klaviaturası,1
PSU,daxil deyil,10
Prosessor,Intel Core i7-14700,1
Ölçü,69.5 × 13.5 × 32.6 mm,4
Model,HP LaserJet M111a,1
Part number,JL678A,1
Mobil çap,"Mopria Print Service, HP ePrint, AirPrint",5
THDv,"≤ 1,5% (xətti yük) / ≤ 4% (qeyri-xətti)",2
Qeyd,DMO region P/N (NA/XE ekvivalent 006R04386),1
TBW,1500 TB,1
Ölçü,140 × 94 × 24 mm,3
Kontrast,4000:1,3
Part number,FN-CABLE-SFP-1,1
Part number,D06L8EA,1
Şəbəkə portları,2 × 10/100/1000 Gigabit Ethernet RJ-45 (Daxili Gigabit Switch),6
Power Supply,"220-240 V ~, 50/60 Hz",2
Ölçülər (stend ilə),555.14 × 243.71 × 391–500 mm,1
Mikrofon,"6 ədəd, tanınma 7 m-ə qədər",3
Tip,FortiGate 60F — desktop NGFW + SD-WAN,1
Çəki,"25,4 kq",1
Çəki,221 q,1
Uyğunluq,"PowerEdge R740XD, PowerEdge R640, PowerEdge R340, PowerEdge R440",1
Qidalanma,"Şəbəkə, 15 V / 1,2 A adapter",7
Tip,USB Bluetooth adapter (PC),1
Korpus,Qapaqlı,2
Part number,SKC600/512 q,1
Mobil,TDD/FDD LTE (4 q),1
Ölçü,613.9 × 62.2 × 364 mm,1
Tip,Rəngli lazer MFP (print / copy / scan / fax / e-poçt),1
İlk səhifə (qara),"6,3 san",5
USB Power Delivery,Bəli,28
Firewall (1518/512/64 byte UDP),39 / 39 / 28 Gbps,3
Güc,"4,8 Vt",1
Uplink,2 × SFP+,1
Standartlar,"IEEE 802.3i, IEEE 802.3u, IEEE 802.3x",2
Speakerphone,Var,1
Part number,SXS1000/1000GA,1
Ölçülər,355 × 279.5 × 205 mm,1
PoE,"740 W, IEEE 802.3af/at, port 1–48",3
Ümumi güc,20 W,8
Batareya / adapter,"3 cell, 65 W adapter",2
Model,HP203,2
Uyğunluq,ProLiant DL360 Gen10 Plus ProLiant DL380 Gen10 Plus ProLiant DL325 Gen10 Plus v2 ProLiant DL345 Gen10 Plus ProLiant DL365 Gen10 Plus ProLiant DL385 Gen10 Plus v2,1
Görüntü imkanı,1920 × 1080 @ 144 Hz,3
Part number,21RK00AEFW,1
Platforma,PC,2
Xüsusiyyət,cable management system / rotation: ± 180° / VESA quick release plate / BIFMA certification,2
Ciblər,"Ön workstation (telefon, qələm, vizitka, media); genişlənən sənəd bölməsi; geri çəkilən su qabı və bilet cibi",1
Ötürmə,95.23 Mpps,6
Rəng,Qara / Qırmızı (Black-Red),1
Prosessor,"Intel Core Ultra 9 285HX (24 nüvə / 24 axın, 2.8–5.5 GHz, 36 MB keş, 55 W)",1
Davamlı ötürmə,"255 MB/s / 243 MiB/s (davamlı, OD)",1
Batareya,300 saatadək (rəsmi HyperX),1
PoE Büdcəsi,Ümumi 65 W (hər porta 30 W-a qədər),1
Kabel diametri,4.5 mm,1
Ölçülər,365 × 100 × 110 mm,3
Uyğunluq,Standart heatsink — PowerEdge R550 / R750xs,1
Tip,Unmanaged 2.5GbE kommutator,2
Part number,A5JQ3EA,1
Tip,Daxili kameralı Gigabit Video IP Telefon,1
Model,HP NVIDIA RTX A2000 12GB,1
Model,GS1100-16,1
Forwarding,23.8 Mpps,1
Tip,Wi-Fi 6 Access Point,1
Kabel,1.5 m,1
Part number,21WN00ATFW,1
Çıxış,"48 V, 50 W",1
Rəsmi kod,MR.GTN42U81.01_PRF63 / MR.GTN42U810.01 + PRF63,1
Qidalanma,"Daxili PSU, 100–240 V",2
Model,Lenovo ThinkPad P14s Gen 6,1
Part number,AP1TBAC237B-1,1
Quraşdırma,Telefon arxasına / çexola yapışdırılır,1
Model,HP LaserJet Pro 4003dn,1
Threat Protection,900 Mbps,2
Part number,FG-51 q-SFP-POE,1
Radio / sürət,2×2:2 — 400 Mbps (2.4 GHz) + 867 Mbps (5 GHz),1
Çəki,21 kq,1
Part number,BVX2200LI-GR,1
Part number,DTXS/64GB,1
Tip,A/b lazer MFP (print / copy / scan — faks yoxdur),2
Tip,"12-bay 2U rack NAS, redundant PSU",4
Operativ yaddaş,32GB (2x16GB) DDR56000XMPRGBBLKHS,1
Qidalanma,100–240 V AC; min 32.33 W; max PoE ilə 474.3 W,1
Çəki,1.70 kq,1
Ölçülər,118 × 68 × 40 mm,1
Tip,Wired call-center headset,3
Part number,SNV3S/2000 q,1
Type of output power,SCHUKO,5
Çəki,720 q,5
RAM,16 GB LPDDR5x-8400 (lehimli),1
Tezlik,20 Hz – 20 kHz,1
Part number,ECW230,1
Model,Dell EUR 45 W AC Adapter with Power Cord (Kit),1
Çəki,0.77 kq,2
Tip,Enterprise Layer 3 Managed Switch,2
EAN,4549821012237,1
Həssaslıq,109 dB,1
Kontroler,7 nm Gen5,4
Sertifikat,"Microsoft Teams Open Office, Zoom",1
EAN,0196786000485,1
Part number,4Z3K7AV,1
Uyğunluq,"PC, PS5™, PS4™",1
Rəng,AP22 qövdəsinə uyğun ağ,1
Ekran,"13.3"", WUXGA 1920x1200, IPS, 400 nits, Anti-glare, 100% sRGB",2
Tip,GaN divar adapteri (içərisində yığılan USB-C kabel),1
Tip,10 q SFP+ optik modul,3
Disk yuvası,24,1
Çəki,1 kq,1
GPS və ADAS,"Avtomobilin sürətini və koordinatlarını dəqiq qeyd edən daxili GPS modulu, Zolaqdan çıxma (LDWS) və Qarşıdakı maşınla toqquşma xəbərdarlığı (FCWS)",1
Part number,CE412A,1
Çəki,74 q,1
Format,Full-size 104 düymə,6
Prosessor,"Intel Core Ultra 5 228 V | 8C(4P+4LPE)/8T, turbo 4.5 GHz, 8MB cache",1
Disk yuvaları,"4 × 3.5"" SATA 6Gb/s (hot-swap; 2.5"" SSD dəstəyi)",1
İş yükü,550 TB/il; 24/7; hot-plug; PowerChoice / PowerBalance,4
PoE,64 W,1
Stekinq,"VSF, 8 ədədə qədər",8
Çap sürəti,42 ppm Letter / 40 ppm A4,2
Part number,SXS2000/500 q,1
Digər,"RS-232 (DB9), SD kart, 3.5 mm in/out",3
Bağlantı,2.4 GHz RF + Bluetooth 5.3,2
Portlar,"4 × GE RJ45 (1× WAN, 2× LAN, 1× FortiLink A) + 3× SMA Wi-Fi anten + RJ45 konsol",1
Model,Dell Wireless Mouse WM126,1
Əməliyyat sistemi,Windows 11 Home,6
Model,Dell S2725QS,1
Ölçülər,96.5 × 13.7 × 10.4 mm,1
DC-in jack,Xeyr,1
Host interfeys,USB,4
Maks. məsafə,100,1
Korpus,Qapaqsız,2
Model,YNDX-00053K,1
Part number,2E-AD0103BK,1
Key Features,Grounded,2
Part number,AS16GGB32CSYBGH,1
Audio,2×10 W,1
Part number,ad256GBS20S3S,1
Maks. data sürəti,5 Mbit/s,1
Model,Dell Vostro 3910 MT,1
Yaddaş,1TB PCIe-4x4 2280 NVMe TLC SSD,7
Qrafika,RTX 500 Ada,1
Part number,A1LK2EA,1
Rəng (korpus),Qara / gümüş stend,2
Part number,400-BEKN,1
Model,Alienware AW2723DF,1
Runtime (full/half),~1 dəq @650 W / ~5 dəq @300 W,1
Max. Output Power,2000 VA,2
Forma faktoru,240-pin ECC DIMM,1
Part number,2E-ML010,1
Çəki,6.26 kq,1
Daxili yaddaş,Yoxdur (480 GB SSD FG-101F-dədir),1
Topologiya,Standby / Offline (Back-UPS),2
Şəbəkə kartı,RDU101 zavodda quraşdırılıb (N SKU),2
Qoşulma,2.4 GHz USB Nano adapter (10 metr işləmə diapazonu),1
Uyğunluq,"Asterisk, FreePBX, 3CX, BroadSoft, Yeastar, Webex və bütün açıq standart SIP ATS-lər ilə birbaşa işləyir (CUCM lisenziyası tələb etmir)",1
Bluetooth Versiyası,Bluetooth 5.3 (Ultra stabil əlaqə və aşağı gecikmə),1
Xətlər / SIP,10 line keys · 16 SIP accounts,1
Part number,R0Q64A,1
Giriş diapazonu,180–287 V (170–300 V adjustable),1
Ekran,"23.8"", FHD 1920x1080, IPS, 250 nits, 100 Hz, Anti-glare",1
Part number,R8N86A,1
Portlar,"2× HDMI, USB-C",1
Part number,RZ02-03330200-R3M1,1
Volume,0.0020 m³,1
Angle turns,90 °,1
Part number,21U2004NFW,1
Batareya,"16 × 12 V / 9 Ah VRLA, hot-swap",2
Çəki,12.06 kq,1
USB data,3 × USB-A 3.0 · 5 Gbps,1
Part number,JL683A,1
Mikrofon,"8 ədəd, aktiv səs-küy azaltma",4
Rəng,Pike Silver,3
Prosessor (bu konfiq),"Intel Xeon Silver 4310 — 12 nüvə / 24 axın (HT), 2.10 GHz / turbo 3.30 GHz, 18 MB, 120 W",3
Part number,RZ01-04620200-R3G1,1
Məsafə,20 m-ədək,1
Tutum,16 TB,3
Seriya,addlink AddGame Spider S4,2
Uyğunluq,Jabra PanaCast,1
Scroll,24-step optical,2
Xüsusiyyətlər,Suya/kirə davamlı; 2 yan cib,1
Parlaqlıq / kontrast,350 nit / 1000:1,2
Tip,IntelliSlot şəbəkə kommunikasiya kartı,1
Ölçülər,"323 × 106 × 35 mm, Çəki: 350 q",1
Oxuma / yazma,3400 / 925 MB/s,1
ADF sürəti (a/q),25 ppm,1
HDMI çıxış sayı,1,1
Rack dərinliyi,443–815 mm montaj dirəyi,1
PoE,IEEE 802.3af,1
Part number,TS-873AEU-RP-4 q,1
Ölçülər,36.5 × 47 × 35.9 mm,1
Part number,2E-SPEED-3XL-BK-PRO,1
Model,L509,1
Seriya,UCM6300,1
Part number,AP5TBAC732B-1,1
Çəki,10 kq,2
Çip,Broadcom BCM57412,1
Tip,Wireless DECT Phone,1
Portlar,48 × 10/100/1000 Mbps GbE,1
Komplekt,earphones / quick start guide,1
Kabel,USB-C–USB-C,2
RJ45 Portlar,8 × 10/100/1000BASE-T PoE/PoE+ portu (IEEE 802.3af/at),1
Çəki,215 q,1
Part number,9YF94A,1
Part number,AP2TBAC532B-1,1
Part Number,4Z7X2AA,1
Model,HP Color LaserJet Pro M255dw,1
Forma,1U rack / desktop (E-series),1
USB,2 × USB 3.2 Gen 2 Type-A + 1 × USB 3.2 Gen 1,1
Ssenari,Wi-Fi 6 AP və kiçik ofis üçün WAN + PoE,1
Part number,SDCG4/64GB,1
Çəki,40 q,5
Uyğunluq,"FG/FWF-40C/40F, 60C/60D/60E/60F, 70D, 80D/80E/80F, 90D, 90/91E desktop AC adapter (C6 giriş)",1
Prosessor,Intel Core Ultra 7 256 V,2
Maximum perceived frequency,12 kHz,2
Uplink,4 × 10 q/1 q SFP+,7
Part number,4X41A08251,1
Komplekt,manual / acoustic system,3
Part number,782961-B21,1
Komplekt,EU USB-C adapter daxil,1
Çəki,285 q,1
Part number,870213-B21,1
Prosessor,Intel Core 5 210H,1
PoE,Bəli,10
Qidalanma,Batareya (simli quraşdırma tələb olunmur),2
EAN,0196188049525,1
Part Number,77Z46AA,1
Tip,EU Power Supply,1
Hündürlük,146 mm,2
CAS Gecikməsi,CL15 (RC0),1
Random 4K,94000 IOPS oxuma / 78000 IOPS yazma,1
Disk yuvası,"8 × 2.5"" SFF",1
Part number,AP2TBAC237B-1,1
Simsiz (qulaqlıq),5 W,2
Tip,"Wall-plate Wi-Fi 6 (802.11ax) dual-radio Access Point, NebulaFlex Pro (hotel/otaq)",1
Seriya,Yandex Stansiya Maks Zigbee ilə (YNDX-00053),4
Dimensions front speaker (HxWxD),18x11.4x8.2 (unit ölçüsü),1
Simsiz şarj,MagSafe / maqnit,3
Fiber port,2,6
Uyğunluq,"PC, PS5, PS4, Mac",9
Non-blocking throughput,48 Gbps,1
Update frequency,100 Hz,4
Tip,FortiSwitch 148F — Layer 2 Secure Access,1
Konnektorlar,QSFP+ ↔ QSFP+,1
PoE dəstəyi,"IEEE 802.3af PoE (Class 1, Cisco EnergyWise)",1
Tutum,10 TB,2
MTBF,2 500 000 saat,2
Təyinat,H3C kommutator/şassi soyutması,1
Konnektor 1 forma,Straight,22
Region,CENELEC / Schuko (EC),1
Tip,4K konfrans kamerası,1
Çəki,3.5 kq,1
Part Number,7D388AA,1
Tip,"Basic PDU, şaquli 0U (42U şkaf)",3
Uyğunluq,"PowerEdge C4140, FC630, M820; PowerEdge C6420, C6525, FC640, M640, R240, R340, R440, R540, R640, R6415, R6515, R6525, R730, R730xd, R740, R740xd, R740xd2, R7415, R7425, R7515, R7525, R840, R940, T140, T340, T440, T640, XR2; PowerVault ME4012, ME4024, ME4084",1
Scroll,1,1
Radio,"5 GHz 4×4:4 + 2.4 GHz 2×2:2, 802.11ax",1
Davamlı ötürmə,"202 MB/s (davamlı, OD)",1
Model,Lenovo Go USB-C Laptop Power Bank (20000 mAh),1
Part number,C9EQ6ET,1
NAND tipi,TLC,5
Uzunluq,3 m (kəsilə bilər; uzadıcı ilə maks. 10 m),1
Tip,Simsiz oyun qulaqlığı (Cloud Jet),1
Çəki / ölçülər,Starting at 0.998 kq (2.20 lbs),1
Radio,2×2:2 dual-band Wi-Fi 6,1
Korpus,"1U rackmount, daxili AC, redundant AC dəstəyi, 1 GB DDR4 / 256 MB flash",1
Veb-kamera,5 MP veb-kamera,4
Installed fans,1 pcs x 80 mm Rear panel,2
Model,Dell USB-C 90 W AC Adapter,1
Video,"4K30, 2.7K30, 1080P120, 1080P60, 1080P30, 720P240, 720P120, 720P60, 720P30 fps (standart: 4K30). Format: MOV (H.264/AVC1). Slow-mo: 1080P@120 fps. Time-lapse: 4K / 2.7K / 1080P",1
Part Number,639N5AA,1
Part number,SA400S37/960 q,1
Qrafika,Inteqrə,2
Giriş,"100–240 V~, 1.3 A, 50–60 Hz",1
Prosessor,"Intel Core i9-14900K (24 nüvə / 32 axın, 3.2–6.0 GHz, 36 MB keş, 125 W)",1
Audio,İkitərəfli səsli danışıq (Daxili mikrofon və dinamik),1
Növ,MSA SSD 6-pack bundle,1
İPv6 dəstəyi,Bəli,1
Portlar,1 × GbE · 1 × 2.5 q · PoE,1
Part number,94C17AA,1
Sürücü,53 mm dynamic,6
Overload,105% ~ 125% for 1 min / 125% ~ 150% for 30 s / > 150% for 300 ms,2
Host interfeys,PCI Express x8,2
Form faktor,"Tower, 165 × 235 × 226.5 mm",2
EAN,0767041026696,1
Çəki,425 q,1
Dimensions (ShhVhT),43x31.5x12 cm,1
Sensor / linza,CMOS; 170° geniş bucaqlı linza,1
Çəki,2.40 kq,2
The sensitivity (negative value),"-23 dB +/- 3 dB (0 dB = 1 V / Pa, 1 kQts)",2
Xüsusiyyət,Plug & Play / Silent Click,1
Çəki,"38,7 kq (85.3 lb)",1
Portlar,2 × 5 q/2.5 q/1 q RJ45 PoE-bt + 8 × 2.5 q/1 q RJ45 PoE af/at + 4 × 10 q/1 q SFP+,1
Hot-swappable batareya,Bəli,1
Media,SFP+,2
Ölçülər,17.4 × 5 × 1 in,1
Qidalanma,"PoE class 3, ~5.41 W",1
Part number,43G45AA,1
Ölçülər,Ø 97 × 54 mm,7
Model,LP479,1
Part number,TS2TESD410C,1
İdarəetmə,Managed,3
İlk səhifə,6.8 san,1
Part number,2E-ED2000,1
Part number,2E-MF210WB,1
Seriya,Evolve2 65 Flex,1
Part number,ECW220,1
Starter,CMYK 500 səh (qutuda),1
NGFW,570 Mbps,2
EAN,0197192347997,1
Part number,6UU46A,1
Windows,"Windows 10, Windows 10 Education, Windows 10 Education x64, Windows 10 Enterprise, Windows 10 Enterprise x64, Windows 10 Home, Windows 10 Home x64, Windows 10 IOT Core, Windows 10 Pro, Windows 10 Pro x64, Windows 7, Windows 7 Enterprise, Windows 7 Enterprise x64, Windows 7 Home Basic, Windows 7 Home Basic x64, Windows 7 Home Premium, Windows 7 Home Premium x64, Windows 7 Professional, Windows 7 Professional x64, Windows 7 Starter, Windows 7 Starter x64, Windows 7 Ultimate, Windows 7 Ultimate x64, Windows 8, Windows 8 Enterprise, Windows 8 Enterprise x64, Windows 8 Pro, Windows 8 Pro x64, Windows 8 x64, Windows Vista, Windows Vista Business, Windows Vista Business x64, Windows Vista Enterprise, Windows Vista Enterprise x64, Windows Vista Home Basic, Windows Vista Home Basic x64, Windows Vista Home Premium, Windows Vista Home Premium x64, Windows Vista Ultimate, Windows Vista Ultimate x64",1
Part number,4XF1A19885,1
IoT,BLE 5.2 / ZigBee + GPS (L1 / GLONASS / BeiDou / Galileo),1
Uyğunluq,HPE ProLiant DL380 Gen10 Plus (2U),1
Part number,SKC600/1024 q,1
Tip,Simsiz ekran paylaşımı (dongle),1
Ölçü,940 × 450 × 3 mm,1
Simsiz sürət,2.4 GHz tezliyində 574 Mbps + 5 GHz tezliyində 1201 Mbps (Cəmi 1775 Mbps),1
Location PS,upper,2
Görüntü imkanı,2560 × 1440 @ 280 Hz,1
Tətbiq,Görüş otağı / hybrid iş,1
Batareya,12 V / 7 Ah × 1,2
Səs xətti,1 xətt,1
Ölçü / çəki,"215 × 133 × 42 mm, 0.9 kq",1
EAN,4549821055425,1
Tezlik,250 MHz,6
Form faktor,"Tower, 165 × 170 × 226.5 mm",1
Tip,Daxili server HDD,14
Güc,30.000 VA / 30.000 W (unity PF),1
Stend,"Hündürlük 150 mm, tilt −5°/+21°, swivel ±45°, pivot",1
HDMI,1 × HDMI 1.4b,3
Ekran,"14"", WUXGA, Non-Touch",13
Səs,~54 dBA,1
Model,Dell P2723D,1
Ölçülər (U×E×H),"250 × 156,5 × 174,5 mm",1
Aylıq yük,75000 səh/ay,1
Ölçü (H×D×W),44 × 270 × 228 mm,1
Part Number,A1KY6AA,1
EAN,0190017252100,1
Çəki / ölçülər,13.5 kq (29.8 lbs) | 947.6x105.3x419.5 mm,1
Form faktor,OCP NIC 3.0,2
Screen diagonal,"23.8 """,3
Part number,D13K3AT,1
Fırlanma,7 200 dövr/dəq,5
USB-C PD,"100 W (Dell), 96 W (non-Dell)",1
MU-MIMO,4×4:4,2
Portlar,"2.5 mm qulaqlıq yuvası, Cisco SPA500S / SPA500DS genişləndirmə konsolu dəstəyi",1
Xüsusiyyətlər,"Parlaq rəngli ekran, Gigabit şəbəkə keçidi, zəng tarixçəsi, korporativ qovluq",1
Bel,tənzimlənən lumbar,1
Təyinat,Noutbuk və kompüterin USB portu vasitəsilə birbaşa Cisco şəbəkə cihazlarının konsol portuna qoşulma.,1
Qeyd,DMO region P/N (NA/XE ekvivalent 006R04687); mənbə qiyməti 0,1
Sürücü,"40 mm dynamic, neodim",1
Part number,2E-MF150UB,1
USB PD (maks.),36 W,1
Part number,BV650I-GR,1
Çəki,25 q,1
Energy efficiency class,A+,2
Düymə sayı,120 pcs / 10 multimedia düyməsi,1
Çəki,523 q,3
Part number,21SJ007HFW,1
Switch,Optical Mouse Switches Gen-3 (90 mln),2
Tip,"FortiWiFi 30 q — desktop NGFW + inteqrasiya olunmuş Wi-Fi 6 AP, region E",1
İnterfeys,12Gb/s SAS və 6Gb/s SATA,1
Əlavə xüsusiyyətlər,Lenovo 16-inch Laptop Everyday Backpack B510,1
Part number,40B90100EU,1
Application,For PC / For video cameras rəqəmsal güzgülü fotoaparatlar üçün / For mobile devices,1
Çəki,560 q,3
Radio,"2×2:2 OFDMA, dual-band",1
Tip,25 q SFP28 optik transceiver,1
Seriya,Kingston NV3,4
Portlar,48 × 10/100/1000BASE-T Class 4 PoE,4
Kontroller,Intel I225-LM,1
Davamlı ötürmə,"180 MB/s (davamlı, OD)",3
Qoruma,IPX5 su sıçramasına davamlı; MIL-STD-810 q; 3 m düşmə testi,2
Çəki (stereo),106.3 q,1
Çəki / ölçülər,Starting at 1.59 kq (3.51 lbs),4
Portlar,"DP 1.4, HDMI 2.0, USB hub, audio",1
Part number,1F3W2A,1
Model,HP LaserJet MFP M236d,1
Rəng,çəhrayı,3
Əlavə xüsusiyyətlər,FHD + IR kamera,1
Model,HP 131A Magenta Original LaserJet Toner Cartridge,1
Basket capacity,15 l,1
Ethernet,1 × 1 GbE · PoE support,1
Bağlantı,"USB (wired), 2.4 GHz, Bluetooth 5.1",1
Tip,DDR5 UDIMM (ValueRAM),3
Uyğunluq,APC Easy UPS On-Line 1-Phase modelləri,1
NAT routing,2.5 Gbps,1
Portlar,"HDMI, DP, DP-out, RJ45, USB-C upstream, 3×USB-A, USB-C downstream",1
MTBF,1 000 070 saat,1
Material,Alüminium + ABS,1
Uyğunluq,Smartphone,7
VLAN dəstəyi,"4094 VLAN ID, Port/Voice VLAN",1
Panel,QD-OLED,6
Kommunikasiya,"IntelliSlot (RDU101 daxil), USB, Serial, dry contacts",1
Düymə sayı,4,3
Bağlantı və tətbiq,"Wi-Fi, 2.4 q pult, xarici mikrofon dəstəyi. Tətbiq: AKASO GO",1
Model,Dell Latitude 5540,1
İnterfeys,Bluetooth / USB adapter 2.4 GHz,1
Layout,English (QWERTY),1
Part number,B54Z9EA,1
Part number,21QDSAXV00,1
Busylight / Teams notifications,Bəli,2
Tip,SMB HD IP Phone,1
Siçan xüsusiyyətləri,"1000 DPI dəqiq optik sensor, 3 düymə, parlaq yan dekorativ xətlər, hər iki ələ uyğun simmetrik forma",1
Ssenari,Kiçik ofis internet kənarı / SD-Branch,1
PoE,370 W (Class 6-ya 240 W-ə qədər),1
View,Server and network equipment UPS,2
A type,kpiplennya dlya televizoriv,1
Material,Alüminium ərintisi + silikon,3
Təyinat,HPE ProLiant Gen10 Plus / Gen11 Network Choice serverlər,1
Prosessor,"12-ci nəsil Intel Core i7-12700 — 12 nüvə (8P+4E) / 20 axın, 25 MB, 65 Vt, 2.10–4.90 GHz",1
RAM,16 GB (1×16 GB),1
Ölçülər,106x61x39 mm,1
Portlar,24 × Gigabit Ethernet PoE/PoE+,1
Sertifikat,"CSA, UL, FCC, RoHS, VCCI, RCM",1
Çəki / ölçülər,4.5 kq (9.9 lbs) | 539.8x178.6x498.4 mm,1
Temp.,0°C … 70°C,3
Seriya,IronWolf (NAS üçün optimallaşdırılmış),3
Luminous flow,250 lm,1
Tip,microSDXC UHS-I (Gaming),2
Daxili yaddaş,480 GB SSD,3
Seriya,Evolve2 85,2
Prosessor,"Intel Core i5-1235U (10 nüvə / 12 axın, 1.3–4.4 GHz, 12 MB keş, 15 W)",1
Part number,2E-ED1500,1
Ölçü / diaqonal,"17.3""",2
Şarj,Built-in battery,1
Tip,Layer 3 Managed Switch (fiber),2
Əlavə xüsusiyyətlər,8x rəqəmsal zoom (EIS açıq olanda zoom işləmir); time-lapse; loop; wind noise reduction; drive mode; distortion calibration. Ölçü 61×42×33 mm,1
Görüntü imkanı,4K @ ~180 Hz / FHD @ ~330–360 Hz,1
Portlar,24 × GE RJ45 + 4 × GE SFP + mgmt 10/100 + konsol,2
Part number,JL808A,1
Əlaqə,"Ethernet 10/100, Wi-Fi 802.11 b/g/n, USB 2.0",1
Xüsusiyyət,Plug and Play / Soft key stroke / Rubberized mouse scroll wheel / Symmetrical mouse,1
The common frequency band,300 - 20000 Hz,1
Material,polyester,4
Portlar,"5 × GE RJ45 (3× LAN, 1× FortiLink A, 1× WAN) + USB + konsol",3
Tip,Neutron idarə olunan indoor Access Point (EnGenius Neutron),2
Ölçü,387.9x139.7x45.9 mm,1
Səth,mikro-toxunmuş parça,5
Speaker,48 mm,1
Quraşdırma,"19"" 1U rack",5
Mikrofon,əyilən cardioid,4
Part number,S2E44A,1
Xüsusiyyətlər,"Zəng gözlətmə, ötürmə, yönləndirmə, 500 qeydlik telefon kitabçası, 200 zəng tarixçəsi",1
Ön quraşdırılmış,Network Management Card 3 (environmental monitoring),1
Part number,ad4TBS95M2P,1
Prosessor,"Intel Core i5-1335U (10 nüvə / 12 axın, 1.3–4.6 GHz, 12 MB keş, 15 W)",9
Tip,"GaN divar adapteri (Uno RG robot dizayn, LED üz)",3
Wi-Fi,"Dual-band 2.4/5 GHz, 802.11a/b/g/n/ac",1
Uplink,2 × 10GBASE-T + 2 × 1/10 q SFP+,5
Çəki,57 q,2
USB-C port sayı,2,11
Tip,Powerbank (noutbuk üçün 100 W),1
İdarəetmə,Graphic LCD,1
Dizayn,"Erqonomik, səssiz klik",1
Model,Lenovo USB-C to USB-C Cable 2 m,1
USB PD (maks.),30 W,2
Zəmanət,3 il Premier,1
Model,LS105GP (LiteWave 5-Port Gigabit Desktop Switch with 4-Port PoE+),1
Mikrofon,"10 mm çıxarılan boom, LED mute",1
Uyğunluq,"Windows, macOS, Linux",1
Məhsul tipi,Laptop stand,2
Prosessor,Intel Core Ultra 7 266 V,1
Seriya,Razer BlackWidow V4 75%,2
Tezlik,8800 MT/s (PC5-70400),8
EAN,0196188046265,1
"Çap sürəti (qara, ISO)",18 səh/dəq,4
Ölçü,6.50 × 22.23 × 25.25 sm,1
Model,HP Z2 G9 Tower,5
Headphones Type,closed,1
Batareya,daxili yoxdur — xarici EBC tələb olunur,1
Model,CM591,1
Həssaslıq,-7.8,1
Güc,650 VA / 400 W,1
Model,GS1900-48HPv2,1
Təyinat,Daxili məkan üçün dönən Wi-Fi təhlükəsizlik kamerası,1
Ölçü,70 × 30 × 3.5 mm,2
Batareya,4-hüceyrəli,8
Güc,3.000 VA / 2.700 W,3
Model,LetraTag 91205 (S0721650 / 91225) Mavi Plastik Lent,1
Part number,2E-KS240WG_UA,1
Tezlik,12 Hz – 28 kHz,9
Çəki,1.02 kq,1
Uyğunluq,"Windows 10/11, macOS 10.10+, ChromeOS",1
"Çap sürəti (qara, ISO)",15 səh/dəq,1
Qeyd,DMO region P/N (NA/XE ekvivalent 006R04823),1
Endurance,1 DWPD (JESD219A),1
Anten,"İnteqrasiya olunmuş omni, TX 25 dBm",1
Audio kodeklər,"G.711, G.726, G.729A, G.722",1
Tam ad,HPE Broadcom BCM57412 Ethernet 10Gb 2-port SFP+ OCP3 Adapter,1
Part number,AP2TBAC630T-1,1
Part number,SDCS2/128GB,1
Rəng tutumu,100% sRGB; ComfortView Plus (low blue light),1
Barkod,1210002616171,1
Konnektor tipi,Simplex LC / SC optik yuva,1
Model,Dell 27 Plus S2725HSM,1
Additional characteristics,mute button / headphones volume adjustment,1
Portlar,"2.5 mm qulaqlıq yuvası, USB 2.0 portu, AUX genişləndirmə portu (SPA500S/SPA500DS)",1
Model,HP ProBook 450 G10,1
Runtime,18 h (65 dB RRT),1
Çəki,550 q,1
Material,PU örtüklü dəri (faux leather); gunmetal furnitura,1
Tip,PoE Injector,1
Signal to noise ratio,55 dB,1
Ölçülər (H×E×D),"21,7 × 44 × 68 cm",1
Layout,US,3
Skaner,"Yalnız flatbed, optik 1200 dpi, CIS",1
Part number,LSPM1FANSB-SN,1
Forma,65%,2
Giriş bağlantısı,IEC C20 / Schuko / BS1363A,1
Model,HP LaserJet Pro 3003dw,1
Tip,Xarici SSD (MagSafe / maqnit),3
Prosessor,1200 MHz,13
PD,100 W,1
EAN,0636430087702,1
IPsec VPN (512 byte),25 Gbps,2
Tip,Gaming siçan altlığı (PRO Speed),6
Directivity,cardioid / bidirectional,1
Rated voltage,230 V,4
Turbo,3.30 GHz,1
Ekran,255 × 128 piksel arxadan işıqlandırılan qrafik monoxrom LCD,1
The minimum frequency of the perceived,35 Hz,1
Tezlik,10–21 000 Hz,3
Prosessor,"Intel Core Ultra 5 225U | 12C(2P+8E+2LPE)/14T, turbo 4.8 GHz, 12MB cache",1
Part number,ad1TBP50DK,1
Uyğun məhsullar,"MacBook Pro 16"" / 15"" / 13"", MacBook Air 2022 / 2020 / 2019 / 2018, MacBook 12""",1
Protokollar,"TCP/IP, UDP, SNTP, HTTP, DHCP, SNMP v1/v2/v3, SMTP",1
Cihaz interfeysi,RF Wireless,1
EAN,0198990307916,1
Audio,3.5 mm çıxış (mikrofon yoxdur),1
Maximum resistance,1000 Ohm,1
Yaddaş,512GB PCIe NVMe SSD,14
Dimensions (ShhVhT),35 x 48 x 26,1
Portlar,"2x USB-C (Thunderbolt 4 / USB4 40Gbps), with USB PD 3.0 and DisplayPort 2.1; 1x HDMI 2.1, up to 4K/60 Hz; 1x Headphone / microphone combo jack (3.5 mm); Supervisor password; Power-on password; System management password; NVMe password; Certificate based BIOS authentication; FIDO (Fast Identity Online) authentication; Self-healing BIOS",1
Qida,2 × 300 W redundant PSU,6
İnterfeys,"USB 10Gbps (USB 3.2 Gen 2), USB Type-C",2
Çəki,6.38 kq (stend ilə) / 4.54 kq (stendsiz),1
Çəki,298 q,1
Model,GWN7701P,1
Ölçü (E×D×H),438 × 630 × 86 mm,1
Həssaslıq,96 dB SPL/mW (1 kHz),1
Zəmanət,5 il (Transcend Limited Warranty),8
Ekran,"34"", WQHD 3440x1440, IPS, 350 nits, 120 Hz, Anti-glare",1
Tip,USB oyun qulaqlığı,3
Portlar,"1x USB-A (USB 5Gbps), Always On; 1x USB-A (USB 5Gbps); 2x USB-C (Thunderbolt 4 / USB4 40Gbps), with USB PD 45-65 W and DisplayPort 2.1; 1x HDMI 2.1, up to 4K/60 Hz; 1x Headphone / microphone combo jack (3.5 mm); 1x Ethernet (RJ-45); 1x Nano-SIM card slot (WWAN support models); 1x Smart card reader; Smart card reader, supports ISO 7816 and EMV; No smart card reader",4
Akselerasiya,"20 q, 7000 FPS, 1000 Hz USB cavab tezliyi",1
EAN,4549821322961,1
Şifrələmə,AES-256,1
Ümumi güc,75 W,1
Part number,ECS5512F,1
EAN,0197192827147,1
DWPD,0.18,4
Part number,FITCON100,1
USB versiya,USB 2.0,7
Tezlik,1600 MHz (PC3L-12800R),1
Portlar,44 × RJ-45 10/100/1000 Mbps + 4 × Gigabit Combo (RJ-45/SFP) + 2 × Gigabit SFP — cəmi 50 port,1
Çıxış (12 V),1.67 A,3
Tip,3.5 mm esports qulaqlığı,6
Çəki,52 q,6
Part Number,4P5L7AX,1
Cavab müddəti,5 ms (GtG Overdrive ilə),1
Çəki,6.80 kq,1
Part number,CF211A,1
Əlavə xüsusiyyətlər,Lenovo Dual USB-C 65 W GaN Charger Black - EU,1
Towards,city style,2
Part number,161-BCFV,1
İşıqlandırma,AlienFX RGB,1
Ekran,"14"", WUXGA 1920x1200, IPS, 300 nits, Touch, 100% sRGB",2
İlk səhifə,11 san a/b / 11.4 san rəng,1
Rəng,Ağ-mavi,1
Model,WYL4911B Wireless Optical Mouse,1
USB-A 2.0 port sayı,6,1
Arxa qapı,"Təkqanadlı polad, 63% perforasiya, kilid",2
Part number,FG-60F,1
İdarəetmə,Nebula Cloud və ya lokal Web UI,1
Seriya,GT Server (GTS),1
Çəki,955 q,1
MAC cədvəli,8K,11
Total rated capacity,10 V (2x5 W),2
Notebook compartment (ShhVhT),37x27x4.8 cm,1
Uyğunluq,"Windows 11/10/8/7, macOS, Linux",3
Eyni anda TCP sessiyalar,1.5 milyon,5
HDD tutumu,600 GB,3
Çəki,482 q,1
Texnologiyalar,ChannelFly · SmartMesh · PD-MRC · OFDMA / MU-MIMO / TWT,1
Rəng,RGB + ağ,1
Günəş paneli girişi,"200 W Max., 12–28 V, 8,5 A (XT60PM-M)",1
Boşalma temperaturu,-20°C ~ 40°C,5
Part number,RZ01-05120800-R3M1,1
Material,"nylon water-repellent and PVC fabric in combination with the shock-absorbing material of the bottom and walls of the bag, carabiners, hinges and zippers are made of metal",1
Ölçülər,"450 × 400 mm, 4 mm qalınlıq",1
Model,GXP2160,1
İlk səhifə,6.2 san a/b / 6.8 san rəng,1
Kontroller,Phison E18,4
Part number,D06LDEA,1
Part number,JL814A,1
Ölçülər,"44x6,7x4,3 cm",1
HDD tutumu,1200 GB,1
Part number,TS-H1277AXU-RP-R5-16 q,1
Çəki / ölçülər,Starting at 1.64 kq (3.62 lbs) | 313 x 224 x 16.9-18.5 mm,2
Part number,RZ03-05271500-R3M1,1
Threat Protection,2.2 Gbps,2
Rəng tutumu,"99% sRGB; ComfortView Plus, flicker-free",1
RAID,"Broadcom MegaRAID MR416i-p, x16, 4 GB keş, NVMe/SAS 12 q",1
Optik sürücü,Yox,1
Anten,Daxili,1
Zəmanət,"3 il (standart, OneScreen)",1
Barkod,6941876216123,1
Part number,98M30ET,1
Model,HP OfficeJet Pro 9130,1
Hündürlük,146.1 mm,7
AC + DC giriş,950 W Max.,1
Prosessor,"Intel Core 7 240H (10 nüvə / 16 axın, 2.5–5.2 GHz, 24 MB keş, 45 W)",2
Tip,"2.5"" SATA SSD (S20)",3
Prosessor,"Intel Xeon w7-3455 (24 nüvə / 48 axın, 2.5–4.8 GHz, 67.5 MB keş, 270 W, ECC)",1
Qida,60 W adapter,1
Model,1519-0154,1
Xüsusiyyət,timer 40-minute countdown,2
Qrafika,NVIDIA GeForce RTX 5070 12GB,3
Retail P/N,AP2TBAS2280Q4U-1,1
QoS,IEEE 802.1p | Auto-MDI/MDIX | IEEE 802.3az EEE,1
Max. Output Power,850 VA,1
Güc,800 VA / 480 W,1
Part number,B315V_DNI,1
Branches,front pocket,1
RAID,"0, 1, 5, 6, 10, 50, 60",1
Uyğunluq,Liebert GXT5 Və digər IntelliSlot dəstəkli Vertiv UPS,1
Növ,10GbE optik transceiver,1
"Çap sürəti (qara, ISO)",25 səh/dəq,5
HDMI versiya,1.3,1
Audio,"İkitərəfli səsli danışıq (Daxili mikrofon və dinamik, səs-küyün ləğvi)",1
Tip,vertikal simsiz siçan,1
Port 1 qücü,20 W,1
Bağlantı,HyperSpeed 2.4 GHz + USB,1
SSD tutumu,3840 GB,2
Model,DTSPB231XL-CD20,1
Battery operated,✔️,1
Ayırdetmə dəqiqliyi,1920 × 1080 Full HD @ 75 Hz (HDMI ilə),1
Portlar,1 × USB-C + 1 × USB-A,1
Tip,Siçan bilək dayaqı,1
Model,Dell S3425DW,1
Rəng,Quartz,1
Form faktor,Right-hand,1
EAN,4549821020188,1
Part number,664R5AA,1
Model,S5024PV3-EI,1
Yaddaş,1 TB SSD | M.2 2242 | PCIe 4.0,1
Uplink,—,7
Input frequency,50-60,5
Rəng,Qara və gümüşü (Black & Silver).,1
USB PD (maks.),65 W,3
Mikrofon,"HyperClear Full Band 12 mm (20 Hz – 20 kHz), unidirectional",2
Capacity,26 l,1
Number of storage drives supported,1,1
Növ,Standart sistem fan dəsti (2 fan),1
Model,4999-823-169,1
Additional information,Energy Efficiency Class - A,3
Çəki,0.07 kq,1
Uyğunluq,HPE ProLiant DL360 Gen10 HPE ProLiant DL380 Gen10 HPE ProLiant DL560 Gen10,1
Audio kodekləri,"Yüksək dəqiqlikli HD Audio (G.722), G.711a/u, G.729a/b, iLBC",1
Part number,ST12000NM000J,1
EAN,0196188239384,1
Part number,QSW-1105-5T,1
Part number,ad512GBS90LTM2P,1
Model,CP-7965 q (Hardware V08),1
Çəki,"5,3 kq",1
Protokol,SIP (Cisco Unified Communications Manager - CUCM / Business Edition / Webex Calling),1
"Çap sürəti (qara, ISO)",7.5 səh/dəq,1
Həll (rəng),600 x 600 dpi,14
Spikerfon,Tam dupleks (Full-duplex) genişzolaqlı spikerfon,1
Runtime (full/half),"~1 dəq @390 W / ~8,5 dəq @195 W",1
EAN,0197498115399,1
Portlar,"2× HDMI 2.1, 1× DisplayPort 1.4",3
Form faktor,M.2 2280 (22 x 80 mm),12
Ötürmə,77.37 Mpps,2
Model,YNDX-00055RED,1
Portlar,12 × 10/100/1000BASE-T Class 4 PoE + 2 × 1GbE copper,1
Çəki,0.84 kq,1
Örtük,Premium Soft-Touch mat örtük və rezinləşdirilmiş təkər,1
Anten,"4 × inteqrasiya olunmuş omni, 5 dBi",1
Destruction,credit cards / paper,1
Speaker diameter,40 mm,1
Model,Omada EAP653 UR (AX3000 Ceiling Mount Dual-Band Wi-Fi 6 Access Point),1
Notebook compartment (ShhVhT),42.5x30.5x4.0 cm cm,1
Çəki,"8,58 kq",1
Part number,R2X06A,1
macOS,Mac OS X 10.15 Catalina,1
Ekran,"2.8"" rəngli toxunma paneli",4
Mikrofon,3× Digital MEMS,2
Notebook compartment (ShhVhT),38.5x26.5x4.6 cm,1
Part number,2E-BSSXT2WBK,1
Həssaslıq,1200 DPI optik sensor,1
Tip,Prosessor heatsink-i,2
OS,"Windows, macOS, Ubuntu; QTS/QuTS hero DAS",2
Model,HPE ProLiant DL20 Gen11,1
Ölçülər,358.00 × 251.82 × 18.89–20.85 mm,2
EAN,4549821410316,1
Dalğa uzunluğu,TX 1550nm / RX 1310nm (Tək lifli WDM),1
Part number,QM2-2P-344A,1
Part number,2E-BPN9004BK,1
Quraşdırma,"Divar qutusu, faza kəsimi",2
Qida,100 W,1
Rəng,Performance Blue,3
Port sayı,6 × 2.5GbE RJ45 + 4 × 10GbE SFP+/RJ45 combo,1
CAS latency,CL38,1
Seriya,Xerox Phaser 3020BI,1
Yaddaş,1 TB SSD | M.2 2280 | PCIe 4.0 | Opal 2.0 | TLC,1
Tətbiq,"IP kamera, VoIP, Wi-Fi AP",1
Hündürlük,15.6 mm,4
Tip,DDR3 ECC Unbuffered DIMM (ECC UDIMM),1
Ölçülər,"900 × 420 mm, 4 mm qalınlıq",1
Model,USB-A to RJ45 Console Cable (FTDI FT232R),1
Heatsink,Gümüş alüminium Spider totem (US = UDIMM Silver),1
Type of instalation,masaüstü,1
Model,S1850V2-52X-PWR,1
Volume,0.0109 m³,1
Format,86 düymə,1
Part number,AP2TBAS2280Q4U5-1,1
Sensor / DPI,3600 DPI,2
Uyğunluq,Delta UPS Mini Slot (Amplon / Ultron və s.),1
Ekran,"34"" WQHD (3440×1440) IPS/UWVA, anti-glare 250 nit 100 Hz",1
OS,"Android 15, Google EDLA",7
Tezlik,1333 MHz (PC3-10600R),1
MTBF,">1,600,000 saat",4
Threat Protection,700 Mbps,2
Korpus materialı,Silicone,2
Dizayn,"Həm sağ, həm sol əl ilə istifadə üçün tam simmetrik erqonomik forma",1
Batareya ömrü,110 saata qədər,1
Uyğunluq,"14"" (35.6 cm) Dell noutbuklar",1
Güc,"3.000 VA / 2.700 W (PF 0,9)",1
MU-MIMO,2.4 q 2×2:2 · 5 q 3×3:2,1
Model,Dell Pro E2726DS,1
Çəki,7.88 kq,1
A type,napkins,1
Part number,8T1G0EA,1
Power Lifting Mode,2.700 W,1
Part number,Ad16GB32C22P4U,1
Oxuma / yazma,500 / 450 MB/s,2
İstehsal ölkəsi,"China, Japan",2
Çəki,"3,79 kq",1
Ekran,WUXGA (1920×1200),1
Ölçülər,24 × 24 × 53 mm,1
Kabel girişi,Alt sürüşən rezin modul; tavan PVC giriş,1
MTBF,2 000 000 saat; UBER 1/10¹⁵; AFR 0.44%,1
Tip,"IEEE 802.3af PoE midspan injektor, Instant On",1
WLAN,"Band steering, 802.11r/k/v, DCS, WPA3 Personal",1
Model,MF300 Silent (2E-MF300WPN),1
Qrafika,Intel Arc (inteqrə),1
Əlavə xüsusiyyətlər,5MP kamera + IR; VESA 100x100; İnteqrasiya kamera,1
Yaddaş dəstəyi,"DDR4-2667 ECC, 8 kanal, maks. 6 TB",2
Uzunluq,10 sm,1
Model,HP P34hc WQHD USB-C Curved,1
Form faktor,2U hot-plug fan,1
Konfiqurasiya,12 V × 20 ədəd,1
Part number,MR.GTS42U812.01,1
MTBF,518 332 saat,1
Model,X614,1
Kamera,FHD IR kamera + mikrofon,4
12 V DC (siqaret alışqanı),1 × 12 V / 10 A,5
Çəki,6.1 kq,1
Ölçülər (açıq),2.075 × 681 × 35 mm,1
Simsiz,Wi-Fi + Bluetooth,9
Xüsusiyyət,on wheels / Kabel idarəetməsi,1
Tutum,24 GB,4
Part number,P40499-B21,1
Qatlanan,Xeyr,1
Ekran,"14"" WUXGA (1920×1200) IPS/UWVA, sensorlu 400 nit",1
SLC cache,SLC 50GB,1
Xətt sayı,"4 xətt / zəng düyməsi (LED göstəricili), 4 soft-key, 5-istiqamətli naviqasiya",1
Part number,64BDGAT4EU,1
Kapasitet,864 Wh,1
Çəki,"15,5 q",1
Tip,USB audio mikser (HyperX Audio Mixer),1
Tip,SFP Optical Transceiver,2
Tutum,1 800 səh (ISO/IEC 19798),3
Ölçü / çəki,"267 × 162 × 44 mm, 1.3 kq",1
PoE,"410 W, IEEE 802.3af/at, port 1–24",2
Model,HP S5 532sf FHD,1
Çəki,995 q,1
Rəng,Nightfall Black,1
VPN,530 Mbps,2
MU-MIMO,2×2:2 (2.4/5 q),2
Part number,AP1TBAC237U-1,1
Əlavə xüsusiyyətlər,"İşıqlı klaviatura; 8MP kamera + IR; SSD Opal şifrələmə; Korpus: Aluminium (top), aluminium (bottom)",1
Rəng,yaşıl,6
Tip,Ağıllı LED lampa,4
Dimensions (ShhVhT),38.1x29.2x6.9 cm,1
Xətt sayı,"6 proqramlaşdırılan işıqlı xətt/funksiya düyməsi, 4 interaktiv soft-key",1
Mikrofon,7 ədəd (8-ci pultun içində),4
Part number,FS-224E-POE,1
Çəki,təx. 1.14 kq,2
Kontroler,"Phison PS5021-E21T (TPU SSD DB, bu P/N)",1
Dimension,L147×W72×H27(mm),1
Seriya,Apacer AC236,1
Qoruma,"IP20, uşaq pərdələri, 16 A / 253 V avtomatik sönmə",2
Prosessor,Intel Core 5 120U (vPro),1
Qeyd,DMO region P/N (NA/XE ekvivalent 006R04376),1
Ölçülər,20x440x145 mm,1
RAM,"4 GB DDR4 SODIMM (1 slot, maks. 16 GB)",1
Part number,2E-HG340BK-7.1,1
Ölçülər (H×E×D),219 × 171 × 439 mm,1
Enerji,"typical 285 W, maks. 495 W, standby 0,5 W",3
Random oxuma (4KB),44000 IOPS,2
Əlavə xüsusiyyətlər,"Barmaq izi oxuyucu; Dolby Audio/Atmos; SSD Opal şifrələmə; Korpus: Aluminium (top), aluminium (bottom)",1
Tezlik,40–70 Hz (giriş); 50/60 Hz (çıxış),2
En,203.2 mm,1
NAT sessions,160K,2
Model,CD317,1
Uyğunluq,AP22/AP25/AP27/AP32 Və 802.3at cihazlar,1
Ekran,"28"" 4K UHD (3840×2160) IPS/UWVA, anti-glare 400 nit 60 Hz",1
Video,HDMI out 3840×2160 @60 Hz,1
Qidalanma,"PoE class 3, ~9 W",1
Sürət,"5 GHz üzrə 1201 Mbps, 2.4 GHz üzrə 300 Mbps (ümumi AX1500)",1
Ölçülər,1095 × 648 × 635 mm,1
Audio kodekləri,"Genişzolaqlı HD səs (G.722), G.711a/u, G.729a/b, iLBC, Opus",1
Material,Rubber,3
Rəng,Deep Valley Black (qara),1
Brend,2E (2E Gaming),6
Part number,RC81-03650101-0000,1
Prosessor,"Daxil deyil — 3-cü nəsil Intel Xeon Scalable, maks. 2 soket",1
Tip,naqilli esports siçan,1
Part number,RZ38-05310200-R3G1,1
Funksiyalar,"Çap, surət, skan, simsiz",1
DPI,1600 dpi 2.4GHz,1
Tip,4-bay short-depth rackmount NAS (1U),1
Uyğunluq,Windows 10/7 and above / macOS / Linux,1
Yaddaş kartı,"microSD, UHS-I U3; rəsmi maksimum 64 GB (daha böyük kart uyğunluğa təsir edə bilər)",1
Səs köməkçisi,Alisa,21
Radio / sürət,400 + 867 Mbps (2.4/5 GHz),1
Tip,Yığılan USB-C ↔ USB-C şarj/data kabeli,1
Parlaqlıq / kontrast,400 nit / 1000:1,1
Part number,FG-50 q,1
BLF,10 düymə,1
Portlar,"HDMI 1.4, DP 1.2, VGA, USB hub (USB-B, 3×USB-A, USB-C 15 W)",1
Təyinat,Music/Everyday,1
Part number,2E-MF180UB,1
Texnologiya,COB (toz/su/zərbəyə davamlı),1
CAS Gecikməsi,CL11 (11-12-E3),1
Part number,2E-GC-BUS-WT,1
Faza / gərginlik,"1 faza, 250 V AC",8
Model,GS1100-10HP,1
Number of Colors,16.7 mln,2
Part number,RZ01-05120100-R3G1,1
Konnektor 2,VGA (D-Sub),1
Part nömrəsi,NWA50AX-EU0102F,1
Seriya,Kingston Dual Portable SSD,3
Part Number,4P5D6AX,1
Volume,0.0022 m³,3
Kartric,"W1335A HP Original 335A LaserJet Toner Cartridge (yield 7,400 ISO pages); W1335X HP Original 335X High-Yield Black LaserJet Toner Cartridge (yield 13,700 ISO pages); CF257A HP 57A Original LaserJet Imaging Drum (yield 80,000 pages)",2
HDD tutumu,1000 GB,2
Model,GWN7806,1
Seriya,addlink microSD U3 Gaming,2
Təyinat,PC / noutbuk,14
Ölçülər,24x344x145 mm,1
Protokollar,SCCP və SIP (Cisco Unified CallManager / CUCM),1
Model,GWN7660,1
Part number,2E-ML020,1
Volume,0.0133 m³,1
Ekran,"14"" 2.8K OLED/IPS (2880×1800) OLED, BrightView 400 nit",1
Seriya,S5130S EI,2
Model,YNDX-00059BLU,1
Part number,2E-HG340BK,1
Random oxuma (4KB),54000 IOPS,1
Sensor / DPI,3200 DPI,2
Tutum,256GB,1
Tutum,"1 500 səh (ISO/IEC 19752, orijinal yield istinadı)",1
Model,Dell UltraSharp U2725QE,1
Dalğa forması,Stepped approximation (line-interactive),3
HDMI,2 × HDMI 1.4b,1
İlk səhifə (rəng),11 san,5
Tövsiyə olunan həcm,400–800 səh/ay,1
Giriş qabı,251 Vərəq,1
Model,PB571,2
Aksesuar,Heatsink əvvəlcədən quraşdırılıb (PS5),3
Tip,"4-bay 1U rack NAS, redundant PSU",2
Rəng,red,1
Model,Lenovo ThinkPad Universal Thunderbolt 4 Dock,1
Surge,459 J,1
Aylıq yük,55000 səh/ay,1
Model,GRP2615,1
Maksimum güc (Pm),200 W,1
Bağlantı,3.5 mm,15
Form faktor,Rack/Tower 2U (rail kit + tower ayaqları daxil),1
Mikrofon girişi,Bəli,1
Tip,A/b lazer printer (yalnız çap — MFP deyil),2
Tip,"USB kondensator mikrofon (SoloCast, ağ)",1
Portlar,"VGA, DisplayPort, HDMI",1
Yastıq,FlowKnit memory foam,4
İnterfeys,Bluetooth / Wireless 2.4 GHz,1
Giriş qabı,300 Vərəq,4
Rozetka sayı,1,2
Model,GWN7822P,1
Yuvalar,"3 × 3.5""/2.5"" SATA 6Gb/s, hot-swap",1
Part number,FS-108F-FPOE,1
Tutum,512 GB,11
Model,Dell 1.92 TB RI SSD,1
Suya davamlılıq,IPX5 səviyyəli su və tər qoruması,1
Turbo Boost,2.0,2
İdarəetmə,Nebula Cloud və ya lokal Web UI (802.1X yoxdur),1
Uyğunluq,SFP+ / SFP28 slotlu Fortinet sistemləri,1
Dərinlik,249.7 mm,1
Volume,0.0015 m³,3
Konfiqurasiya,DN — duplex + Gigabit Ethernet (Wi-Fi bu SKU-da opsional kit),1
LCD,"Rəngli, gravity-sensing",3
Model,Dell Pro 14 PC14250,2
Part number,210-AZKL,1
Form faktor,2U rack,1
Model,Dell Pro 16 PC16250,2
Batareya,VRLA · 1 × 12 V × 9 Ah,1
Çəki,438 q,3
Format,Classic,3
Adapter,SD adapter daxildir,13
Model,LP130,2
Bağlantı,simsiz 2.4 GHz,1
Zəmanət,36 ay,14
Ölçülər,126x429x23 mm,1
Qoruma,8 qat qoruma,2
Style,modern,2
Tip,Wired stereo headset,5
TBW,1000 TB,1
Çəki,4.75 kq,1
Kabel,AC 914 mm; DC 1527±15 mm,1
Model,Dell Tower ECT1250,1
Tip,"FortiSwitch 108F-FPOE — Layer 2 Secure Access Full PoE+ kommutator, fanless",1
USB-C şarj portu,Bəli,3
Form faktor,Tower,6
Wi-Fi,2.4 q 2×2:2 · 5 q 3×3:2 MU-MIMO,1
Zəmanət,3 il (addlink limited),3
Çəki,263 q (kabel ilə),1
Ölçü,69.6 × 30 mm (E×H),4
Bağlantı,2.4 GHz USB dongle + Bluetooth 5.3,1
Parlaqlıq,450 cd/m² (typical),6
Zəmanət,Limited Lifetime,3
Model,HP Color Laser 150nw,1
Ekran,"320×240 (2.4"") color LCD",1
Model,GWN7831,1
Skan,"e-poçt, USB, FTP, şəbəkə qovluğu; TIFF/JPEG/PDF",1
Qrafika,NVIDIA RTX 2000 Ada 16 GB 4 m,1
Yaddaş,4098 MB,1
Model,Dell Pro 24 Plus P2425D,1
Ekran,"Yox (işıq paneli 99 × 123 mm, 16 mln rəng)",3
Seq. oxuma/yazma,5000 / 2500 MB/s (512 GB SKU; seriya maks. 5000/4200),1
Seriya,Razer Gigantus V2,5
Power consumption,30 W,1
Ekran,"16"" WUXGA (1920×1200) IPS/UWVA 300 nit 60 Hz",6
TBW,Rəsmi 4 TB TBW cədvəli yoxdur (1–2 TB review: 700 TBW/TB),1
Portlar,24 × 10/100/1000Base-T,1
Protokollar,"SIP v2 (RFC 3261), SPCP",1
Uyğunluq,"PC, PS5, PS4, Xbox Series X|S, Xbox One, Nintendo Switch, Mac, Mobile.",3
Ölçülər,313.70 × 225.30 × 18.89–20.37 mm,2
Length of cord,1 m,1
Kommunikasiya,"USB, RS-232, IntelliSlot, REPO, dry-contact",2
Polling,8000 Hz,11
EAN,4549821173433,1
Hündürlük,12U (daxili 509 mm),1
Ölçü,355 × 333 × 215 mm; çəki 6.8 kq,1
Uyğunluq,"HP 203 toner cartridges work with: HP LaserJet Pro M254, M280, M281",1
Çəki / ölçülər,Starting at 1.27 kq (2.80 lbs),2
Daxil,Charging stand,1
Sürət,10 q,2
Adjustments,tilt +5°-15° / turn ±90°,1
Tezlik,2.60 GHz base / 3.50 GHz turbo,1
Xətlər / SIP,3 lines · 3 SIP accounts,1
Əlaqə,"Gigabit Ethernet, USB 2.0, NFC; Wi-Fi/Wi-Fi Direct — opsional Dual Band kit",1
Texnologiyalar,"Adaptive-Sync, Flicker-free (titrəməsiz), LowBlue (göz qoruma rejimi), EasyRead rejimi",1
Batareya tipi,Lithium Polymer (LiPo),2
Part number,SCMS100035,1
Çəki,340.194 q,1
Portlar,4 × GE RJ45 (2019 FortiVoice Enterprise datasheet),1
PS5,Uyğundur (rəsmi 2 TB G55H packshot),1
Part number,P06303-B21,1
"Çap sürəti (qara, ISO)",29 səh/dəq,3
Model,NWA50AX,1
Wireless interfaces,Bluetooth (5.3),2
Barkod,6935364084189,1
Additional external,✔️ accessory pocket,1
On/Off,Bəli,1
Built-in speakers,✔️ 8 Ω/1 W,2
Doldurma müddəti,2 h,1
Handles for carrying,✔️,13
Çəki,101 q,1
Korpus,"Alüminium gövdə, bilyalı podşipnikli fan",1
Lokalizasiya,EUR (power cord kit),1
Tezlik,115 - 15000,3
Batareya tutumu,500 mAh,1
Çıxış,8 × IEC C13 + 2 × IEC Jumpers,1
Part number,Q2079WL,1
Çəki,"5,4 kq",2
Sensor,14K Optical,1
Ölçülər,"420 × 900 mm, 4 mm qalınlıq",1
Part number,64BEKAT1EU,1
Video,"4K60, 4K30, 2.7K60, 2.7K30, 1080P120, 1080P60, 1080P30, 720P240, 720P120, 720P60 fps. Codec: H.264 / H.265. Format: MOV. Slow-mo: 1080P120, 720P240/120",1
Model,HP LaserJet MFP 137fnw,1
Form faktor,SFP28,1
Əlavə xüsusiyyətlər,SSD Opal şifrələmə,6
Maximum diagonal,"70 """,1
Matris tipi,"IPS LED (3 tərəfdən mikro-çərçivəli mikro-kənar dizayn, Antiglare örtük)",1
PoE,"130 W, IEEE 802.3af/at, 8 port",1
Çəki,0.46 kq,1
Part number,2E-L2825B-01.UA,1
Part number,400-BEGI,1
Part number,SRV10KRIRK,1
Part number,869079-B21,1
Ekran,"27"" QHD (2560×1440) IPS/UWVA, anti-glare 300 nit 75 Hz",1
TBW,1400 TBW (TPU S95 2 TB review),1
Tip,3-bay tower NAS (RAID 5),1
Seriya,Touchscreen T7,7
Rəng,Şəffaf,1
Form faktor,260-pin SO-DIMM,2
Seriya,Yandex Stansiya Mini 3 Pro,3
Rank,1Rx8 (rəsmi Amazon/P5 16GB SKU),1
Video,180° panaromik / multi-camera AI (PanaCast 50),1
Shredded paper size,4x35 mm,2
Əlavə,ProRes 4K/60fps birbaşa yazma (iPhone 15 Pro/Pro Max); kəmər deşiyi,2
Rəng,Qara / RGB,1
Model,Lenovo USB-C Slim Travel Dock,1
Model,US161,1
Təsvir,"Klaviatura ev və ofis istifadəsi üçün idealdır; ağ yumşaq arxa işıqlandırma sayəsində gecə və gündüz rahat iş təmin edir. 12 multimedia düyməsi film və musiqi zamanı əlavə rahatlıq verir, erqonomik düymə forması isə uzunmüddətli yazı üçün hazırlanıb.",1
BLF / Speed Dial,16 digital düymə,2
Mobil çap,"HP app, AirPrint, Mopria, Wi-Fi Direct",1
Form faktor,3.5-inch,3
Seriya,Razer Cobra Pro,2
Qabıq materialı,"Aluminum, Nylon",1
Toxunuş geri,10 nöqtəyə qədər,1
Part number,P65106-B21,1
Düymə sayı,104 pcs,2
Ölçü / çəki,"250 × 104 × 27 mm, 0.73 kq",1
Video rejim,3840p,2
Şəbəkə,Network Choice — embedded LOM yoxdur; OCP 3.0 Və ya PCIe NIC seçilməlidir,1
Ekran,"24"" Full HD (1920×1080) IPS/UWVA, anti-glare 250 nit 60 Hz",1
Numpad,Var,1
Soyutma,Tavanda 6 fan-a qədər yer,2
Model,Dell Pro 32 Plus P3225DE,1
Portlar,2× HDMI,2
Yuvalar,"12 × 3.5""/2.5"" SATA 6Gb/s, hot-swap",6
Part number,C0DS3EA,1
İşıqlandırma,3 müxtəlif ssenarili LED işıqlandırma,1
Çəki,490 q,3
USB-A,4 × 5 V / 3 A,1
Model,YNDX-00520,1
Part number,B305V_DNI,1
Səs,23 / 41 dBA,1
Part number,X6W31AA,1
Width adjustment range,12 - 26 mm,1
Prosessor,Intel Core Ultra 7 258 V | 12MB cache,6
Seriya,Razer Kraken X Lite,1
Ekran,"23.8"" Full HD (1920×1080) IPS/UWVA, sensorlu 300 nit 75 Hz",1
Uzunluq,1.8 metr (6 fut),1
Nominal tutum,12500mAh (TYP 5 V 3A),1
Tip,PS5 DualSense üçün ChargePlay Duo şarj stansiyası,1
Part number,2E-HG355BK-7.1,1
Volume,0.0061 m³,1
Platforma CPU,2 × 3-cü nəsil Intel Xeon Scalable (soket başına maks. 24 nüvə),3
Kommutasiya tutumu (Switching Capacity),336 Gbps / 56 Gbps forwarding,1
Part number,BG7H8EA,1
EAN,0197192334041,1
Ölçü / çəki,"79 × 42 × 14.5 mm, 65 q",2
Nominal tutum,13 500 mAh (tipik 5 V 3A),1
Əlavə,Environmental Monitoring (temperatur sensoru daxil),1
Konnektor 2,USB B,1
Additionally,maximum illumination: ≥800 lux / distance between the lamp head and the table - 37 cm,1
Ethernet,10/100 Mbit/s,1
Tip,Indoor AX3000 Wi-Fi 6 Access Point,1
Material,Foam,1
Forma,Indoor,1
Device type,monitor,6
TBW,160 TB,2
Səs @25°C,27.2 dBA,1
Çap sürəti,40 ppm Letter / 38 ppm A4,1
Branches,for mouse / for business cards,1
Əsas,Kaymaz altlıq,1
Prosessor,Intel Core 5 120U,1
Kabel,"2.5 m, 3×2.5 mm² H05VV-F",1
Minimum diagonal,"32 """,2
Ölçü / çəki,"440 × 270 × 43 mm, 3.1 kq",1
Material,Polyester standart etiket lenti,1
Part number,AP9641,1
Part number,7MD74A,1
Seriya,Kingston Canvas Go! Plus Gen4,5
Model,16GB 2Rx4 PC3-14900R-13-12-N1-D4 (M393B2G70QH0-CMA),1
Növ,Rack server (EU SKU),2
NGFW,1.6 Gbps,3
Eyni anda TCP sessiyalar,1.4 milyon,2
İşıqlandırma,Dinamik çoxrejimli RGB arxa işıqlandırma (parlaqlıq və sürət tənzimlənməsi),1
Model,Dell EcoLoop Pro Slim Backpack 15 CP5724S,1
Material,"Alüminium, plastik",3
Faks,Yox (faks üçün B235),1
Reng,ağ,4
Operativ yaddaş,16GB LPDDR5X,1
Qoşulma,Simsiz 2.4 GHz radio kanal (USB adapter) və Type-C kabel ilə simli istifadə,1
Dimensions ( HxWxD ),265x220x20 mm,1
Model,Lenovo ThinkVision S27-4e,1
Destruction,CDs / credit cards / paper,1
Maksimal məsafə,20 km (Single Mode SMF),1
"Çap sürəti (rəng, ISO)",40 səh/dəq,1
Part number,460-BFFY,1
Ötürmə,23.8 Mpps,1
For mobile phone,✔️,2
Tip,Mikrofon və kamera qolu (HyperX Caster),1
Ötürmə,208 Mpps,1
Diaqonal,"65""",2
Part Number,4P5N0AA,1
Part number,3G654A,1
Tip,mexaniki oyun klaviaturası,6
Switch,Mechanical Switches Gen-3,1
PoE / qidalanma,802.3af; injector GPI-115 Və ya SP-FAP200-PA ayrı,1
Uyğunluq,Bütün DYMO LetraTag seriyası etiket printerləri.,1
Material,PC + ABS,2
Ekran,"14"" WUXGA (1920×1200) sensorlu, BrightView 400 nit",1
Keçid tutumu,128 Gbps,16
Batareya,12 V / 9 Ah × 1,1
Portlar,"VGA, DP 1.2, HDMI",1
Ölçü (E×D×H),215 × 215 × 56 mm,1
Part number,2E-GC-HEB-BKWT,1
Part number,SRT10KRMXLI,1
Görüntü imkanı,2560 × 1440 @ 360 Hz (DP),1
Bağlantı,HyperSpeed 2.4 GHz + Bluetooth,6
Akselerasiya,"SoC4 ASIC, TPM, fanless desktop",1
Zəmanət,Dell məhdud zəmanət,1
Material,ABS plastic,2
Barkod,4897098682777,1
Çəki,907 q,1
Bağlantı,"Wireless, RF Wireless + Bluetooth + USB Type-C",1
Radio / sürət,4×4:4 — 1 148 Mbps (2.4) + 2 400 Mbps (5) + 4 800 Mbps (6 GHz),1
Qidalanma,yalnız PoE IEEE 802.3at (16 W); EU PoE injector daxildir,1
Çəki,92.2 q,2
Peripheral/FDD/SATA Connectors,1 / 0 / 3,2
Növ,Tower / pedestal server (rack-ə çevrilə bilər),1
Part number,CF541A,1
Part number,9S183A,1
Maks. yük,1800 Vt (rezistiv) / 600 Vt (LED),1
Seriya,Apacer AH350,1
SLC cache,pSLC 2GB,1
Simsiz şarj texnologiyası,Qi2,2
Yaddaş,1 TB SSD | M.2 2242 | PCIe 4.0 | Opal 2.0 | TLC,4
Sensorlar,Temperatur və rütubət,1
Rəng,Qara RAL 9005 (.01),3
VESA,800 × 400 (divar montajı daxildir),4
Ölçülər,101x66x35 mm,1
Tip,RGB oyun siçan altlığı,4
Model,NW261,1
Seriya,Evolve2 55,1
Tip,Lazer MFP,13
Jumbo frame,12K,1
Part number,6S7D6EA,1
Tutum,1 500 səh (ISO/IEC 19798),4
Part number,4X41D97727,1
Forma faktor,Rack/Tower 2U,1
Model,PB511,1
Çəki,330 q,2
Çıxış rozetkaları,2 × Schuko,2
Yaddaş,1 TB SSD NVMe,2
Funksiya,Razer cihazları üçün vahid idarə,1
Standart,"1000BASE-SX, LC duplex, MMF, 850 nm",1
Model,YNDX-00026GRN,1
Uyğunluq,"PC, Chromebook, Xbox Nintendo Switch, Steam Deck, Mobile.",3
IR,Bəli (RM-IR004 remote),1
Rəng,"RGB + ağ, 16 mln rəng",1
İlk səhifə,6.2 san; ilk copy: 9.3 san,1
Xüsusiyyət,ECC (Error Correcting Code) Unbuffered,1
Giriş interfeysi,USB Type-C,8
Part number,2E-BPN6017BK,1
Kabel,6 ft,1
Ölçülər (W×D×H),"440 × 430 × 88,2 mm",1
Platforma,cross-platform,1
DPI,4000 DPI,2
Tutum,8 TB,6
Operativ yaddaş,16GB (1x16GB) DDR4 3200,3
Headphone Type,full-size,1
Connection type,USB-A,1
Uyğunluq,Windows 10/7 and earlier versions / macOS / Linux,1
Düymələr,106 proqramlaşdırılan (rəsmi B-series) + 9 xüsusi funksiya,1
Təyinat,HPE Gen10 Plus / Gen11 serverlərdə SAN qoşulması,1
HDD tutumu,3840 GB,2
Tip,Bluetooth headset (BlueParrott / Jabra),1
Çap texnologiyası,Termal birbaşa çap (Mürəkkəb və ya toner tələb etmir),1
Model,Lenovo ThinkPad X1 2-in-1 Gen 10 Aura Edition,1
Model,Dell P2425E,1
Güc,90 W PD passthrough,1
Part number,2E-AD120U,1
Ekran,"23.8"" Full HD (1920×1080) IPS/UWVA, anti-glare",3
Coverage,175 m-ə qədər,2
Ölçülər,Ø 83 × 202 mm,4
Əlavə xüsusiyyətlər,Lenovo Go USB-C Laptop Power Bank; 20000 mAh; noutbuk üçün USB-C PD,1
Tip,Enterprise Conference Phone,1
Part number,SP-FG60CPCOR-EU,1
Effective Output Power,720 W,1
Form faktor,Rack/Tower 2U,4
Model,F-SM1310-20KM-1-25 q,1
Dinamik,1 neodim genişzolaqlı 57 mm + 2 passiv radiator,3
Tezlik,3200 MT/s,4
Part number,TS-464EU-8 q,1
Çəki,"50,9 kq (112.3 lb)",1
Tutum,20 000 mAh / 74 Wh (7.4 V),1
Random 4K,2200000 IOPS oxuma / 2150000 IOPS yazma,1
Çıxış gərginliyi,230 V (220/240 V),1
Rəng,Jet black (qara),4
Ölçülər,42.5 × 290 × 127 mm,2
Qeyd,SkyHawk Health Management; RAID RapidRebuild; Rescue 3 il; 600 000 load/unload,1
Uyğunluq,"PS5, PS4, PlayStation",2
Seriya,Razer Huntsman V3 Pro Mini,1
Ölçülər,83.6 × 45.7 × 22.8 mm,1
Seriya,addlink AddGame Spider S5,2
Tip,"Rack server (1U rack, 2 soket)",2
ADF,300 Vərəq,1
Sürət,"oxuma 1050 MB/s, yazma 950 MB/s (maks.)",2
MTBF,2 000 000 saat; UBER 1/10¹⁵,3
Tip,"Unmanaged Gigabit PoE+ kommutator, GbE uplink",1
ADF,35 Vərəq,5
Switch ömrü,100 mln klik,6
Portlar,"22 × GE RJ45 (2 WAN, 1 DMZ, 1 Mgmt, 2 HA, 16 switch / 4-ü SFP shared) + 4 × GE SFP + 2 × 10 q SFP+ FortiLink",2
Part number,2E-MG355UWT-WL,1
Əməliyyat sistemi,Windows 11 Pro (EN),1
Model,Alienware AW2726DM,1
Portlar,48 × 25 q SFP28,1
Part number,SPSD/2TB,1
Host interfeys,PCI Express 3.0 x8,1
Part number,2ECO1MON,1
Əlavə xüsusiyyətlər,İnteqrasiya kamera,1
Ölçü,444x174x37.4 mm,1
Model,CD137,2
Tip,Wi-Fi Dual-Band Router,1
Tip,Unmanaged Gigabit kommutator (PoE yoxdur),2
HDMI versiya,1.4 V,1
Gərginlik,1.1 V,11
Səs,27.8 / 44.7 dBA,1
İki tərəfli səs,Mikrofon və dinamik ilə danışıq imkanı,1
Giriş diapazonu,180–280 Vac (tam yük); 120–300 Vac (50–100%),1
Bağlantı,+ Jabra Link 380a (USB-A),1
Rəng,gray,3
Random yazma (4KB),11500 IOPS,1
EAN,0196188046036,1
Çəki,"0,9 kq",5
Tip,IP PBX Appliance,4
Model,X512,4
Part number,2E-KS250WBK_UA,1
Ölçülər,108x60x38 mm,1
Prosessor,"Intel Core i7-14700 (20 nüvə / 28 axın, 2.1–5.4 GHz, 33 MB keş, 65 W)",4
Təhlükəsizlik,"SIP-TLS, SRTP",1
Tip,AGM (Absorbed Glass Mat) / VRLA,2
Ekran,"27"", UHD 3840x2160, 350 nits, 60 Hz, 99% sRGB",1
Ekran,"31.5"" 4K UHD (3840×2160) IPS/UWVA 350 nit",1
Part number,2E-CBN5217BK,1
USB-A,"2 × 5 VDC / 2,4 A (hər port 12 W)",1
Part number,RZ01-04660100-R3G1,1
Protokol,SIP (Cisco Unified Communications Manager - CUCM / CME),3
Part number,21UR008EFW,1
Uyğunluq,Windows 10/7 Və daha əvvəlki versiyalar / macOS / Linux,1
Wi-Fi,802.11b/g/n,6
Model,HP S5 524sf FHD,1
Çəki,0.2 kq,3
Part number,671R3UT,1
IPS,1 Gbps,2
Tip,Enterprise Desktop Video Phone,1
Dərinlik,55 mm,1
Ekran,"39.7"", WUHD 5120x2160, IPS, 300 nits, 75 Hz, Anti-glare",1
Part number,2E-U05VESM3BK,1
PSU,daxil,13
Tip,"Seagate Exos X20 3.5"" enterprise HDD (512e/4Kn FastFormat, Standard)",1
Key Features,conductor material: copper,1
Model,KG360 RGB Wireless (2E-KG360UBK),1
Model,HP S5 Pro 527pf FHD,1
Designed for cleaning,qulaqlıqlar üçün,1
Part number,006R04824,1
Xüsusiyyət,Plug-and-Play / 3 million clicks / Anatomical shape,1
Model,HP Smart Tank 580,1
Ölçülər,358.50 × 235.56 × 16.96–18.99 mm,4
Volume,0.0079 m³,2
Ölçü / çəki,"80 × 22 × 3.5 mm (maks. H), 8.2 q",3
NAND,3D NAND / 3D TLC,2
DPI,1600 dpi / 1200 dpi / 800 dpi,4
Threat Protection,2.8 Gbps,3
USB data,5 Gbps,2
Əvəzedici batareya,APCRBC176,1
Tip,Ultra kompakt GaN USB-C sürətli şəbəkə adapteri (EU Plug),1
Model,Dell 2.4TB 10K RPM SAS ISE 12Gbps 512e 2.5in Hot-plug Hard Drive,1
Model,HP Color LaserJet Enterprise MFP M776dn,1
ECO mode,Bəli,1
Nümunə,16 bit,1
Sürücü,11.6 mm,1
Korpus,"Desktop, fanless; xarici 54 V adapter (daxil)",1
Tutum,2.4 TB,5
Protokollar,"HTTPS/SSL, SSH, SNMPv3 Və s.",1
Maks. tutum,6 TB,1
Part number,RZ04-05420200-R3M1,1
Part number,210-BCSQ,1
Portlar,8 × RJ-45 10/100/1000 Mbps PoE+ + 2 × Gigabit SFP,1
Part number,9D9S0UT,1
Konnektor 1,3.5 mm,1
Hündürlük,61.7 mm,3
Bluetooth,"Max 10 dBm, 2.4 GHz",1
Mobile operating systems supported,Android,1
Giriş/çıxış,230 V,11
Xüsusiyyət,Plug and Play / Moisture and dust resistant design,1
Portlar,8 × 2.5GbE RJ45 PoE 802.3af/at (60 W-ə qədər),1
Səs gücü,30 Vt,7
Portlar,1x HDMI; 1x DP; 1x VGA,4
Model,PB532,1
Kabel materialı,Tinned copper,2
İnterfeys,"USB 3.2 Gen 1 (5 Gbps), USB 2.0 geriyə uyğun",19
Ölçü,119 × 180 × 30 mm (4.68 × 7.08 × 1.18 in),1
EAN,190017072661,1
Yaddaş,1 TB PCIe® Gen4 m.2 SSD,3
Ölçü,478 × 475 × 491 mm; çəki 27.1 kq,1
Part number,2E-HG315YW-7.1,1
Part number,R9M77A,1
Çəki,1.12 kq,4
Çəki,5.7 kq,1
Port 2 qücü,20 W,1
Model,Dell 960 GB RI SSD,1
Model,UCM6302,1
Model,L531,1
Total rated capacity,6 V (2x3 W),2
Part number,AP2TBAC732B-1,1
Part number,P36933-B21,1
Host interfeys,USB 3.2 Gen 1 (3.1 Gen 1) Type-A,1
Mühafizə dərəcəsi,IP66 suya və toza qarşı tam davamlı xarici korpus,1
HDD tutumu,1920 GB,1
Keçirici,Copper-Clad Aluminium (CCA),1
Funksiya,"Stateful firewall, Instant On cloud idarəetmə, VPN",1
Wi-Fi,Wi-Fi 6,2
Portlar,16 × Gb RJ45 PoE,1
Keyboard layout,ENG/UKR,7
Socket,"3.5 mm TRS/ TRRS 3,5 mm",1
Switch,Orange,1
EAN,0740617278880,1
Tip,Noutbuk,1
Korpus,Metal / plastik,8
Rəng,16.7 milyon; ~83% CIE 1976 / 72% NTSC,1
Uyğunluq,PC; NGENUITY,5
Sensorlar,"Intelligent In-Ear Induction (qulaqdan çıxardıqda pauza, taxdıqda davam etmə)",1
Presenter tracking,bəli,1
Ölçü,80 × 22 × 2.25 mm (təküzlü) / 80 × 22.9 × 10.8 mm (heatsink ilə),1
İzleme,220 IPS,1
Hi-Res,"Bəli (simli USB-C), Spatial Audio",2
Çəki,0.58 kq,1
Runtime,100% yük 2 dəq; 50% yük 7 dəq,2
Qoşulma,USB 2.0 kabel bağlantısı (Plug & Play),1
Towards,city style / unisex / for travel,1
Rəsmi P/N,QXG-2G2T-I225,1
Volume,0.0023 m³,1
Daxili yaddaş,Yoxdur (64 GB SSD FG-51 q-dədir),1
Portlar,24 × GE RJ45 PoE+ + 4 × 10 q/1 q SFP+ + RJ45 konsol,1
Cable type,H05VV-F 3 q*1.0 mm,2
Form faktor,"2.5""",9
CPU Power Connector,4 pin,2
Seriya,Kingston KC3000,3
Keçid tutumu,10 Gbps,1
Forwarding,15 Mpps,1
PoE / qidalanma,IEEE 802.3af/at PoE,1
Düymə sayı,110 pcs,2
Uyğunluq,"Windows, Android Smart TV, macOS, Linux",1
Çıxış,200/208/220/230/240 VAC (factory default 230 V),1
Model,YNDX-00534,1
Part number,62C1GAT6EU,1
Part number,A40NTET,1
Part number,2E-TMX04,1
Video keyfiyyəti,Full HD 1080p,1
Part number,2E-PCS202BK,1
OS,FortiOS — NGFW + SD-WAN + FortiLink (FortiSwitch/FortiAP),22
Tip,Masaüstü USB mikrofon,1
Part number,0231A0G1,1
Model,HP S5 527da FHD,1
Model,Lenovo Hybrid USB-C with USB-A Cable,1
IPsec VPN (512 byte),4.5 Gbps,4
Part number,DTXS/256GB,1
PoE,PoE+,1
Əlavə xüsusiyyətlər,"Barmaq izi oxuyucu; İşıqlı klaviatura; 5MP kamera + IR; SSD Opal şifrələmə; Korpus: Carbon fiber hybrid (top), aluminium (bottom)",2
Uyğunluq,IntelliSlot dəstəkli Vertiv qida/soyutma avadanlığı,1
Platforma,PlayStation lisenziyalı,2
Zəmanət,3 il Onsite,1
Portlar,4 × 1 q RJ-45 (WAN/LAN),1
Ekran,"14"", 2.8K, Non-Touch",2
Qrafika,NVIDIA GeForce RTX 4050 6GB,1
EAN,0198701525790,1
Ekran,"31.5"" 4K UHD (3840×2160) IPS/UWVA, anti-glare 400 nit 60 Hz",1
Çəki,35.5 q,2
MTBF,1 000 000 saat; UBER 1/10¹⁴,3
İzleme,300 IPS,1
Part number,RZ04-05350300-R3M1,1
PoE / qidalanma,IEEE 802.3af PoE; max 12.8 W,1
Qidalanma,AA tipli batareyalar,1
Qidalanma,Xarici adapter,1
Part Number,4Z7X6AA,1
Volume,0.0040 m³,1
TBW,350 TB,1
Maximum connected load,3680 W,4
Ölçü (D×E×H),195.1 × 245.1 × 43.9 mm,1
Kartric,HP GT53 90-ml Black Original Ink Bottle 1VV22AE; HP GT53XL 135-ml Black Original Ink Bottle 1VV21AE; HP GT52 Cyan Original Ink Bottle M0H54AE; HP GT52 Magenta Original Ink Bottle M0H55AE; HP GT52 Yellow Original Ink Bottle M0H56AE; HP GT51XL 135-ml Black Original Ink Bottle X4E40AE.,1
İdarəetmə,iDRAC9 Express 15 q,2
Korpus,Alüminium; USB-C çıxarılan kabel,1
Portlar,2 × RJ-45 10/100/1000 (1 × PoE 802.3af/at PD + 1 × LAN),1
Yaddaş,2TB PCIe-4x4 2280 TLC M.2 SSD,2
Long-term load,2300 V,2
Keçid tutumu,110 Gbps,1
RAM,8 GB (bu SKU-da maks. 8 GB),1
Part number,2Z629A,1
Wire Length,1.5 m,5
RAM,4 GB DDR4,1
Çəki,250 q (kabel ilə),1
Equipment,cleaning liquid 140 ml / Microfibre cloth 20x20 sm,2
Konstruksiya,iki sütunlu polad stend,1
Çəki,"2,65–3 kq",4
Maximum length of VGA,220 mm,2
Part number,1F3Y4A,1
Surge enerjisi,310 J,2
Çəki,Cəmi 86 qram (ultra yüngül çəki),1
Tip,"Simsiz oyun qulaqlığı (CloudX Stinger 3 Wireless, Xbox)",1
Part nömrəsi,GS2220-28HP-EU0101F,1
Qida,250 W,4
Ölçülər,250x200x2 mm,2
Çıxış qabı,500 Vərəq,2
Portlar,"RJ-9 qulaqlıq yuvası, genişləndirmə modulu (Cisco 7914/7915/7916) portu",1
Ölçü,"12 mm en × 4 m uzunluq (1/2"" × 13')",4
Seriya,Xerox C235,1
Part number,FG-90 q,1
Çəki / ölçülər,6.7 kq (14.8 lbs) | 613.4x195.0x384.1 mm,1
Simsiz şəbəkə,Wi-Fi 6 (802.11ax) + Bluetooth 5.3,10
RF diapazon,"2400–2483,5 MHz",1
Şəbəkə,"Wi-Fi 7, BT 5.4, Ethernet",12
VESA,"min. 100 × 100 mm, maks. 900 × 600 mm",1
PoE Standartı,IEEE 802.3af/at (Port 1–4),2
PSU,"36 W, 100–240 V",1
Ekran,"14"" WUXGA (1920×1200) IPS/UWVA, sensorlu 300 nit",1
Proqram,Jabra Direct / Jabra Xpress,2
RGB,Razer Chroma RGB,1
Çəki,0.5 kq,2
Zərbə,1500 q / 1.0 ms,2
Təyinat,Daxili məkan üçün süni intellektli dönən Wi-Fi təhlükəsizlik kamerası,1
Quraşdırma,desktop / divar montajı,1
USB-A 2.0 port sayı,2,1
Notebook compartment (ShhVhT),420x302 x 39,1
Xətt sayı,"4 SIP xətti / müstəqil qeydiyyat düyməsi, 4 kontekstual soft-key",1
Kommunikasiya,"USB, RS-232, REPO, Mini Slot (SNMP/Modbus opsional)",1
Yaddaş,64 MB,14
Media,1000BASE-T (RJ-45),2
Part number,7Y0B7EA,1
Modem / anten,Yoxdur (5 q/LTE modellərindən fərqli),1
Tövsiyə olunan həcm,100 - 2000 səh/ay,1
Part number,2E-CBT6817BK,1
Wireless range,30 m-ə qədər,1
Tutum,16 GB,14
İş temperaturu,0–40 °C,7
MagSafe,Bəli,2
Rəng,"Jet black (qara), çıxarılan rezin tutacaqlar",2
HDR,True Black 400,1
Sürücü,Razer TriForce 40 mm,5
"Frequency, Hz",60,2
Əməliyyat sistemi,FreeDOS 3.0 (ƏS yoxdur — Windows ayrıca quraşdırılır),62
Part number,MR.PRZ42U24P.C13,1
Çəki / ölçülər,Starting at 1.5 kq (3.31 lbs),1
Video rejim,"1080p, 2160p",3
Volume,0.0058 m³,1
Part number,SRV10KI,1
Barkod,6935364097974,1
Part number,TS-664-8 q,1
Tam ad,HPE Broadcom BCM5719 Ethernet 1Gb 4-port BASE-T OCP3 Adapter,1
EAN,4549821377411,1
Host interfeys,OCP 3.0 mezzanine,2
Portlar,"VGA, DP 1.2, HDMI 1.4",1
Təyinat,Noutbuk,7
Spikerfon,Tam dupleks (Full-duplex) spikerfon,5
Batareya tutumu,8000 mAh,2
Hot-plug,Bəli,23
Model,YNDX-00030BLK,1
Tezlik,50/60 Hz (zavod 50 Hz),3
Konnektor tipi,Simplex LC / SC,1
Xüsusiyyətlər,UEFI PXE Boot; Wake-on-LAN; MAC pass-through,1
EAN,4549821400522,1
Kart dəstəyi,"CF, MicroSD (TransFlash), SD",1
Qidalanma,"xarici, 100–240 V AC; max istehlak 156.1 W",1
Tip,Server şəbəkə adapteri (PCIe),3
Xüsusiyyətlər,"Korporativ qovluq, zəng tarixçəsi, XML tətbiqləri, sürətli yığım",1
Yaddaş tezliyi,4800 MHz,1
İdarəetmə,RUCKUS One · SmartZone · Unleashed · Standalone,1
Qutuda,Backpack; Removable Rubber Patch; Padded Duffel Strap,1
Ayırdetmə dəqiqliyi,1920 × 1080 Full HD (16:9 nisbət),1
Kamera,FHD HDR + mikrofon,1
Montaj,Tavan / T-Rail / divar dəsti daxildir,2
Seriya,Razer Basilisk V3 Pro,2
Sürətli şarj texnologiyası,Quick Charge 4+,2
Ölçülər,415.4 × 472 × 399.8 mm,1
Cavab müddəti,5 ms (fast) / 8 ms (typical),3
Rəng,yellow / with pattern,3
Tezlik,20–20 000 Hz,9
Equipment,keyboard and mouse,1
Kabel,1.8 metr davamlı toxunma parça kabel (USB 2.0),1
Part number,0231A7QP,1
Model,GCC6010 W,1
WAN,2 × GE (1 × GE RJ45 + 1 × SFP),1
Rəng,Zərif Çəhrayı (Mallow Pink),1
Su keçirməzlik,Gövdə 10 m / 33 ft; su keçirməz korpusla 60 m / 196 ft. Güclü su axınında korpus tövsiyə olunur,1
Xüsusiyyət,"LDPC + RAID ECC, SLC cache, HMB, thermal throttling, TRIM, SMART",2
Audio,headset jack,1
Ölçü,24.3 × 12 × 4.5 mm,1
BLF,24 paper düymə,1
Konnektor 1,HDMI Type A (Standard),7
Tipik doldurma müddəti,təxminən 3 saat,1
HDMI,"4K@30 Hz (HDMI 2.0, HDCP 2.2)",1
Giriş cərəyanı,0.5 A,2
Ölçülər,406 × 363 × 344.1 mm,1
Part Number,7G8F4AA,1
AC rozetkalar (EU),"4 × 230 V / 10,5 A",1
Rəng,Lunar Light,1
Çəki,430 q,1
Paket ötürmə sürəti (Forwarding Rate),42 Mpps,1
Bağlantı,USB-C + MS variant,2
Daxili yaddaş,Yoxdur (120 GB SSD FG-91 q-dədir),1
USB qəbuledici,"Daxili yuva, Plug and Play",1
Oxuma / yazma,100 / 30 MB/s,1
Prosessor,600 MHz,2
Çözünürlük,"1200 × 1200 dpi, 4800 Colour Quality",1
Sürət,25 Gbps,1
Part number,FS-448E-POE,1
Model,HP Omen 35L Gaming Desktop Tower,2
Seriya,GT Network (GTN) W-800,1
Seriya,Apacer AS725,3
Tip,Wi-Fi Access Point,3
Part number,R8R50A,1
Part number,TS1TESD410C,1
Düymə sayı,3,16
Portlar,8 × GE RJ45 (1–6 + A/B) + 2 × 10GE RJ45/SFP+ shared WAN + USB 3 + konsol,1
Ölçü,133.45 × 79.4 × 25.2 mm,2
Model,Dell 600GB Hard Drive SAS ISE 12Gbps 10k 512n 2.5in with 3.5in HYB CARR Hot-Plug,1
Model,GWN7002,1
Səs,40 dBA,5
PoE,yoxdur,4
Volume,0.0809 m³,1
Polling,1000 Hz (8K dongle ayrı),2
Part number,Core75,1
Tip,USB RGB mikrofon (DuoCast),1
Cable type,"H05VV-F3G1,5",3
Yaddaş kartı,"microSD, maksimum 512 GB (UHS-I V30 / U3, exFAT)",1
Çəki,"5,7 kq",2
Düymə,11 proqramlaşdırılan,2
Model,Lenovo ThinkPad T16 Gen 5,2
Uzunluq,2 m,6
IoT,"BLE / ZigBee (iBeacon, locationing)",1
Skaner,Rəngli + 100 Vərəq single-pass DADF,1
Part number,ST8000NM017B,1
Dərinlik,139 mm,1
Topologiya,Line-interactive,9
Cavab müddəti,5 ms (extreme) / 8 ms (fast) / 12 ms (typical),1
Kamera,360° hərəkətli Wi-Fi kamera,1
Növ,"2.5"" portativ xarici HDD (StoreJet 25H3, Navy Blue)",1
Mount dimensions,"1120x711x2220 mm (44,1""x28""x87,4"")",1
Bağlantı,USB-A / BT / 2.4 GHz,1
Bracket,Low-profile (flat + full-height dəstdə),2
Tip,Simsiz optik siçan,1
Skan sürəti,"A4/Letter a/b 23/25 ipm, rəng 7/8 ipm",1
Növ,OCP 3.0 10GbE adapter,1
Rəng,silver / black,1
Səs detektoru,Bəli (səssiz ssenarilər üçün),3
Seriya,Kingston DataTraveler Micro,1
Towards,unisex / for travel,1
Seriya,addlink P50,3
Part number,540-BCOS,1
Part number,21WN00AUFW,1
Compatibility with fasteners VESA,200x200 mm / 300x200 mm / 300x300 mm / 400x200 mm / 400x300 mm / 400x400 mm / 600x400 mm / 800x400 mm / 800x600 mm / 600x600 mm / 600x300 mm / 600x200 mm / 900x600 mm,1
Ölçülər,45 × 232 × 152 mm,1
Keçid tutumu,25 Gbps,1
Qrafika,NVIDIA RTX A4000 16 GB FH Blower Fan 4DP PCIe,2
Ergonomika,vertikal tutuş,1
Sensor / DPI,12000 DPI (Pixart PAW3311),1
EAN,4549821546190,1
Uyğunluq,"PC, PS5, PS4, Xbox Series X|S, and Xbox One. Software Compatibility: NGENUITY.",2
Faks,Yox (faks üçün B315),1
Maks. çıxış gərginliyi,12 V,5
Komplekt,"Kabel, karabinli kəmər (adapter yoxdur)",4
Model,KG330 LED Black (2E-KG330UBK),1
Çəki,83 q (AA ilə),1
Portlar,24 × GE RJ45 + 4 × 10 q/1 q SFP+ + RJ45 konsol,2
Operativ yaddaş,16GB LPDDR5 5200,1
Tezlik diapazonu,2.4 GHz,2
Port sayı,4,2
Təhlükəsizlik,"Port/MAC ACL, 802.1X, RADIUS və s.",1
Yaddaş,6144 MB,1
Part number,BVX1600LI-GR,1
Part number,SDCS2/256GB,1
NAT routing,3 Gbps,1
Ümumi çıxış,20 W,2
Quraşdırma,Divara yapışdırma / vurma,2
Uyğunluq,"PC, noutbuk, OTG mobil cihazlar və oyun konsolları",2
Skaner,Rəngli flatbed (BI-də ADF yoxdur; ADF 3025NI-dədir),1
Part number,2E-CH13SU,1
Seriya,"Yandex ağıllı lampa (filament, Matter)",1
Model,F-SM1310-10KM-10 q,1
Ölçü,80 × 22.9 × 10.8 mm (heatsink ilə),3
Mikrofon,"10 mm çıxarılan boom, LED mute, səs-küy azaldan",1
Model,Lenovo ThinkPad T14s 2-in-1 Gen 1,1
Seriya,Apacer AC533,2
Portlar,"5× 10/100 Mbps RJ45 portu (Auto-Negotiation, Auto MDI/MDIX)",1
Tip,nazik səyahət siçan altlığı,2
Part number,BZ1H7EA,1
Oxuma sürəti,1100 MB/s,1
Part number,3E5F8AA,1
Seriya,HiTune,4
Rəng,Sky Blue,1
LED,ağ,1
Starter,700 səh (qutuda),3
Ölçülər,31.5 × 14 × 44.5 cm,1
Part number,A16KREA,1
GPU,Mali-G610 MP4,7
Yaddaş,500 GB HDD,1
Cavab müddəti,5 ms (typical) / 8 ms (fast),1
Part number,BX750MI-GR,1
Model,HP U32 4K HDR,1
HDMI,1 × HDMI 2.1 (4K60),3
Model,CP-9971-C-K9,1
Çəki,247.4 q,2
Konstruksiya,Bütöv rezin ramka + kabel yuvası,1
Model,BV1000I-GR,1
IPS/G,900 IPS / 85 q,2
Düymə,5 proqramlaşdırılan,2
Təyinat,Server,13
PD,100 W (PD 3.0 20 V/5A),2
Model,4GB 1Rx4 PC3L-10600R-9-12-C2,1
Tip,"Indoor Wi-Fi 6 (802.11ax) 4×4 access point, Instant On AP25",1
Uyğunluq,Jabra PanaCast seriyası,1
Part number,8A4U9EA,1
Rəng tutumu,99% sRGB; 1.07 milyard rəng (8-bit+FRC),1
Protokollar,SCCP və SIP dəstəyi (Cisco CallManager / CUCM / CME),1
OEM kod,CF413A,1
Maks. noutbuk,"39.6 cm (15.6"")",1
Part number,470-BCFV,1
Kağız,550 + 100 bypass (standart 650); maks. 2 300 (3×550 əlavə),1
Wi-Fi,Dual-band 802.11a/b/g/n/ac + BLE,1
Fırlanma bucağı,360°,1
Funksiya,"PXE, WoL, 9K jumbo, TSN, VLAN/teaming",1
Keş,24 MB,1
Part number,368Y5AA,1
Ekran,"14"", WUXGA 1920x1200, IPS, 400 nits, 60 Hz, Anti-glare, 45% NTSC",5
Ekran,"23.8"" WUXGA (1920×1200) IPS/UWVA 350 nit 100 Hz",1
Əməliyyat sistemi,Windows 11 Pro,33
Ölçülər,585 × 695 × 1189 mm,1
Oxuma sürəti,515 MB/s,1
Model,NP5.0-12,1
Part number,AP2TBAS723B-1,1
Port 2 qücü,65 W,1
Forma,On-ear,1
"Çap sürəti (qara, ISO)",56 səh/dəq,1
PoE,"370 W, IEEE 802.3af/at, 24 port",3
İstifadə sahəsi,"Ev, ofis, mağaza və uşaq otağı üçün uyğundur",1
Part number,QXG-10G1T,1
Çıxış gücü,"20 W Max (5 V/3A, 9 V/2.22A, 12 V/1.67A)",1
Part number,4Y41R69504,1
Qeyd,DMO region P/N (NA/XE ekvivalent 006R04686); mənbə qiyməti 0,1
İnterfeys,"USB 3.2 Gen 2x2 (20 Gbps), USB Type-C",2
Model,Lenovo ThinkCentre neo 50a 24 Gen 6,1
Material,"nylon water repellent + PVC, metal fittings",1
Ekran,3.2 düym (320 × 240 piksel) QVGA rəngli TFT LCD,1
Model,Lenovo USB-C Cable 1 m,1
Standart,802.11ax,3
Part number,KF588CU42RSA-24,1
Qısaqapanma cərəyanı (Isc),"10,8 A",1
Seriya,Razer Kraken V4 Pro,1
Part number,AP32GAH155U-1,1
Port sayı,8 × 2.5GbE RJ45 (2.5 q/1 q/100 m auto-negotiation),1
Yuvalar,"4 × 3.5""/2.5"" SATA 6Gb/s, hot-swap",7
Proqram,"Environet Alert, Power Insight, Power Assist, LIFE Services",1
Ekran,"49"", DQHD 5120x1440, 350 nits, 60 Hz",1
Vəziyyəti,İşlənmiş (Tam işlək),10
EAN,0196188567326,1
Ümumi güc,63 W,1
Çəki,"8,7 kq",1
Klaviatura tipi,Membrane,7
Disk ölçüsü,"2.5""",1
Part number,P22094-421,1
Tip,Wireless stereo headset (Evolve3),2
Forma,Stereo,7
Toxunuş,"IR Zero Bonding Gen2, 50 nöqtəyə qədər",7
Energy Star,2.0,3
Faks,"Standart, 33.6 kbps, ünvan kitabı, broadcast",1
Kartric,"HP 225A Black LJ Toner Cartridge W2250A (ISO Yield 45,000); HP 225A Cyan LJ Toner Cartridge W2251A (ISO Yield 40,000); HP 225A Yellow LJ Toner Cartridge W2252A (ISO Yield 40,000); HP 225A Magenta LJ Toner Cartridge W2253A (ISO Yield 40,000)",1
Ölçü / çəki,"81.4 × 33.6 × 7.5 mm, 31 q (yüngül alüminium korpus)",2
Dinamik,"1 ədəd, 5 Vt",5
Həssaslıq,6,1
Qrafika,NVIDIA GeForce RTX 4060 8GB,1
Model,CM383,1
Clients / SSID,up to 256 clients · up to 16 SSID,1
Bağlantı,HyperSpeed + USB-A,1
Çəki,238 q,1
Ölçü,22 × 80 × 3.5 mm,1
Forma,Mono (on-ear),1
Tip,2-xətli Multiplatform (3PCC) Açıq SIP IP Telefon,1
Part number,A1AA3EA,1
Part number,2E-BSSXPWRD,1
ChargingTime,About 6 hours (with PD 20 W charger),1
RAM,16 GB DDR4,2
Part number,R2H28A,1
Seriya,Razer Wolverine V3 Pro 8K,1
Batareya,25 saat (təqribi),2
Spare P/N,P47953-001,1
Xüsusiyyətlər,"TP-Link OneMesh dəstəyi (OneMesh routerlərlə vahid mesh şəbəkə yaradır), Ağıllı siqnal göstərici LED lampası (ən yaxşı yeri tapmaq üçün), Giriş nöqtəsi (Access Point) rejimi, Bütün standart Wi-Fi routerlərlə uyğunluq, TP-Link Tether tətbiqi ilə idarəetmə",1
Model,CM498,1
IK,İnfraqırmızı ötürücü və qəbuledici (TV/kondisioner pultu),1
Qida,"80-pin OPS, 12–19 V DC, maks. 90 W",1
Rəng,zümrüd,1
"Çap sürəti (qara, draft)",19 səh/dəq,2
Operativ yaddaş,24GB DDR5,2
Seriya,UCM6300A (yüksək tutumlu),1
Seriya,Razer Huntsman Mini,3
Motor protection against overload,✔️ Thermal protection,1
İnterfeys,USB / Bluetooth,1
Şəbəkə,1 × 1GbE RJ45,3
Kartric,"HP 136A Black LaserJet Toner Cartridge, W1360A (1,150 yield), HP 136X Black LaserJet Toner Cartridge, W1360X (2,600 yield)",2
Model,YNDX-00524,1
Type,with tilt and turn,2
En,89 mm,1
Part number,G0A3140WWW,1
Seriya,Evolve2 40 SE,2
PSU,optional redundant,3
Radio,"3×3:3 MU-MIMO, dual-band",1
Vəziyyəti,Yeni (Qutusunda),1
Tip,1 q SFP optik transceiver,1
Standart,"microSDXC, UHS-I",2
NGFW,2.5 Gbps,2
Seriya,Kingston DataTraveler Exodia M,1
Part number,P36937-B21,1
TBW,1200 TB,1
Rəng,95% DCI-P3,1
Portlar,"1x USB-A (USB 5Gbps); 1x Thunderbolt 4, with USB PD 3.0 and DisplayPort 1.4; 1x HDMI 2.1, up to 4K/60 Hz; 1x Headphone / microphone combo jack (3.5 mm); 1x Ethernet (RJ-45); 1x SD card reader; 1x USB-A (USB 5Gbps), Always On; 1x USB-C (USB 10Gbps), with USB Power Delivery 3.0 and DisplayPort 1.4; Touch style fingerprint reader integrated in power button, match-on-chip; No fingerprint reader",4
Model,Lenovo ThinkPad X1 Carbon Gen 14,1
Additionally,TWS (True Wireless Stereo) support / Hands-Free function,3
Tip,All-in-one convergence (VPN Router + NGFW + Wi-Fi 6 AP + IP PBX),1
Part number,450-ABFS,1
Inputs,Earphone Jack / 1x D-Sub (VGA) / 1 x HDMI,1
Xüsusiyyət,Plug-and-Play,11
Application,for home and office,5
Equipment,"microphone / 1/4"" adapter (6.35 mm) / User guide / wind protector nozzle x2 / LR44 battery / case / clamp",1
Digər,"DP 1.2, SPDIF, RS-232, 3.5 mm in/out, NFC oxuyucu",7
Statik kontrast,1000:1 (Dinamik kontrast: 20 m:1),1
Part number,FWF-30 q-E,1
Tip,simsiz idarə pulti,1
Layout,1 × 8 GB (Single),2
Part number,2E2GEN3270FIX,1
Ötürmə,38.68 Mpps,2
Uyğunluq,CPU ≥ 185 W üçün (məs. Xeon Gold 5318Y); R650 / R650xs,1
Terminallar,Faston (F1/F2 tipik),1
Tip,1.25 q Ethernet SFP optik transceiver (EnGenius),1
Part number,EWS7928P-FIT,1
Additional information,microprocessor control / ECO mode,2
Part Number,BS1T7AA,1
Çəki,787 q,1
EAN,0190017480237,1
Audio,5× speaker / AI spatial,1
Ekran,"16"" WUXGA (1920×1200) anti-glare 300 nit",1
Qeyd,"Helium sealed; oxu 9.4 W, yazma 6.4 W, idle 5.4 W; 5–60 °C",1
Model,GWN7812P,1
Model,HP ZBook X G1i 16,2
Model,HP S3 Pro 327pf FHD,1
Part number,RC81-03630101-0000,1
Designed for cleaning,"screens LED/LCD monitopov, noytbykov, TV texniki",1
İnterfeys,"USB Type-C, USB 3.2 Gen 2 (10 Gbps)",4
Ekran ölçüsü,23.8 düym (60.5 sm),1
Audio (microphone / headphone ),"✔️ MIC mini-jack 3.5 mm, AUDIO mini-jack 3.5 mm",2
Növ,Fan,1
Aksesuar,Heatsink dəstdə (ayrıca quraşdırılır),1
Seq. oxuma/yazma,"550 / 500 MB/s (rəsmi S20 datasheet, 1 TB; seriya maks.)",1
Barkod,1210002616133,1
Portlar,8 × RJ-45 10/100/1000; Class 4 PoE port 1–4,1
Part number,DTMC3G2/64GB,1
Xüsusiyyətlər,"Korporativ qovluq, sürətli yığım, konfrans, zəng yönləndirmə",1
İnterfeys,SFP+,1
Part number,AP9544,1
Heatsink,8.75 mm crosscut alüminium + thermal silica pad,1
AC + DC giriş,600 W Max.,1
USB-A 2.0 port sayı,1,6
Panel,"DLED, 4K UHD 3840 × 2160, 60 Hz",10
Çəki / ölçülər,4.5 kq (9.92 lbs) | 540.4x185.7x462.1 mm,1
Korpus materialı,Acrylonitrile butadiene styrene (ABS),3
Material,nylon 75% / polyester 25%,1
IPS,2.25 Gbps,4
Part Number,4Z7X4AA,1
Part number,AP2TBAC532 W-1,1
Uyğunluq,Bütün DYMO LetraTag printerləri.,1
Funksiyalar,"VPN, NGFW, Wi-Fi 6, IP PBX",1
PoE Güc Büdcəsi,Cəmi 370 W (hər port üçün maksimum 30 W),1
Batareya tipi,Lead-acid (dəyişdirilə bilən),1
USB-C şarj portu,Xeyr,1
Ötürmə,41.6 Mpps,2
Korpus materialı,Polycarbonate (PC),1
Ölçülər,45 × 10 × 10 mm,1
Part number,JL805A,1
Dizayn,"360° qapaqsız swivel, qayış dəliyi",3
Portlar,Thunderbolt 5,1
Ekran ölçüsü,"27"" (68.47 cm)",1
EAN,0196188049594,1
Çəki,2.17 kq,1
Çəki,0.44 kq,1
Equipment,keyboard and mouse / USB-receiver / manual / 1 AAA battery / 1 AA battery,1
Çıxış qabı,25 Vərəq,1
Ölçü,XL (800×450×3 mm),6
Form faktor,Rack/Tower 3U,1
DWPD,0.44,1
Xüsusiyyət,Soft Touch / Plug-and-Play,1
Tövsiyə olunan həcm,50 - 100 səh/ay,1
Təyinat,Yalnız serverlər və iş stansiyaları üçün (adi PC-lərə getmir).,1
The rate of destruction,1.5 m/min,1
Model,HP EliteBook Ultra G1i 14,2
Panel,"QD-OLED, 1800R",1
Ön quraşdırılmış,Network Management Card + SmartSlot,1
Disk ölçüsü,3.5,4
Model,GUV3000,1
Kartric,"HP 150A Black LaserJet Toner Cartridge (~975), W1500A",3
Part number,SRV6KRIRK,1
Forma,"Qapalı, over-ear",20
Format,A4,38
Portlar,1x USB-C 3.2 Gen 1 (DP 1.4 Alt Mode); 1x USB-C 3.2 Gen 1 (DP 1.4 Alt mode); 4x USB-A 3.2 Gen 1 (1x BC 1.2); 1x USB-B 3.2 Gen 1; 1x HDMI; 1x DP,1
Şarj və Batareya,"MagSafe və Qi simsiz şarj dəstəyi + Lightning / USB şarj; Qulaqlıqlar 30 mAh, Şarj qabı 240 mAh",1
Sviçlər,"Huano 10 m əsas düymələr, Huano 3 m yan düymələr",1
Erqonomika,"Bilək üçün inteqrasiya olunmuş geniş dayaq altlığı, rezinləşdirilmiş qatlanan ayaqlar (2 səviyyəli hündürlük tənzimi)",1
Model,Lenovo ThinkPad X1 Carbon Gen 13,1
Kabel,2 m USB-C→USB-A,2
Dərinlik,222.3 mm,2
TBW,250,1
Ölçülər,99x64.8x36.8 mm,1
Rəng,Moonlight Blue,1
Part number,AG8GB32C16S4UB,1
Daxili,TPU cızıq əleyhinə,1
Part number,2E-KS260WWH,1
Hüceyrə səmərəliliyi,24%,1
Keçid tutumu,16 Gbps (non-blocking),1
Qidalanma,1× AA batareya,3
Part number,P26279-B21,1
Part number,SMC1500IC,1
Switch ömrü,50 mln klik,1
Part number,21QG004TFW,1
Tip,Passive holder,2
İdarəetmə,Web Smart; PoE consumption mode (yalnız tələb olunan güc verilir),1
Part number,RZ03-03392200-R3R1,1
Ekran,"23.8"" Full HD (1920×1080) IPS/UWVA 300 nit 75 Hz",3
Part number,KF588CU42RWAK2-48,1
Rozetka,24 × Schuko (DIN 49440 / Type F),3
Part number,RZ02-03330300-R3M1,1
Skaner,Rəngli flatbed + 50 Vərəq ADF (simplex; DADF B315-dədir),1
Prosessor,"Intel Core 5 210H (8 nüvə / 8 axın, 2.2–4.8 GHz, 24 MB keş, 45 W)",4
Ölçülər,18.391 × 11.167 × 21.439 cm,1
Güc,1.500 VA / 900 W,1
Növ,Ön disk qəfəsi / backplane dəsti,1
Part number,2E-GC-HIB-BKRD,1
Əvəzedici batareya,APCRBC152,1
Hündürlük,225.3 mm,3
Bone conduction sensor,Xeyr,1
Forwarding,14.88 Mpps,1
Yaddaş,1TB PCIe-4x4 2280 SED OPAL2 TLC M.2 SSD,2
Texnologiya,GaN,27
İnterfeys,Ethernet / Fiber,2
Part number,63A4MAT1EU,1
Qrafika,Inteqrə qrafika,2
Profil,Low profile,3
Standart,"IEC/EN 60297-3-100, EN 61587-1",2
Mikrofon,HyperClear (çıxarılan),4
HDR,"DisplayHDR 400 True Black, Dolby Vision",1
EAN,4549821354252,1
Form faktor,"Tower, 180.2 × 264.3 × 279.6 mm",1
Part number,2E-MF160UB,1
Part number,AJ7C2AA,1
Part number,RZ02-02500700-R3M1,1
Konnektor 1,RJ-45,6
Part number,21SSS79E00,1
Çəki,165 q,1
Model,YNDX-00030GRN,1
Dərinlik,445 mm,1
Permanent memory,8 Gb,2
Qrafika,NVIDIA RTX 2000 Ada 16 GB 4mDP GFX,1
Layer,L3,2
Şarj,2 saat,2
Ölçü (H×D×W),30 × 120 × 180 mm,1
Overclock,Intel XMP 2.0,2
Model,Lenovo ThinkVision T32p-30,1
Rəng,99% sRGB,4
Kabel,"3 m, 3×2.5 mm² H05VV-F",1
Qida,36 W adapter (12 V),1
Rəng,Aluminium,2
Yaddaş,512 GB-a qədər MicroSD kart dəstəyi və Tapo Care bulud saxlama imkanı,1
Tip,oyun kreslosu,3
İnterfeys,"Dual USB-A + USB-C, USB 3.2 Gen 2 (10 Gbps)",3
Çəki,4.87 kq,1
RAM,2 GB onboard (genişlənməz),2
PoE dəstəyi,IEEE 802.3af PoE (Class 1),1
Dimensions (ShhVhT),42.5x31.5x11 cm,1
Oxutma müddəti,6 h,1
Ciblər,"Premium workstation (vizitka, adapter, qələm); gizli yan ciblər; maqnitli sənəd cibi / trolley pass-through",1
Səs @25°C,26.5 dBA,1
Portlar,24 × RJ-45 10/100/1000 Mbps + 4 × 10 Gigabit SFP+ — cəmi 28 port,1
Plastik,Yanmayan,2
İdarəetmə,Standalone Web GUI / AP / CB / WDS rejimləri,1
Prosessor,Intel Core i5-1334U,1
Yaddaş,256 MB SDRAM · 32 MB Flash · Packet buffer 512 KB,1
Part number,2E-MF300WCAPIBARAGN,1
UPS keçid vaxtı,≤20 ms,5
Seriya,addlink AP / Pascari B100P,1
Ekran,"14.5"", WUXGA 1920x1200, IPS, 400 nits, 60 Hz, Touch, Anti-glare, 45%NTSC",1
Düymə,11,5
Maksimal məsafə,20 km (Single Mode Fiber - SMF),2
M.2,2 × M.2 2280 PCIe Gen3 x1 (NVMe SSD cache),1
Seriya,Razer Strider XXL,1
Kontrast,"1,000,000:1",1
Rəng,göy,5
Power consumption (no load),0.3 W,2
Su keçirməzlik,Dəstdəki korpusla 40 m / 131 ft (korpusda səs yazılmır),1
Driver dimensions,60 mm,1
XMP/EXPO,Tələb olunmur — JEDEC 5600 plug-and-play,2
Part number,2E-GC-HIB-BK,1
Zəmanət,1 il və ya 30 000 səhifə (hansı tez bitsə),1
Prosessor,Intel Core Ultra 7 355 | 12MB cache,1
Yan,"2× HDMI-in, VGA-in, HDMI-out, USB Touch, audio out, RS-232, 2× USB 3.0, USB 2.0",1
Qida bloku (bu konfiq),Dual 600 W,1
En,146.1 mm,2
Operativ yaddaş,32GB (2x16GB) DDR5 4800,1
Part number,R9B28A,1
Uyğunluq,HPE ProLiant Gen11 (DL360/DL380/ML350 Gen11),1
CPU,Marvell OCTEON TX2 CN9130/CN9131 ARMv8 Cortex-A72 4-core 2.2 GHz,1
Ekran,"2.8K 2880x1800, Touch",2
Bağlantı,2.4 GHz + Bluetooth 5.0,2
Təyinat,"HDD əvəzi, noutbuk/masaüstü OS diski",3
Ölçü / çəki,"441 × 270 × 44 mm, 3.55 kq",1
Ekran,Yox,14
Bağlantı,HyperSpeed Wireless Gen-2 + USB-C,2
Tutum,7.68 TB,3
Model,Dell UltraSharp U3225QE,1
Uyğunluq,Intel və AMD DDR4 mobile platformaları,2
Ekran,"23.8"" Full HD (1920×1080) IPS/UWVA 300 nit 100 Hz",1
Part number,3025V_BI,1
Çap sürəti,42 ppm Letter / 40 ppm A4 (rəng və a/b),1
Tezlik,1333 MHz (PC3-10600),1
Mains voltage,220-240 V,2
Çəki,~1.1 kq,1
Nəsil,"10 nm (Ice Lake-SP, 3-cü nəsil Xeon Scalable)",2
Doldurma,~4 saat (90%-ə),1
Dimensions (ShhVhT),364x259x39 mm cm,1
Ölçü (H×D×W),44 × 310 × 440 mm,3
Radio,2x2:2 (2.4 GHz) + 2x2:2 (5 GHz),1
İdarəetmə,FitXpress (cloud) / FitController (lokal) / standalone Web GUI,3
Əlavə modul,Ayrıca portativ batareya (dibinə taxılır),11
Mühafizə,"IP67, xarici antenasız (internal)",1
Qidalanma,"Xarici adapter, max 12 W / idle 1 W",1
Model,HP 250 G10,3
Sertifikat,"CE, UKCA, FCC, BSMI, VCCI",5
Rəng,Qara / gümüşü,3
Power Supply,1xAA,14
Xətt sayı,"2 proqramlaşdırılan işıqlı xətt düyməsi, 4 dinamik soft-key, 4-istiqamətli naviqasiya çarxı",1
Mute,Tap-to-mute,5
Ekran,"10,9 cm (4.3"")",3
Əlavə xüsusiyyətlər,"Barmaq izi oxuyucu; FHD + IR kamera; Privacy shutter; Gorilla Glass; Korpus: Aluminium (top), aluminium (bottom)",2
Part number,RZ04-02950100-R381,1
Ekran,LCD,19
Ekran,"14"" FHD+ (1920×1200), 400 nit, HDR kamera dəstəyi",1
Təsvir,Full-size wireless mouse with black soft-touch coverage and a symmetrical body.,1
Model,KG290 TKL (2E-KG290UB),1
PoE,"IEEE 802.3af/at, 24 PoE+ port, ümumi büdcə 375 W; consumption/classification mode, PoE scheduling",1
Model,Dell OptiPlex 3000 SFF,1
Tezlik,10–20 400 Hz,1
USB-C çıxış,20 V/5A · 100 W maks · PPS 3.3–21 V/5A,1
Çəki / ölçülər,6.5 kq (14.3 lbs) | 539.8x199.7x542.8 mm,1
Konnektor 2 tipi,Female,7
Çəki (netto),1.15 kq,1
Giriş gərginlik diapazonu,160–285 V (full load),1
Növ,DDR5 SDRAM,22
EAN,4549821037827,1
Yaddaş kartı,"microSD, maksimum 512 GB, U3",1
Qoşulma,"USB 2.0 (Plug & Play, hər iki cihaz üçün 1.5 m kabel)",1
Fırlanma sürəti,7200,4
Əlavə xüsusiyyətlər,Self-Charging Bluetooth Keyboard-Russian/Cyrillic 441,1
Korpus,"Desktop, fanless; 12 V/1A adapter və ya PoE-PD",1
Type,fixed,2
Model,SRV6KRIRK,1
Çıxış rozetkaları,4 × Schuko,8
Part number,RZ01-03850100-R3M1,1
Əlavə,DTS Headphone:X,2
Tipik doldurma müddəti,4 saat,2
Model,GXP2140,1
Hub interfeysləri,"3.5 mm, USB 3.2 Gen 1 (3.1 Gen 1) Type-C",1
Ethernet,Bəli,1
Tutum,2 200 səh (ISO/IEC 19798),1
Model,S1600V2-18P-HPWR,1
Hava axını,Hər fan 2.22–2.70 m³/dəq,1
Part Number,7D6H2AA,1
Part number,3QA55A,1
Ölçülər,45.1 × 14.814 × 5.775 cm,1
Tip,qalın parça oyun siçan altlığı,5
Random 4K,450000 IOPS oxuma / 900000 IOPS yazma,1
Tip,qayçı (scissors) klaviatura,2
Ethernet,1 × 10/100 PoE,3
Tezlik diapazonu,80–20 000 Hz,4
Rozetka sayı,2,1
Giriş tezliyi,50 / 60 Hz,7
Wireless interfaces,Bluetooth 5.3,3
Keçid vaxtı,tipik 6 ms (maks. 10 ms),6
Güc,USB-C power pass-through 90 W-a qədər,1
Sensor,Instant A825 optik oyun sensoru,1
Tələb olunan hub,Yandex Hub və ya Zigbee-li Stansiya,11
Ethernet,2 × 1 GbE · PoE (802.3af/at),1
ECC,"Yox (Non-ECC, unbuffered)",2
Ekranlama,U/UTP (ekransız),1
Uzunluq,1 m,14
Part number,460-11499,1
Seriya,addlink Spider N5 Notebook Memory,2
Tətbiq,Call center / deskphone bağlantısı,1
Ölçülər,35.3 × 205 × 90 mm,2
Sürət,1 GbE,2
Konnektorlar,SFP+ ↔ SFP+,2
Part number,R9D18A,1
Model,Dell Pro E2425HSM,1
Type,Desk lamp,2
Çəki,9.7 q,1
Form faktor,LP (low-profile) riser,1
Çəki,54 q,3
Part number,RZ02-01820500-R3M1,1
PoE,"IEEE 802.3at, port başına max 30 W, ümumi büdcə 130 W",1
Portlar,24 × 10/100/1000BASE-T PoE+,1
Uyğunluq,"PowerEdge R6515, PowerEdge R6525, PowerEdge C6525, PowerEdge R7525, PowerEdge R7515",1
Part number,817718-B21,1
Speed keys,24+6,1
Barmaq izi,Var,11
Rəng,Iron Gray,1
Model,CD224,1
Model,YNDX-00053Z,1
Tip,Cloud idarə olunan outdoor Access Point (EnGenius Cloud),2
AP idarəetmə,50 ədədə qədər Neutron EWS AP (lokal),2
Fan sayı,1 fan(s),1
Portlar,"1x USB-A (USB 5Gbps / USB 3.2 Gen 1); 1x USB-A (USB 10Gbps / USB 3.2 Gen 2), Always On; 1x USB-C (USB 20Gbps / USB 3.2 Gen 2x2), with USB PD 3.1 and DisplayPort 1.4; 1x USB-C (Thunderbolt 4 / USB4 40Gbps), with USB PD 3.1 and DisplayPort 2.1; 1x HDMI 2.1, up to 4K/60 Hz; 1x Headphone / microphone combo jack (3.5 mm); 1x Ethernet (RJ-45); Touch style fingerprint reader integrated in power button, match-on-chip; No fingerprint reader; NVMe password",10
Keçid tutumu,32 Gbps,4
Montaj,"Divar/dirək, RW, bracket dəstdə",2
Part number,4X41M69795,1
Əlavə,"Spill-resistant (120 ml), media düymələri, Game Mode",1
Rəng,Ağ (filament görünüşü),1
IoT,IoT Ready (USB expansion),1
EAN,0196548418183,1
Rəng,Qara/boz,4
Qrafika,Intel UHD Graphics 770 (inteqrasiya),3
Uyğunluq,HPE ProLiant DL360 / DL380 Gen10 Plus (High Performance heatsink tələb olunur),1
Çəki,0.02 kq,1
Model,Lenovo 140 W Smart Laptop Power Bank (20000mAh),1
Quraşdırma tipi,Car vent mount,3
Qida,"7–12 V DC, 3.6 W",1
İnterfeys,Fiber,2
Rəng,Turbo Silver,1
Ölçülər,310 × 400 × 130 mm,1
Konfiqurasiya,brauzer / SNMP idarəetmə stansiyası,1
Seriya,Yandex Stansiya 3,3
Sürücü,8 mm dynamic,2
Ölçülər (açıq),533 × 1.652 mm,1
Part number,403-BBLR,1
Tip,Carrier-Grade IP Phone (touch),1
Avtofokus,Bəli,1
RAM (bu konfiq),"8 GB (1 × 8 GB) DDR4-3200 UDIMM; 4 yuva, maks. 128 GB",1
Tətbiq,Kiçik–orta meeting otaqları (BYOD),1
TBW,7008 TB,1
Rəng,Counter-Strike 2 Edition,3
PMIC,Var,4
Part number,345-BDTD,1
Konnektor 1 tipi,Male,32
Media,10GBASE-T (RJ-45),1
Giriş diapazonu,100–280 Vac (derating ilə),1
Çəki,91 q,1
Wi-Fi,"IEEE 802.11 b/g/n (2,4 GHz)",9
LED,İkili rəng: USB 3.x mavi / USB 2.0 qırmızı,10
Seriya,Razer Cobra HyperSpeed,1
Parlaqlıq / kontrast,250 nit / 3000:1,2
Ölçü (E×D×H),75.5 × 132 × 37 mm (2.97 × 5.2 × 1.45 in),1
Tip,"Outdoor Wi-Fi 5 (802.11ac) access point, Instant On AP17",1
Uyğunluq,HPE ProLiant Rack/Tower/BladeSystem Servers/Synergy,1
Çəki,"70,9 kq",1
Part number,FEX-200F,1
Rəng,Sarı,3
Part number,SFYR2S/2T0,1
Rəng,narıncı,2
MTBF,1 156 942 saat,1
Part number,S0G21A,1
Part Number,4P5L2AA,1
Qeyd,Packaging is damaged (skrinşot təsviri),1
Çıxış cərəyanı,5 A,2
Protection,Voltage surges varistor,1
Seriya,Apacer AH750,1
Part number,2Z609A,1
Simsiz şarj,"Maqnit, MagSafe uyğun",1
Skaner,Rəngli flatbed + 40 Vərəq ADF,1
Radio,"4×4:4 MU-MIMO, dual-band",1
Operativ yaddaş,16GB(2x8GB)DDR56000XMPRGBBLKHS,1
Baxış bucaqları,178° üfüqi / 178° şaquli,2
USB,2 × Type-A + 2 × Type-C USB 3.2 Gen 2,2
En,88.9 mm,2
EAN,887111291998,1
Model,Dell Emulex LPe31002-M6-D,1
Ölçülər,310 × 383 × 120 mm,1
Protokollar,SCCP və SIP (Cisco CUCM / CallManager Express),1
Ekran,"27"", QHD 2560x1440, 300 nits, 75 Hz",2
Xətt sayı,"6 proqramlaşdırılan işıqlı xətt/funksiya düyməsi, 4 dinamik soft-key, 4-istiqamətli naviqasiya çarxı",1
Buffer,CUDIMM (clocked unbuffered),8
Part number,SDCG4/512GB,1
Part number,9T5B0UT,1
PoE,"IEEE 802.3at High Power, 24 PoE port, ümumi büdcə 375 W",1
Bağlantı,USB Type-C,1
Çəki,təx. 1.35 kq,2
Part number,AG16GB56C46N5S,1
Dərinlik,25.4 mm,1
Part number,UPA302R2RX0B035,1
Dəstəklənən çözünürlük,1920 x 1080 (HD 1080),1
Uyğunluq,"PC, Xbox Series X|S, Xbox One, PS5, PS4. Software Compatibility: NGENUITY.",4
Tezlik diapazonu,60–20 000 Hz,4
Qida,65 W adapter,2
Çəki,781.5 q,1
Yuvalar,"1 × 3.5""/2.5"" SATA 6Gb/s",1
Brend,Generic / OEM,1
Part number,345-BDSG,1
Ölçü,Ø 63 × 10.5 mm,3
Xətlər / SIP,8 line keys · 12 SIP accounts,1
Qidalanma,"5 V / 1,5 A adapter",1
Standart,IEEE 802.11ax/ac/n/g/b/a,3
CPU,"Intel Celeron J6412 4C/4T 2.0 GHz, burst 2.6 GHz, UHD, AES-NI",1
Ekran ölçüsü,"26.7""",3
Rəng,Ağ-qara,19
Part number,2E-SPEED-XL-D02-PRO,1
- Tilt (meyillənmə,-5° ~ +23°),1
Model,Dell 32GB - 2RX8 DDR4 UDIMM 3200MHz ECC,1
Növ,Yüksək performanslı heatsink dəsti,1
Number of HDMI,2 pcs v1.4,2
Part number,JW118A,1
Kabel,təxminən 15–20 sm USB-C,1
Auth,"RADIUS, TACACS+, LDAP/AD, 802.1X",1
Tip,Indoor Wi-Fi 6 (802.11ax) Access Point,1
Çəki,235 q,2
Video,"4K30, 2.7K30, 1080P120, 1080P60, 1080P30, 720P240, 720P120, 720P60, 720P30 fps (standart: 4K30). Rejimlər: Video, SlowMotion, Loop Record. Format: MOV (H.264/H.265)",1
Uyğunluq,"GXE3, GXT3, GXT4, NXC, EXS, ITA2 Və digər IntelliSlot Unity hostlar",1
Təyyarə,74 Wh — əksər aviaşirkətlərdə kabinəyə icazə verilir,1
EAN,0196188048092,1
Çəki,0.543 kq,1
Çəki,308 q,2
Part number,21QX001DRT,1
Brend,Philips,1
Qeyd,Kontroller və adapter yoxdur; əsas lentə qoşulur,1
Part number,2E-MF2020WC,1
Standart,Cat 6 UTP,1
Yaddaş,1 TB SSD,1
Part number,2E-GC-BUS-ESBK,1
Növ,Heatsink/Radiator,1
Fırlanma sürəti,15000,4
Part number,A1JN1ES,1
Seriya,Yandex ağıllı rozetka Matter,2
Ölçü (D×E×H),351 × 443 × 43.9 mm,1
Enerji mənbəyi,Batteries,3
Maks. skan ölçüsü,297 x 432 mm,1
EAN,0196786272523,1
Tip,"Orijinal Xerox toner kartrici (Extra High Capacity, DMO)",1
Sürət,"5 GHz üzrə 867 Mbps, 2.4 GHz üzrə 300 Mbps (ümumi 1.2 Gbps)",1
Aggregate,~5.4 Gbps,1
MU-MIMO,2×2:2,2
Keçid tutumu,224 Gbps,1
Battery warranty,1 year (2 years on electronics),5
Məhsul tipi,Network Management Card 3 (NMC3),1
İlk səhifə (rəng),"13,8 san",2
Ölçü,15 × 11 × 1 mm,5
Range of action,up to 18 m (Bluetooth: in open space / without barriers),2
Connection,wired,3
PCIe,1 × PCIe Gen3 x2,7
Model,S6825-54HF,1
Uyğunluq,"PC, Mac, PS5, PS4, mobil (Xbox yoxdur)",1
EAN,0196188049495,1
Part number,S1T37A,1
BYOM,"kamera, dinamik, mikrofon",1
Daxil,charger + Power Supply,3
Sertifikat,CE,1
Form faktor,Rackmount 4U,2
Tip,Server RAM — DDR4 UDIMM,2
Ekran,"14"" OLED/IPS Touch (ThinkPad X1 2-in-1 Gen 10 Aura platform)",1
Ölçülər,265 × 80 × 139 mm,1
Max. Output Power,1500 VA,1
Qida,"USB 5 V, maks. 600 mA / 3 W",1
Ölçü,15–15.9 düym,1
Tip,3-in-1 maqnit simsiz şarj stansiyası,1
Uzunluq,20 m,1
Model,GS1100-24E,1
Özboşalma,aşağı,4
Ölçü,128.5 × 79.4 × 19.2 mm,1
Stabilizasiya,SuperSmooth (gimbal səviyyəli elektron stabilizasiya),1
İmpedans,32 Ohm; maks. 117 dB,1
Ölçü,53.4 × 23.2 × 7.5 mm,1
Ölçü,22 × 80 × 2.21 mm,3
Region,EMEA & APAC Edition,1
Brend,TP-Link (Tapo),4
Qida bloku (bu konfiq),Dual 800 W,2
İnterfeys,USB 2.0 (2.4GHz),1
Parlaqlıq,~200 cd/m² (tipik),1
Kartric,"HP 145A Original Black LaserJet Toner Cartridge (~1,700 yield) W1450A; HP 145X Original Black LaserJet Toner Cartridge (~3,800 yield) W1450X",2
Həssaslıq,-7.5,1
PoE,Yox,4
Model,GWN7703,1
Uyğunluq,"Dell EMC PowerEdge C6420, FC640, R440, R540, R640, R6415, R740, R740xd, R7415, R7425",1
Çəki,317 q,2
Düymə sayı,104,2
Daxili şarj,Xeyr,1
Forma,Pluggable modul,3
Part number,RZ03-04700800-R3R1,1
GPU,Mali-G52 MC3,3
Model,GWN7661,1
"Cord length, m",10,1
Uplink,4 × 1 q/10 q BASE-X SFP+,3
Model,Dell Pro Micro QCM1250,2
Portlar,"1 × HDMI 1.4, 1 × VGA, Qulaqlıq çıxışı (3.5 mm Audio Out)",1
Model,Dell EcoLoop Essential Backpack 14–16 CP3724,1
Part number,006R04404,1
Seriya,Razer BlackWidow V3 TKL,1
Additional information,Energy efficiency class B,1
Seriya,Razer Wolverine V3 Tournament Edition,2
Part number,72123400-6000000-000-RS,1
SSD tutumu,240 GB,1
Outlets with a reserve,2 pcs SCHUKO,3
Seriya,Kingston FURY Renegade,5
Yazma sürəti,1000 MB/s,1
Tip,Portativ ağıllı kolonka,4
Çəki,1.08 kq (paket),1
Güc,5 W / Cihazın nominal gücü: 9 Vt,1
EAN,0196548124015,1
Part number,Core86,1
Tip,"FortiGate 61F — desktop NGFW + SD-WAN, daxili SSD",1
Tip,2.0 oyun dinamiki,1
Model,CD239,1
Tip,USB RGB mikrofon (QuadCast S),1
Runtime,"~3,5 dəq @100% / ~6,9 dəq @70%",1
Tövsiyə olunan həcm,750 - 4000 səh/ay,8
Model,HP S5 524sw FHD,1
Qrafika,RTX 2000 Ada 8GB,1
Model,YNDX-00054GRY,1
Switch,Analog Optical Switch Gen-2,2
Akselerasiya,"SP5 ASIC, TPM, BLE, fanless desktop",2
Part number,492-BBSD,1
Part number,63DBRAT1EU,1
Dimensions ( HxWxD ),140x100x290 mm,2
Komplekt,PSU + montaj lövhəsi / vintlər,1
Part number,P40500-B21,1
Part number,12SA0028RU,1
Daxili,TPU padded,2
Organizer,✔️,7
Part Number,7G8F3AA,1
Uplink,2 × 1 q SFP,6
Tip,"FortiGate 71 q — desktop NGFW + SD-WAN, daxili SSD",1
Optimizasiya,Microsoft Teams (MS),17
Tip,Wired mono headset,3
Ölçülər,80 × 80 × 36 mm,2
Seriya,Razer Pro Click V2 Vertical,1
Çəki,282 q,2
Maks. ötürmə,16000 Mbit/s,2
Min. çıxış gərginliyi,5 V,5
Bluetooth,"5.0, SBC, BLE",3
Model,GRP2636,1
RAID,"0, 1, 10 (mixed RAID+HBA rejim)",1
Audio kodekləri,"Genişzolaqlı HD səs dəstəyi, G.711a/u, G.729a/b, iLBC",1
İlk səhifə,5.8 san; ilk copy: 5.3 san,2
Part number,860P8AA,1
Part number,40B00135EU,1
Mikrofon,"Boom microphone, səs-küy azaldan",1
Ekran,"14"" WUXGA (1920×1200) IPS/UWVA 400 nit",1
Radio frequency range,2402–2480 MHz,5
Part number,2E-MK405UBK_UA,1
Protokol,"Standart SIP v2 (RFC 3261), HTTPS provayzinq",1
Qrafika,Intel UHD Graphics 730 (inteqrasiya),1
"Çap sürəti (qara, ISO)",22 səh/dəq,1
Çəki,"4,9 kq",1
Çəki / ölçülər,Starting at 1.7 kq (3.75 lbs) | 356x253.5x17.5 mm,4
RAM,8 GB onboard (genişlənməz),1
EAN,4514953847620,1
Part number,4ZB95A,1
PoE dəstəyi,IEEE 802.3af PoE (Class 3) və Cisco Inline Power,4
Energy consumption standard,25 V / 48 Vt maks..,1
NGFW,800 Mbps,2
Mobile operating systems supported,"Android 5.0, iOS 13.4",1
Part number,DTDUO3CG3/128GB,1
Part Number,727A8AA,1
Keçid tutumu,100 Gbps,3
Giriş/çıxış,230 V (220/240 V konfiqurasiya),1
Portlar,24 × GE RJ45 PoE+ + 4 × GE SFP + mgmt 10/100 + konsol,1
Düymələr,20 dual-color + 2 arrow (40 kontakt/extension),1
Part number,SEDC600 m/960 q,1
CAS Gecikməsi,CL9 (9-12-C2),1
Çəki,58.3 q,2
İnterfeys,SATA 3.0 (6 Gbps),12
Switch,Mechanical key switch,3
Batareya tutumu,72 Wh,1
Çəki,630 q,3
Part number,SP-FG300E-PS,1
Model,Alienware 18 Backpack AW7825P,1
Görüntü imkanı,3840 × 2160 (4K) @ 240 Hz,1
Uzunluq,5 m,5
Seriya,Apacer AC731,1
NAND,3D NAND,27
Standart,"microSDXC, UHS-I (Express deyil — prays: UHS1 V30 U3 A2)",1
Tip,Multi-mode simsiz siçan,1
- Superior Material for Durability,"This USB C to USB C cable fast charging uses Laser-welded aluminum alloy interface with nylon braiding ensures durability over 20,000 plugs/unplugs. Flexible, tangle-resistant design for long-lasting use",1
Seriya,Engage 75,1
Üzlük,parça (fabric),1
Tutum,250 GB,1
Ötürmə,23.80 Mpps,2
Part number,345-BFYM,1
Part number,QM2-2P-384A,1
Portlar,8 × 1GbE RJ45 + 4 × 10GbE SFP+/RJ45 Combo,1
En,10 mm,2
Kommunikasiya,"Mini Slot, USB, RS-232, RS-485, REPO",2
Tezlik,18–23000 Hz,1
Tip,"Inkjet MFP (A3, wide format)",1
Standart,"IEEE 802.11ac/n/a 5 GHz, IEEE 802.11b/g/n 2.4 GHz",2
Model,Dash Cam 4K A800S (Midrive A800S),1
Tip,"Flush mount sleeve, Instant On AP25",1
Forma,"3.5"" (hündürlük 26.11 mm)",2
Qida,250 W (tək),2
Dizayn,"Kompakt və yüngül, səyahət və noutbuk istifadəsi üçün ideal",1
MTBF,2.0 milyon saat (B100P broşura),1
Sertifikat,"RoHS, CE, FCC, RCM, VCCI, JEDEC",1
HDR,"Dolby Vision, DisplayHDR True Black 400",1
"Luminous flux, lm",255,1
İdarəetmə,GDMS cloud provisioning,1
Kontrast,3000:1,4
OS,"Windows, macOS, iPhone 15+, Android 4.1+, Linux, PS5",3
Ölçü (D×E×H),260 × 275 × 44 mm,1
Protective functions,water resistant,3
Part number,2E-KS120UB,1
İnterfeys,Bluetooth 3.0/5.0 / USB adapter 2.4 GHz,2
İdarəetmə,"Web GUI, CLI, SSH, Aruba Central",11
Part number,2E-SK140BL,1
Prosessor,Intel Core Ultra 5 235U vPro,1
Tip,Powerbank,1
Çəki,4.32 kq,1
Ölçülər,358.0 × 256.0 × 15.08–25.60 mm,1
Qeyd,DMO region P/N (NA/XE ekvivalent 006R04822),1
Rəng,Qara (Stealth),1
Part number,MR.HD.GTN42U81.01_PRF63,1
İşıqlandırma,White LED,1
Seriya,Razer DeathAdder V3 Pro,2
USB,4 × USB 3.2 Gen 1,6
Giriş,"230 V nominal, 47–63 Hz",2
Rəng,Kosmik Boz (Space Gray),1
Model,Dell 4TB Hard Drive NLSAS 12Gbps 7K RPM 512n 3.5in Hot-plug,1
Battery charging time,3 hours,2
Tip,USB-C multifunksional adapter / hub,1
Hüceyrə səmərəliliyi,"23,4%-ə qədər",2
Statik kontrast,3000:1 (SmartContrast: Mega Infinity DCR),1
Aşkarlama və Bildiriş,"Hərəkət və insan tanıma, ani smartfon xəbərdarlığı",1
Tip,"Basic PDU, şaquli 0U (42U şkaf), iki dövrə",2
Tip,Instant On Secure Gateway SG1004,1
Part number,ECW260,1
Zəmanət,5 il və ya Percentage Used,2
Part number,401-ABHQ,1
Part number,UPS502R2RT2N035,1
Model,HP Color LaserJet Pro CP5225dn,1
Çəki,Təxminən 0.9 kq,1
Part number,FAP-231K-E,1
İşləmə müddəti,"Tək şarjla 4 saat fasiləsiz musiqi, 3.5 saat danışıq, keys ilə birlikdə 20+ saat, 100 saat gözləmə müddəti",1
Rəng,Shell White,6
Oxuma / yazma,1050 / 1000 MB/s,4
Hub interfeysləri,USB 2.0,1
Model,Dell 16 Plus DB16250,2
Part number,FS-108F,1
Çözünürlük,"600 × 600 dpi, 2400 Image Quality",3
Yaddaş tipi,DDR5,2
Soyutma,fanless (səssiz),1
Part number,P53561-B21,1
Çəki,4 q,2
Ölçülər,43 × 24 × 81 mm,2
Designed for cleaning,"qulaqlıqlar üçün klaviatypi, monitorlar, telefonlar, kameralar və s.",1
Çəki,3.46 kq,1
Çəki,4.68 kq,2
Tip,simsiz yığcam oyun siçanı,2
Number of outlets,"5 5 rozetka Tip F (torpaqlama ilə avrorozetka), ştepsel Tip F (avroştepsel torpaqlama ilə)",2
Adaptive Sync,"AMD FreeSync Premium, VESA AdaptiveSync",1
PCIe,"PCIe Gen4 x8, low-profile (full-height dəstdə)",1
Tip,10GbE SFP+ SR optik transceiver,1
Part number,RZ04-03240100-R3M1,1
Səs rejimləri,"Otaq / küçə, avtomatik keçid",4
Uplink,6 × SFP+,1
Host,"PCIe Gen4 x8, HH/HL plug-in",1
Ölçülər (E×D×H),438 × 462 × 88 mm,1
Tip,Dual-port 10GbE SFP+ PCIe kart,1
Uyğunluq,ProLiant MicroServer Gen10,1
Part number,Ad16GB56C46P5U,1
HDMI,1 × HDMI 1.4b (4K),1
EAN,0767041034424,1
Çəki,500 q,12
Gərginlik,"220–240 V, 50 Hz",6
Model,2GB 1Rx8 PC3-12800U-11-11-A1 (M378B5773DH0-CK0),1
Bağlantı,"HyperSpeed 2.4 GHz + USB-C (BT yoxdur, dongle)",2
Batareya,2.4 GHz: 20 saat; Bluetooth: 25 saatadək; şarj 4.5 saat,1
Form faktor,"2U short-depth, 88.6 × 432 × 297.4 mm",4
Part number,RZ03-04692500-R3R1,1
Part number,AP4TBAC732B-1,1
Rəng,"Rəngli (CMYK, 4 kartric)",1
Çəki,30.6 kq,1
Part number,ECW120,1
Texnologiya,Gallium Nitride (GaN) yarımkeçirici texnologiyası (yüksək enerji səmərəliliyi və minimum qızma),1
Sensorlar,Yox,1
Prosessor,Intel Core Ultra 7 265U (vPro),1
Giriş/çıxış,"208/220/230/240 Vac, 1P2 W + PE",1
Model,HP 203A Cyan Original LaserJet Toner Cartridge,1
Sürət sinfi,"Class 10, Class 1 (U1), V10",3
Çıxış qabı,30 Vərəq,6
IK,"TV, kondisioner və digər IK cihazların idarəsi",2
Bağlantı,USB 3.0,1
Part number,901-R350-WW02,1
CAS Gecikməsi,CL11 (11-13-E2),2
Təyinat,Gaming PC / PS5,4
Əməliyyat sistemi,Windows 10 Pro,1
Yeniləmə tezliyi,75 Hz,2
Daxil edilən,Rail Kit + External Battery Pack + batareya kabeli,1
Panel,"LED, 4K UHD 3840 × 2160, 60 Hz, 16:9",1
Volume,0.0094 m³,1
Model,DP109,1
Konfrans,3 tərəfli,1
Part number,RZ01-04310100-R3G1,1
Ekran,LED ifadələr (şarj statusu),3
Portlar,2 × USB-C + 1 × USB-A,6
Tənzimlənən,Bəli,1
LAN,"1 × GbE uplink + 3 × GbE downlink (1-i PoE PSE, 5 W)",1
Ölçülər,160 × 160 × 33.6 mm,1
Rəng,Qara / Ağ vurğularla,1
Part number,B230V_DNI,1
Model,"HP All-in-One 24""",6
Simsiz,Yox (bu factory P/N); Gigabit RJ-45,1
Təyinat,Noutbuk daşıma / qoruma,1
Təyinat,PC / noutbuk / PS5 (heatsink ilə),1
Ölçülər,42 × 11 × 37.5 sm,1
İstehsalçı,G&G,1
Established batteries,6 pcs × 12 V 9 Ah,1
Number of devices supported,1,1
Klaviatura,"işıqlı, rəqəm bloku",6
Part number,4X90U90618,1
Tip,Video konferans + 4K wireless presentation (meeting room),1
Konfrans,12-party,1
Sürücü,"3"" full-range ×2",1
Part number,SXS2000/4000GA,1
Nominal batareya gərginliyi,±192 V,1
Port,2 × 16 Gb Fibre Channel,1
Firewall (1518/512/64 byte UDP),5 / 5 / 5 Gbps,2
Portlar,48 × GE RJ45 PoE+ + 4 × GE SFP + mgmt 10/100 + konsol,1
İlk səhifə (qara),"6,5 san",1
Audio kodekləri,"G.711a, G.711u, G.729a, G.729ab",2
Seriya,Razer Basilisk V3 Pro 35K,4
Ölçülər,314.0 × 226.15 × 14.00–16.39 mm,2
Güc,20.000 VA / 20.000 W (unity PF),1
Operativ yaddaş,32GB (2x16GB) DDR5 5600,2
RGB,5 zona RGB + light bar; 6 effekt,1
Maks. ötürmə,25000 Mbit/s,2
PoE,"65 W, IEEE 802.3af/at, 8 port",1
Model,HP Mini PC 260 G9,1
Part number,2E-DL2240,1
Maximum diagonal,"32 """,6
Input frequency,40-70 avtomatik təyinetmə,2
Ölçü / çəki,"441 × 270 × 44 mm, 4.1 kq",1
Təyinat,"1U serverlər, Blade serverlər və sıx quraşdırılmış şəbəkə sistemləri.",1
Portlar,8 × GE RJ45 + 2 × 10GE RJ45/SFP+ shared WAN + USB 3 + konsol,1
Qida,90 W adapter,2
Standart,Wi-Fi 7 (802.11be),1
Qısaqapanma cərəyanı (Isc),"6,43 A",1
Part number,006R04766,1
Şəbəkə,"2 × 10/100/1000 (LAN + PC), PoE 802.3af, SIP/TLS/SRTP",1
Su keçirməzlik,Hava şəraitinə davamlı (yağış/qar). Suya batırılma və IP su keçirməzlik rəsmən dəstəklənmir,1
Çəki,188 q,1
Qeyd,"IronWolf Health Management; Rescue 3 il; işçi 4.8 W, idle 3.96 W; 600 000 load/unload",1
Model,Dell Pro Max 14 MC14250,2
Bağlantı,USB + Serial (RJ45),1
Tip,DECT IP Phone,1
Yaddaş,256 MB,8
Ölçülər,124.6 × 48.7 × 22.8 mm,1
Yaddaş,512 GB SSD | M.2 2280 | PCIe 5.0 | Opal 2.0,1
Seriya,Nexode Pro,5
Model,HP Color LaserJet Enterprise MFP M480f,1
Part number,460-BDSS,1
Növ,MSA SSD (6-pack-dən 1 ədəd qiyməti),1
Tip,Indoor Wi-Fi 6E Access Point,1
Model,GRP2613,1
Model,LP120,1
Brend,DYMO,5
Çəki,1.0 kq,5
İdarəetmə,EnGenius Cloud / Cloud App / lokal Web GUI,9
Barkod,6941876213245,1
Seriya,Razer BlackShark V3 X HyperSpeed,2
Part number,169L0AA,1
Bağlantı,Wired,10
Shoulder Strap,✔️,10
Seriya,Razer BlackWidow V4,1
Sertifikat,"FCC, CE",1
Protokol,SIP (Cisco Unified Communications Manager - CUCM / CME / Webex Calling),1
Model,GRP2650,1
Disk ölçüsü,2.5,10
Yaddaş tezliyi,3200 MHz,1
Form faktor,"2U rack, 88.6 × 432 × 511.2 mm",1
Tip,Simsiz oyun qulaqlığı (Cloud III S Wireless),1
Part number,PER5503A,1
Çəki,258.5 q,2
Prosessor,"Intel Core i7-1355U (10 nüvə / 12 axın, 1.7–5.0 GHz, 12 MB keş, 15 W)",5
EAN,0197029117465,1
Portlar,16 × GbE RJ45,1
"Çap sürəti (qara, ISO)",40 səh/dəq,5
Protokollar,"SNMPv1/v3, Modbus TCP, HTTPS, SSH",1
"Çap sürəti (qara, draft)",22 səh/dəq,6
Update frequency,75 Hz,1
Maximum power of PSU,500 W,2
Forma,Dəyirmi,6
Spikerfon,Tam dupleks (Full-duplex) genişzolaqlı akustik spikerfon,1
Tip,FortiSwitch 448E-POE — Layer 2/3 Secure Campus PoE+,1
Çəki,"0,74 kq (1.63 lb)",1
Maks. adapter,180 W,1
Non-blocking,20 Gbps,1
Yaddaş (bu konfiq),"1 × 480 GB SATA SSD 2.5"" hot-plug, 1 DWPD",1
Stereocüt,Bəli (iki Mini 3 Pro),3
Model,YNDX-00020-GRAY,1
Keçid tutumu,240 Gbps,1
Ölçü,1200 × 550 × 4 mm (3XL),2
Dönmə,"5400 rpm (AgileSpin, latency 6.0 ms)",2
Ethernet,Dual switched 100 m,1
Xüsusiyyətlər,"Omada SDN mərkəzləşdirilmiş bulud idarəetməsi, Omada Mesh simsiz körpü, Seamless Roaming (fasiləsiz keçid), HE160 (160 MHz kanal zolağı), OFDMA, MU-MIMO, WPA3 təhlükəsizlik şifrələməsi, 250+ eyni vaxtda istifadəçi tutumu",1
Sürətli şarj texnologiyası,Quick Charge 3.0,4
Rəng,Grey,1
Ölçü,479 × 452 × 514 mm; çəki 21.7 kq,1
Dimensions ( HxWxD ),118x555x604 mm,1
Part number,6N6E6AA,1
Uyğunluq,HPE ProLiant DL360 / DL380 Gen10 Plus (High Perf heatsink tələb oluna bilər),1
Tutum,12 000 mAh / 44.4 Wh,1
Part number,0B47070,1
Tətbiq,PoE olmayan switch ilə PoE cihaz qidalandırma,1
Hot-swap,Yes,4
Model,WA6020,1
Güc,1.500 VA / 1.350 W (PF 0.9),1
Komplekt,"Yığılı, paletlə çatdırılma",1
Panel,"IPS Black, əyri 2500R",1
Tip,Su sızması sensoru,1
Tip,"Indoor Wi-Fi 6 (802.11ax) access point, Instant On AP22",1
Ötürmə,262 Mpps,1
Tip,"FortiSwitch 224E — Layer 2/3 Secure Access, fanless",1
Xüsusiyyətlər,"XML xidmətləri, tənzimlənən erqonomik altlıq, səsli mesaj göstəricisi",1
Seriya,Yandex Stansiya Duo Maks,4
"Çap sürəti (qara, ISO)",21 səh/dəq,1
Part number,J9283D,1
Connecting an external battery,✔️ 6 pcs × 12 V 9 Ah (optional),1
İnterfeys,"USB 3.2 Gen 1 (5 Gbps), USB Type-A",9
A type,liquid + napkin,4
Bağlantı tipi,wireless,25
Uyğunluq,"16""-dək",1
Modul portu,Portativ batareya və iqlim modulu üçün yuva,3
Seriya,Razer Huntsman V3 Pro 8 kHz,1
Part number,MR.PRZ42U2412D.SC,1
Part number,P64706-B21,1
RGB,Razer Chroma (qulaqlar daxil),1
EAN,4549821410293,1
Uzunluq,1.5 m,5
Konnektorlar,SFP28 ↔ SFP28,1
Part number,AP2TBAC731B-1,1
Model,GS2220-28HP,1
Sensor / DPI,16000 DPI,2
Ölçü,133.3 × 31.2 mm (E×H),6
NPU,"3 nüvə, 6 TOPS (AI)",7
Şəbəkə portları,2 × 10/100/1000 Gigabit Ethernet RJ-45 (Gigabit Switch),2
Model,Dell 7.68 TB RI SSD,2
Prosessor,"Intel Core Ultra 7 258 V (8 nüvə / 8 axın, 2.2–4.8 GHz, Arc 140 V, NPU 47 TOPS)",6
Part number,C85FRET,1
Həssaslıq,108 dB SPL/mW,2
Təyinat,"Nintendo Switch, Steam Deck, ROG Ally, 4K yazı",2
Model,HP S7 Pro 734pm WQHD Conf,1
HDR,"True Black 500, Dolby Vision",1
Model,4GB 1Rx8 PC3-12800U-11-12-A1 (M378B5173EB0-CK0),1
"Cord length, m",3,2
Ölçü,"8.75 × 44.54 × 73.02 sm (Y×E×D, HPE datasheet)",1
Çəki,"76,1 kq",1
Tövsiyə olunan həcm,2000 - 5000 səh/ay,2
Qeyd,"Instant Secure Erase (ISE); SuperParity; oxu 8.9 W, yazma 7.1 W, idle 6.3 W; 10–60 °C",3
Rəng,Lavanda,1
Bağlantı,USB (3.5 mm→USB adapter daxil),1
Mühafizə dərəcəsi,"IP66 suya, toza və sərt hava şəraitinə tam davamlı korpus",1
Ekran,"27"", FHD 1920x1080, 300 nits, 100 Hz, 99% sRGB",1
Adjustments,tilt / turn / rotation,5
Audio kodekləri,"HD Audio (G.722), G.711u/a, G.723.1, G.726, G.729A/B, iLBC",1
Portlar,16 × 10/100/1000BASE-T PoE+,1
Equipment,keyboard,2
Çəki,21.9 kq,1
Dimensions (ShhVhT),430x310 x 59,1
En,166.9 mm,1
Part Number,786H6AA,1
Model,"HP Laptop 15""",3
Portlar,6 × SFP · 4 × SFP+ · 2 × GbE,1
HDR,HDR10,1
Çəki / ölçülər,175 q; 56x28.5x56 mm,1
İş temperaturu,0 – 70 °C,9
Arxiv ömrü,30 ilədək,1
Ölçülər,738.1 × 100.1 × 70.1 mm,1
Model,Lenovo ThinkPad Bluetooth Presenter Mouse (Aura Edition),1
Ekran,LED batareya indikatoru,1
Portlar,"USB4, dual display",1
Laptop Form Factor,"14""",1
Barkod,694743657302,1
Batareya / adapter,90 W adapter,10
Cəm tutum,11.52 TB (11.5 TB),1
Part number,BV800I-GR,1
Part number,R0Q73B,1
Keş,4 GB FBWC (Smart Storage Battery ayrıca — P01366-B21),1
Simsiz,Yox; Gigabit RJ-45,1
Daxil,Wireless Charging Pad,2
Starter,K 1 500 / CMY 1 000 səh (qutuda),1
Power Supply,USB,3
Ölçü / çəki,"76 × 20.6 × 9.8 mm, 11.6 q",3
Rəng,Boz RAL 7035 (.02),2
Giriş tezliyi,50/60 Hz,4
Part number,SPSD/512GB,1
Çəki,60 q,2
Vebkamera,Daxili,1
Qrafika,NVIDIA RTX PRO 500 Blackwell Laptop GPU 6GB GDDR7,1
Ölçülər (yığılmış),905 × 613 × 65 mm,1
Səmərəlilik,"~95,5–96,5% (online) · ECO: 99%",1
ANC,Hybrid Active Noise Cancellation,2
Ölçü,"195,6 × 116,1 × 9,7 sm",1
USB-C1/C2 çıxış,20 V/5A · 100 W maks (tək port),1
Model,25599-999-899,1
Model,Dell Vostro 3710 SFF,1
Çəki,28.7 q,4
Tip,"Naqilli oyun qulaqlığı (Cloud Stinger 3, PlayStation)",1
Model,GWN7605,1
Part number,210-BPVR,1
Uyğunluq,"Windows 11/10/8/7, macOS, Linux (Drayver tələb etmədən Plug & Play)",1
Tezlik,10–21000 Hz,3
Part nömrəsi,XGS1935-28-EU0101F,1
Dalğa forması,Stepped approximated sinewave,2
Yaddaş,512GB M.2 SSD,3
Sektor,512n,16
Seriya,S6825,1
Seriya,Vertiv Liebert GXT5,3
Kontroller,Intel E810-XXVAM2,1
Əlavə xüsusiyyətlər,Lenovo USB-C to 4 Ports USB-A Hub,1
Part number,TS1TESD265C,1
Standart,"10GBASE-SR, 850 nm",1
Ölçülər,356.78 × 251.90 × 15.67–17.95 mm,1
Çəki,68 kq,1
Portlar,24 × 10/100/1000,1
Yaddaş layout,1 x 64 GB,1
Oxuma / yazma,7000 / 6000 MB/s,1
Part number,B415V_DN,1
Çəki,20.2 kq,1
Tip,"Enterprise Unified Wi-Fi 6 AP, Aruba AP-505 (RW)",1
Ethernet,Gigabit 10/100/1000,14
Ölçü,479 × 475 × 491 mm; çəki 27.1 kq,1
Konfiqurasiya,BI — Wi-Fi + USB (şəbəkə portu yoxdur),1
Model,Dell UltraSharp U2520D,1
OS,Android,1
PoE,200 W; 2× PoE-bt (802.3bt) + 8× PoE af/at,1
Diaqonal,"23.8"" (60.5 sm) VA, 16:9, düz",1
Aylıq yük,30 000 səhifəyə qədər,1
Ölçü (H×D×W),44 × 260 × 440 mm,4
DWPD,0.5,3
Part Number,6H9B7AA,1
Dalğa uzunluğu,TX 1310nm / RX 1550nm (Tək lifli WDM),1
Ölçü,8.3 × 133.3 × 45 mm,4
Çəki,363 q,3
Hot-plug,Yes,7
Model,Dell Vostro 5620,1
Length of cord,6 m,1
Giriş diapazonu,120–300 VAC,1
On-die ECC,Var (DDR5),2
Rəsmi kod,MR.GTN42U610.01 + PRF63 (ön/arxa qapı 63% perforasiya),1
Portlar,48 × Gb RJ45 PoE,1
Model,GHP631,1
Ekran,"13.3"" WUXGA (1920×1200) IPS/UWVA, sensorlu, BrightView 300 nit",1
Wi-Fi Direct,Var,7
Form faktor,"Tower, 165 × 102 × 220.6 mm",1
Dairəvi LED,Var,3
Məsafə,500 m,1
"""USB-C Input/0utput",5 V=3A 9 V=2.22A 12 V=1.67A 20 W Max,1
EAN,0835514004141,1
Diaqonal,"27"" (68.6 sm) IPS, 16:9, düz",2
Tam ad,HPE BladeSystem c-Class 10Gb SFP+ SR Transceiver,1
RAM,4 GB onboard (genişlənməz),2
Model,Dell P2722HE,1
CPU,"8-core ARM (4× Cortex-A76 2.2 GHz + 4× Cortex-A55 1.8 GHz), Mali-G610, NPU 6 TOPS",1
Part Number,4P5P7AA,1
Giriş,"Hardwire, 230 V (176–288 V)",1
Rəng,Kosmik boz,11
MTBF,2 500 000 saat MTTF/MTBF; AFR 0.35%,2
İnterfeys,USB Type-C + USB-A adapter,1
Part Number,6H9B8AA,1
Mikrofon sayı,4,1
Yaddaş,128 GB,10
Part number,N6542_QLCVDT3710EMEA01_UBU,1
PoE,PoE çıxışı yoxdur (yalnız port 8 PoE-PD in),1
Giriş cərəyanı,1 A,1
Sürətli şarj texnologiyası,Power Delivery 3.0,2
Prosessor,"Intel Core Ultra 7 256 V (8 nüvə / 8 axın, 2.2–4.8 GHz, Arc 140 V, NPU 47 TOPS)",2
Çəki,"6,19 kq",2
Tip,DDR3 ValueRAM Desktop,1
İnterfeys,USB,10
Part Number,519T2AA,1
Çəki,1.53 kq,1
Batareya tipi,Lithium-Ion (Li-Ion),1
Bağlantı,HyperSpeed 2.4 GHz + Bluetooth (Xbox variantında USB-A),2
Tip,L2 Ethernet Switch (PoE+),3
Crest factor,3:1,5
Sertifikat,"CE, CB, UKCA, RCM, RoHS, REACH",1
Çəki / ölçülər,9.5 kq (20.94 lbs) | 808.4x231.6x569.3 mm,1
Klaviatura,"rəqəm bloku, Copilot düyməsi",2
Model,Lenovo Wireless Multi-Mode Pro Combo Keyboard and Mouse 6000,1
Ekran,"7"" planşet tipli rəngli toxunma paneli",2
Part number,21TF004QFW,1
Uyğunluq,SFP və SFP/SFP+ slotlu Fortinet sistemləri,2
Operativ yaddaş,16GB DDR5,7
Sertifikat,"CE, UKCA, FCC, VCCI, BSMI, RoHS",4
EAN,0196548062317,1
TBW,800 TB,1
Çəki,75 q with battery,2
Part number,A16KTEA,1
Yuvalar,2 × M.2 22110/2280 PCIe Gen2 x4 NVMe,1
Səs gücü,65 Vt,4
Part number,21QX00P0FW,1
Yaddaş,1 TB SSD | M.2 2280 | PCIe 4.0 | Opal 2.0,1
Oxuma / yazma,2047 / 1852 MB/s,1
Tip,"DDR5 UDIMM (AddGame Spider S5, alüminium heatsink)",2
Model,Dell USB-C to 2.5 q Ethernet Adapter,1
Part number,2EDGEREDUSB,1
Yaddaş,512 GB SSD | M.2 2280 | PCIe 4.0 | Opal 2.0,10
Rəng,Chromatic Edition,1
Oxuma / yazma,2000 / 2000 MB/s,3
Kommutasiya tutumu,10 Gbps Full Gigabit,1
Mikrofon,Boom / in-line,1
Portlar,24 × SFP · 4 × SFP+ · 4 × GbE combo,1
Panel,VA,1
Video,"4K@30/25 fps, 1080p/720p @30/25 fps",1
Bright,230 cd/m2,1
Tip,Ehtiyat qulaqlıq yastığı dəsti,1
Qidalanma,100–240 V AC; min 8.42 W; max 11 W,1
EAN,0199251514678,1
Part number,21RK00ADFW,1
Şarj,Wireless charging (WLC chrg),1
Korpus,"full-size, simmetrik, soft-touch",2
Seriya,Yandex ağıllı lampa (Wi-Fi),1
Max. enerji,70 W,1
Çəki,830 q,1
Portlar,"HDMI, DP, VGA, USB hub",1
Protective functions,water-repellent material,1
Zəmanət,Ömürlük,13
Tip,Ağıllı kolonka,45
Həcm,27 L,1
Gərginlik,1.35 V,2
Qeyd,DMO region P/N (NA/XE ekvivalent 006R04725); mənbə qiyməti 0,1
Model,HP LaserJet Pro MFP 3103fdw,1
Part number,345-BDRK,1
Equipment,microphone / User guide,1
Çəki,max. 1.90 kq,4
Part number,RZ02-03330500-R3M1,1
MTBF,2 500 000 saat; AFR 0.35%; UBER 1/10¹⁵,1
Model,Dell Broadcom 5720,1
Uyğunluq,"- PowerEdge R440, - PowerEdge R540, - PowerEdge R640, - PowerEdge R740, - PowerEdge R740XD",1
Model,GWN7003,1
Volume,0.0248 m³,1
PoE,port 1–16 ə 30 W · port 17–24 ə 60 W,1
Qrafika,NVIDIA GeForce RTX 5050 8GB,2
Part number,21Y56AA,1
Çəki,0.93 kq,1
En,101.6 mm,1
Topologiya,Double conversion On-Line,21
Type,Acoustic systems for PC,6
Random 4K,2200000 IOPS oxuma / 2200000 IOPS yazma,2
Part number,210-AZEG,1
Səs-küy azaldılması,Xeyr,1
DRAM keş,Yox — HMB (Host Memory Buffer) + SLC cache,1
Korpus,"1U rackmount, daxili AC",3
Dərinlik,172 mm,1
Klaviş,2,2
Sensor,Optical,1
DWPD,0.65,1
Ekran ölçüsü,"34.18""",1
Tip,Managed Layer 2 PoE+ Switch + AP Controller,1
Dimensions ( HxWxD ),170x140x345 mm,2
Yaddaş sürəti,3200 MT/s,1
Part number,7MD73A,1
Part number,MR.PRZ42U20XC13+4XC19.AMP.PDU,1
Xüsusiyyət,carabiner for keys / the handle is equipped with a metal rope in a plastic sheath rezin-plastik örtüklə / with built-in USB cable / file separator / the back of the b…,1
Xüsusiyyətlər,"Cırılmayan, suya davamlı və asan yapışan etiket lenti",1
Çəki,1.90 kq,1
Sensor,"Optical, 26000 DPI",2
Enerji mənbəyi,"AC, USB",1
Part number,9X3V1UT,1
Ekran,"10,5"" fırlanan sensor Full HD, 1920 × 1200",4
Port 2 qücü,25 W,1
Host interfeys,USB Type-A/USB Type-C,1
Batareya tutumu,4000 mAh,1
Seriya,Liebert GXT RT+,1
Tip,HyperX Vision S veb kamera,1
Model,YNDX-00544,1
Çəki,300 q,2
Part number,OS-Mobile-Cart,1
Tip,FortiFone mid-range IP masa telefonu (cari rəsmi model: FON-380B),1
Duplex çap,"Avtomatik, 21/20 ipm Letter/A4",1
Çözünürlük,1080p@60 Hz,1
Təhlükəsizlik,WPA/WPA2/WPA3 Personal; 802.1X və captive portal yoxdur,1
Keş,256 MB,10
Seriya,Apacer AH357,2
Seriya,Uno,5
Konnektor 1,RJ-45 (Kişi / Male),1
Part number,2E-BSSLMWGN,1
USB bağlantı,Bəli,2
Oxutma (keys ilə),24 h,1
Tip,Noutbuk çantası,3
Veb-kamera,HD (720p) veb-kamera,28
Forwarding,130.9 Mpps,1
Tip (buffered),Registered (RDIMM),3
Forma,Duo (stereo / iki qulaq),2
Tip,FortiSwitch 148F-POE — Layer 2 Secure Access PoE+,1
Şəbəkə portları,2 × 10/100BASE-T RJ-45 Ethernet (Switch),4
Görüntü imkanı,1920 × 1080 @ 240 Hz,1
Dimensions front speaker (HxWxD),18x8.2x9.6 cm (unit ölçüsü),1
Maximum load,120 kq (264 pounds),1
Güc,5.000 VA / 5.000 W (unity PF),2
Part number,FON-380,1
Layout,EN/RU,7
Tip,"FortiSwitch 108F-POE — Layer 2 Secure Access PoE+ kommutator, fanless",1
Model,HP LaserJet Pro MFP 4103fdn,1
Part number,BG7H9EA,1
Yaddaş,16 GB GDDR6,2
Dəst tərkibi,Simsiz erqonomik klaviatura və simsiz optik siçan (vahid USB Nano adapter vasitəsilə qoşulur),1
Tip,Səssiz mexanizmli simsiz optik siçan,1
A type,cleaning kit,2
Host interfeys,3.5 mm,1
Həcm,18 L,1
Standart,CE,7
Heatsink,Qara alüminium (UB = UDIMM Black),2
Ölçü,69.6 × 3.7 × 30 mm,1
Random oxuma (4KB),55500 IOPS,1
Parlaqlıq,400 nit,2
Tip,oyun qulaqlığı,4
Qidalanma,"PoE class 3, ~4.5 W",1
Material,Alüminium ərintisi,4
Giriş tezliyi,50 - 60 Hz,5
Model,MK410 Wireless Combo (2E-MK410MWB),1
Image Format,16:9,2
Contrast (static),1300:1,1
"Çap sürəti (rəng, ISO)",33 səh/dəq,3
Part number,400-ATIN,1
Part Number,4P5D4AA,1
Part number,21QUS5HX00,1
Forma,"3.5"" (hündürlük 26.1 mm)",18
Uyğunluq,Aruba 5xx / 6xx / 7xx seriyası enterprise AP,1
Adapter,65 W,1
Ekran,"14"", WUXGA 1920x1200, IPS, 500 nits, 60 Hz, Touch, Anti-glare, 100% sRGB",1
Part number,TS-473A-8 q,1
Ekran ölçüsü,"26.5""–27""",1
Tip,A/b lazer MFP (print / copy / scan / fax / e-poçt),1
Zəmanət,Limited lifetime (HPE Aruba),19
Prosessor,Intel Core 5 210H | 12MB cache,3
Əlaqə,"Ethernet 10/100, USB-B, USB-A, Wi-Fi 802.11 b/g/n, Wi-Fi Direct",4
Part number,A40R0ET,1
Tətbiq,enterprise video telephony,1
İşıqlandırma,16.8 milyon rəngli parlaq RGB işıqlandırma effektləri,1
Part number,7Y032EA,1
Number of channels,"2 pcs (ATV:100, DTV:800)",2
USB,1 × USB 3.2 Gen 1 + 1 × USB 2.0,1
Spikerfon,Akustik əks-səda ləğvi ilə tam dupleks hands-free spikerfon,1
Super Magnetism,"Our wireless charger stand features a built-in magnetic ring with super suction power. The magnetic charger supports standby mode, while the iPhone can be placed vertically or horizontally for charging. This makes it more convenient for you to watch videos or play games while charging",1
Qutuda,"Kamera, kabel, maqnit gizlilik örtüyü",1
Batareya,2000 mAh Li-ion,1
Çəki,57.6 q,1
Part number,C9FF4AT,1
Komponent,Server / workstation,23
Model,GRP2612 q,1
Seriya,GWN7800 Pro,3
Annual power consumption,60 kW,1
Ölçülər,19 × 40 × 9 mm,1
Model,YNDX-00025-BEIGE,1
Rəng / dizayn,D06 multicolor,1
Qapı,"Təkqanadlı şüşə qapı, silindr kilid, sağ/sol açılış",2
Model,Dell Pro Plus Earbuds EB525,1
Buffer,525 KB,4
Reliable and Security,"Built-in smart E-marker chip, UGREEN USB C Cable can increase charging speed by 80% and charging stability by 90%, providing a safer and more stable charging experience for you.",4
Tutum,Maks. 100 ədəd Fit AP və kommutator,1
Tip,USB-C hub monitor,1
Ekran,5 düym (640 × 480 piksel) 24-bit rəngli VGA TFT LCD,1
Model,GHP620,1
Çəki,~300–310 q,1
Bypass,Daxili avtomatik + 63 A maintenance bypass,1
TV Type,DLED televizor,1
Çəki,1.1 q,1
Volume,0.0071 m³,1
Buffer tipi,Unregistered (unbuffered),2
EAN,0196188736920,1
Funksiyalar,Yalnız çap,11
Şəbəkə,"Wi-Fi 7, BT 5.4",1
Power consumption,24 W,2
Dolby,Dolby Vision,4
Part number,TS-H1677AXU-RP-R7-32 q,1
Part number,870753-B21,1
Tip,optik mexaniki oyun klaviaturası,3
İşıqlandırma,RGB,18
Tip,"10GE SFP+ passive DAC kabel, 1 m",1
Ölçü,66.8 × 124.3 × 38.2 mm,3
İnteqrasiya,"EcoStruxure IT, web UI, event/data log",1
Ölçü,128.5 × 79.4 × 20.2 mm,2
Inteqrasiya olunmuş qrafika,Yox,2
EAN,4549821495344,1
Qatlama sayı,4,2
Giriş qabı,650 Vərəq,1
Məsafə,100 m,3
Model,8GB 2Rx4 PC3-12800R-11-13-E2,1
Əlavə xüsusiyyətlər,Lenovo USB-C to USB-C Cable 1 m,1
Şəbəkə kartı,Yoxdur (E SKU; IntelliSlot boş — RDU101/RDU120 ayrı satılır),1
For laptop,"✔️ 15,6-17”",1
Model,CM104,1
EAN,0196188046074,1
Part number,7MD71A,1
NAND,3D TLC,17
Seriya,Apacer AC732,3
Görüntü imkanı,2560 × 1440 @ 180 Hz,1
Terminallar,Faston (F2 / T2 tipik),1
Part number,RZ01-05240100-R3G1,1
Zəmanət,1 il (EnGenius),2
Part number,DTKN/256GB,1
Topologiya,Line-Interactive,2
Maks. adapter,130 W,1
Part number,FS-124F,1
Model,DP735,1
Tezlik,10–2300 Hz,1
Şəbəkə,2 × 2.5GbE,2
Part number,B11W6AT,1
Storage,"M.2 2242 SSD 30 GB + 1 × 2.5"" SATA yuva",1
Part number,FS-124F-POE,1
Portlar,8 × 10GbE SFP+ + 4 × 10GbE SFP+/RJ45 Combo,1
EAN,0196188043134,1
Additional external,✔️ quick access zipper pocket,2
PoE / qidalanma,IEEE 802.3bt PoE++ və ya DC 12 V / 3 A; max 22.5 W,1
Portlar,22 × GE RJ45 + 4 × GE SFP + 2 × 10 q SFP+ FortiLink (100F ilə eyni portlar),1
Ölçülər,"450 × 400 mm, 3 mm qalınlıq",1
Bağlantı,2.4 GHz USB receiver,2
IPsec VPN (512 byte),3.5 Gbps,2
Çəki,310 q,1
Ekran,TFT (Uno ifadələr + qalan enerji),1
Düymə,6,17
Nüvə / axın,12 nüvə / 24 axın (HT),1
Qorunma dərəcəsi,"IP68 (Tam suya, qara və toza davamlı hermetik korpus), 6 kV ildırım qorunması",1
Part number,UPS203R6RT2N035,1
Forma,"3.5""",5
480Mbps Data Transfer Rate,"As a USB C data cable, its data transfer rate is up to 480Mbps between phone and laptop. Note: This USB 2.0 cable doesn't support video output.",4
Ölçü,331 × 215 × 188 mm; çəki 4.1 kq,1
Model,YNDX-00051-COPPER,1
Ölçülər,385 × 109 × 125 mm,2
Ekran,3.5 düym (396 × 162 piksel) arxadan ağ işıqlandırılan qrafik monoxrom LCD,4
Resistance,4 Om,6
OS,Windows 11,3
Güc,5 W,1
Mühafizə,IP55 xarici,1
Part Number,7G8F5AA,1
Part number,725H0EA,1
Çəki,80 q,2
Part number,2Z611A,1
Part number,872475-B21,1
Total rated capacity,6 V (2x3 Vt),1
Zəmanət,18 ay,139
Rəng,Navy blue,1
Sensor,ambient light,1
Portlar,"2× HDMI, 1× DisplayPort",1
Texnologiyalar,ChannelFly · SmartMesh · PD-MRC · OFDMA / MU-MIMO,2
Yaddaş,"DDR4-3200, 8 kanal",2
Tip,4-bay tower NAS,4
Detal,holografik wordmark,1
Rəng,Ash Pink,1
Model,AV143,1
EAN,0196188043127,1
Part number,RZ01-04630100-R3G1,1
Model,Dell Wired Headset WH3024,1
Saxlama zolaqları,x16 tri-mode (NVMe / SAS 12 q / SATA),1
Korpus,"19"" 1U rackmount, daxili PSU",8
Güc,3000 VA / 2700 W (PF 0.9),1
DRAM keş,External DDR4 @2666,2
Ömür dövrləri,3.000+ (80% tutuma qədər),4
Qidalanma,100–240 V AC; min 25.99 W; max PoE-siz 36.61 W; max PoE ilə 463.5 W,1
Part number,5HH67A,1
Çəki,5.2 kq,1
Model,CM564,1
Əlavə xüsusiyyətlər,ThinkPad Bluetooth Presenter Mouse,1
Cavab müddəti,0.03 ms (GtG),1
Xətlər,2 line keys (dual-color LED),1
En,219.2 mm,7
Layout,1 x 32 GB,4
Part number,AP64GAH180R-1,1
Part number,JL682A,1
Min. ekran,"11.9 cm (4.7"")",2
Konnektor 2,HDMI,3
Busy light,inteqrə,1
Ölçü (H×W×L),44 × 432 × 254 mm,6
Qulaqlıq çıxışı,Bəli,1
Ölçü,"171,2 × 102,1 × 9,9 sm",1
Tip,"FortiSwitch 108F — Layer 2 Secure Access kommutator, fanless desktop",1
Dalğa forması,Sinusoidal (Pure Sine Wave),1
Çəki,397 q (hub olmadan),1
Tip,M.2 NVMe SSD (PS5 genişləndirmə),3
USB,"1 × Type-A 2,4 A",1
Batareya,"24 V / 7,0 Ah",1
Oxuma / yazma,200 / 100 MB/s,2
Part Number,4P4F9AA,1
Part number,CF413A,1
Portlar,"AUX OUT, qida",7
AC çıxış gücü,2.400 W (ümumi),1
Radio / sürət,574 + 1201 + 2402 Mbps (2.4/5/6 GHz); dual 5 GHz rejimi,1
Çəki,10.1 kq,1
Tip,Avtomobil şarjı,1
"Çap sürəti (rəng, ISO)",9 səh/dəq,1
Part number,50H55AA,1
Maks. məsafə,100 m,1
Prosessor,600 MHz; 128 MB RAM; PDL: GDI,3
Səs,7.1 Surround,8
Növ,"Kabel-siz (cable-free) portativ SSD, 3D NAND, SLC Cache",1
EAN,190017593111,1
Part number,210-AVBF,1
Çəki,420 q,3
Konnektor 1,USB 2.0 Type-A (Male),1
Ayırdetmə dəqiqliyi,1920 × 1080 Full HD @ 60 Hz,1
Çəki / ölçülər,Starting at 1.63 kq (3.59 lbs),7
Çəki,990 q,1
Part number,4Y50X88822,1
Part number,SKC600/2048 q,1
İlk səhifə,5.2 san,1
DWPD,0.4,1
HDCP,Bəli,4
Qrafika,Intel Arc / Intel Graphics (inteqrasiya olunmuş),14
Equipment,USB-receiver / batteries 2xAAA / manual / keyboard,1
Protection,from power surges,1
Çəki,0.21 kq,2
Ekran,"16"" WUXGA (1920×1200) IPS/UWVA",3
Çəki,0.10 kq,4
Part number,MG09ACA18TE,1
Wi-Fi,"Wi-Fi 6 (802.11ax), dual-band concurrent",10
En,214.9 mm,3
Ethernet,2 × 10/100 PoE,1
Çəki,1.00 kq,1
Part number,3025V_NI,1
Runtime (full/half),"~1 dəq @1.200 W / ~8,5 dəq @600 W",1
Model,GXP2200EXT,1
Model,Dell 14 Plus 2-in-1 DB04250,2
Typical recharge time (up to 90%),3 h,2
Relative humidity,20 - 90%,5
Part Number,4P5P8AA,1
Model,CP-7962 q (Hardware V15),1
Part number,RZ03-05450100-R3M1,1
Akselerasiya,"SoC4 Secure SD-WAN ASIC, 1U, dual AC (non-hot-swap)",2
SLC cache,pSLC 6-8GB,1
Həssaslıq,-8,1
PSU,EU,1
OS Compatibility,Windows / Mac OS / Linux,2
Şarj,AAA,3
Port 2 output current,2.4 A,1
Ekran,"16.0"" FHD+ (1920×1200)",4
Seriya,Razer Pro Click V3/V2,1
Part number,J9281D,1
Çıxış (9 V),2.22 A,3
Part number,4X41U80414,1
Xüsusiyyət,Plug and Play / Low buttons profile,1
Portlar,2x HDMI; 1x VGA,2
Qidalanma,100–240 V AC; min 25.99 W; max PoE ilə 463.5 W,1
Ekran,"14"" WUXGA (1920×1200) IPS/UWVA, BrightView 250 nit",1
Forwarding,Store-and-Forward,1
Uplink,2 × 1 q/10 q SFP+,1
Rəng,green,3
Həssaslıq,105 dB +/- 3 dB,1
HDR,Bəli,5
Part number,2E-HG350BK-7.1,1
Matris tipi,VA LED (Antiglare with 3H hardness),1
PoE,IEEE 802.3af/at · Büdcə: 410 W,1
Sürücü,TriForce Bio-Cellulose 50 mm Gen-2,2
Seriya,UGREEN Revodok,2
ADF,Yox,3
Part number,RZ02-04920100-R3M1,1
Ümumi güc,100 W,8
Yaddaş,512GB PCIe Gen4 SSD,11
EAN,0196188049488,1
Ölçülər,"131.8*66*16.5 mm""",1
Uyğunluq,HPE ProLiant DL380 Gen10 Plus,1
VESA Wall Mount,100x100,3
Uyğunluq,"Xerox B305, B310, B315",1
Çəki,2.72 kq,1
Model,YNDX-00055-BEIGE,1
Qida,60 W adapter (12 V),1
Tip,ofis/simsiz klaviatura,1
Outlets with a reserve,3 pcs SCHUKO,2
Çəki,3.1 q,1
Model,YNDX-00522,1
Part number,4X40T84059,1
Model,Dell Pro 16 Plus PB16250,2
Portlar,"10 × GE RJ45 (port 1–5 LAN, A/B FortiLink, DMZ, WAN1, WAN2)",1
Konfiqurasiya,12 V × 16 ədəd (nominal ~192 Vdc sinif),1
Video imkanı,H.264 video kodek dəstəyi (USB Cisco Unified Video Camera ilə 640×480 @ 30fps),2
Connection type,USB-C,2
RAID nəzarətçi,PERC H755 SAS front,1
Part number,C9FF1AT,1
RAID,"Hardware RAID 0/1/5/10, RAID 5+Spare, JBOD, Single",1
Model,Alienware AW3423DW,1
Connection,wireless,7
Power Supply,2xAAA,3
LAN,1 × RJ-45 10/100/1000/2500 (2.5GbE),5
Prosessor,"Intel Core Ultra 7 255H (16 nüvə / 16 axın, 2.0–5.1 GHz, 24 MB keş, 28 W, Arc qrafika)",4
Antenna,"xarici (komplektdə), 2.4 GHz 4 dBi / 5 GHz 5 dBi",1
Volume,0.0014 m³,1
Oxuma/yazma,native 400 MB/s; sıxılmış 1000 MB/s (full-height drive),1
Rəng / dizayn,D08 multicolor,1
Uyğunluq,Windows; Xbox; PlayStation 5; NGENUITY,1
Model,OS Mobile Cart,1
Part number,2E-CBN413BK,1
Çəki,3.76 kq,2
Ekran,"14"" WUXGA (1920×1200) IPS/UWVA 300 nit",2
Part number,ST4000NM024B,1
Konnektor,LC duplex,10
Daxil edilən,Rail Kit + External Battery Pack,1
Radio,2×2 tri-band: 2.4 / 5 / 6 GHz,1
EAN,4549821214136,1
Model,GWN7660ELR,1
Brend,UGREEN,2
Çıxış,5 V / 0.6A,1
Protokollar,SCCP və SIP dəstəyi (Cisco CUCM / CallManager / CME),1
Tip,"USB RGB mikrofon (QuadCast S, ağ)",1
Rank,1,2
İş prinsipi,DTSPB231XL-CD20 (TX1270/RX1330) modulu ilə cüt istifadə olunur.,1
Model,MSR810-LM-EA,1
Tip,"Layer 2+ Managed Gigabit PoE+ kommutator, NebulaFlex Pro (cloud / controller / standalone)",1
IPS,800 Mbps,2
Çəki,46.2 q,2
Maks. güc,20 W,9
Eyni anda TCP sessiyalar,720 000,4
Part number,1H850AA,1
Montaj,"Şkafın üst (tavan) paneli: GT, WTE, WTO, SOHO, WTN / WTC",1
Uyğunluq,"Xerox VersaLink C415, Xerox C410 (C425 ilə eyni supplies ailəsi)",1
Towards,business style / for travel,4
Enerji mənbəyi,AC,27
Kağız çəkisi,60 - 300 q/m²,7
CPU,Annapurna Labs Alpine AL524 4-core 2.0 GHz,1
Model,BVX1200LI-GR,1
"Internal compartments 2.5""",2 (3),2
Seriya,Evolve2 65,2
Part number,QM2-2P-244A,1
Çəki,2.59 kq (stend ilə) / 2.26 kq (stendsiz),1
Format,60% (61 düymə),4
Maks. data sürəti,1000 Mbit/s,3
Part number,Y0F71A,1
Günəş paneli girişi,"1.200 W Max., 12–145 VDC, 15 A",1
ADF sürəti (a/q),120 ppm,1
Yük,198 lb / ~90 kq,1
Əlaqə,"Ethernet 10/100, USB-A, USB-B, Wi-Fi 802.11 b/g/n, Wi-Fi Direct",1
PoE / qidalanma,IEEE 802.3af PoE; max 12.6 W,2
Uplink,4 × GE SFP,5
Wi-Fi,Wi-Fi 6 (2.4 + 5 GHz),2
Part number,2E-PCS234BK,1
Dimensions ( HxWxD ),468 x 840 x 225,1
Dönmə,5400 rpm (AgileSpin),1
Model,Dell PowerEdge R550,2
Kartric sayı,2,3
Nominal tutum,6250mAh (TYP 5 V 3A),1
Sürət,100 Gbps,2
Jumbo frame,9K,2
Oxuma / yazma,550 / 520 MB/s,3
Part number,2E-GC-BAS-BKRD,1
Part number,6N4D6AA,1
Part number,872477-B21,1
Şarj cərəyanı,1 A (default),1
Faks,Standart (MH/MR/MMR/JBIG),1
Çıxış (9 V),3 A,4
Tip,Simsiz erqonomik optik siçan,1
İnterfeys,SATA 6.0 / 3.0 / 1.5 Gbit/s,2
Qidalanma,100–240 V AC; max istehlak 31.9 W,1
Model,6699-833-309,1
Combo,2 × GE Combo,1
Diagonal Size,"43 "" / 109 cm",1
Zəmanət,5 il (addlink limited),1
EAN,0199251514654,1
Maks. sürət,4.8 Gbps (5 GHz) + 575 Mbps (2.4 GHz),1
The angle of downward inclination,40 °,6
Ölçülər (stend ilə),504.26 × 171 × 384.17 mm,1
Part number,AP64GAH357U-1,1
Inputs,USB-C funksiya dəstəyi ilə Quick Charge / AUX,1
Kamera,Kamera + mikrofon,1
Model,YNDX-00053E,1
Part number,240J7AA,1
Uyğunluq,FortiGate E/F/G series desktop; SP-RackTray-01 ilə geriyə uyğun,1
Xətlər,6 line,1
Güc,100 W PD,1
Batareya / adapter,"64 Wh, 4 cell, 65 W adapter",7
Tutum,4 TB,9
Daxil edilən,Extended Runtime Battery Pack + Rail Kit,1
Səs,"7.1 Surround (PC, aktivasiya kodu)",1
Zigbee,Yox,37
Yuvalar,2 × M.2 22110/2280 PCIe Gen3 x4 NVMe,2
Tip,Server prosessoru (tray / customer kit),2
Model,GHP610,1
Video,4K@144 Hz; max 8K@60 Hz,1
Çəki,0.87 kq,1
Noise level,50 dB,2
Model,Dell PowerEdge R350,3
Part number,SNV3S/1000 q,1
Tip,"Naqilli oyun qulaqlığı (CloudX Stinger 3, Xbox licensed)",1
Tezlik diapazonu,120–16 000 Hz,11
Indikator,Volt və amper göstərici,2
Random oxuma (4KB),65000 IOPS,1
Additionally,Hands-free / EXTRA BASS / Stereo DSP expansion technology / IPX7 waterproof rating / Soft-Touch coating / 360 ° surround sound / Party Mode technology,1
Part number,12SC0048RU,1
Tip,Ultra kəskin monitor,1
Model,GRP2670,1
PSU,"100 W, 100–240 V",1
Əlavə xüsusiyyətlər,Lenovo HDMI to HDMI Cable,1
Model,HP 410A Black Original LaserJet Toner Cartridge,1
Ölçülər (stend ilə),567.7 × 185 × 382.9 mm,1
Ölçü,21 × 67.3 × 10.1 mm,1
Platforma CPU,1 × Intel Xeon E-2300 (maks. 8 nüvə) və ya Pentium,3
Seriya,UGREEN Nexode Pro,1
EAN,4549821122486,1
"Çap sürəti (rəng, ISO)",27 səh/dəq,1
Ölçü,7.66 × 133.3 × 39.2 mm,4
Linux,Bəli,4
Sürücü,50 mm,7
ISE,Bəli,10
Kommutasiya tutumu,1.6 Gbps,1
CPU,Annapurna Labs Alpine AL324 Cortex-A57 4-core 1.7 GHz,5
Ölçülər,141 × 141 × 231 mm,4
Part number,B11W5AT,1
Maks. məsafə,70 m,1
Intentional impedance,32 Om,1
Part number,RZ04-04430100-R3M1,1
Random 4K,1000000 IOPS oxuma / 1000000 IOPS yazma,1
PoE,"370 W, IEEE 802.3af/at, port 1–24",1
Part number,RZ01-03730100-R3G1,1
TBW,400 TB,1
HDR,DisplayHDR 600,5
Seriya,Xerox WorkCentre 3025NI,1
Prosessor,"Intel Core Ultra 5 225U (12 nüvə / 14 axın, 1.5–4.8 GHz, 12 MB keş, 15 W, NPU 12 TOPS)",5
DPI,1600,9
Ümumi güc,30 W ikiistiqamətli,2
Seriya,Ultron HPH Gen.2,2
Uyğunluq,"DYMO LabelManager (160, 210D, 280, 360D, 420P, PnP, Wireless), LabelPoint, LabelWriter 450 Duo.",1
Adapter gücü,65 W,2
Aylıq yük,20000 səh/ay,6
Dupleks,Yox,4
Model,YNDX-00028GRY,1
Daxili yaddaş,Yoxdur,3
Compatibility with fasteners VESA,75x75 mm / 100x100 mm adapterlə 200x100,1
Part Number,4P4F5AX,1
Non-blocking throughput,120 Gbps,1
Rəng,Magenta,3
CAS latency,CL22,9
Çəki,368 q,1
Part number,CT7V9EA,1
Model,GRP2612 W,1
Kontrast,5000:1,5
Hündürlük,50.9 mm,1
Yaddaş,512GB PCIe 2280 NVMe SSD,2
Part Number,727A5AA,1
Tutum,32 GB,11
Xüsusiyyət,Moisture-proof housing / Plug and Play / 12 media keys,1
Seq. oxuma/yazma,B100P rəsmi broşura (480/960 GB): 4000–5000 / 300–700 MB/s; 1920 GB üçün tutuma xas cədvəl dərc olunmayıb,1
Connector,USB Type-C və USB Type-A,3
Qidalanma,CR1632 batareya,1
Montaj,Tavan / divar,11
EAN,0197029008220,1
Volume,0.0013 m³,1
İmpedans,32 Ω,7
Model,Lenovo Go Wireless Mobile Power Bank (10000mAh),1
Maks. güc cərəyanı (Imp),"9,2 A",1
Əlavə xüsusiyyətlər,"Barmaq izi oxuyucu; İşıqlı klaviatura; 5MP kamera + IR; SSD Opal şifrələmə; Korpus: Models with black cover: PC + 20% CF (top), PC + 20% CF (bottom)",1
Xətlər / SIP,14 line keys · 16 SIP accounts,1
Kart oxuyucu,SD + microSD (TF),2
Montaj,VESA 100 × 100 mm,4
EAN,0196548062119,1
Portlar,"6× 10/100 Mbps RJ45 port (4 ədəd PoE+ port, 2 ədəd Uplink port)",1
EAN,0196188048948,1
Part number,BZ2X1EA,1
İş temperaturu,tipik -15°C ~ +50°C,4
Material,"1.2 mm soyuq yayılmış polad, toz boya",2
Max. Output Power,650 VA,1
Şəbəkə (bu konfiq),Dual Port 1 GbE + OCP 3.0,1
Platforma CPU,2 × 3-cü nəsil Intel Xeon Scalable (soket başına maks. 32 nüvə),1
Qida,"5 V, maks. 0,9 A, orta 2 W",1
Brend,Grandstream,1
Çəki,0.96 kq,1
Part number,ECS1552,1
Batareya,"4-hüceyrəli, 54 Wh",2
Seriya,Razer Pro Glide XXL,1
Uyğunluq,Xerox VersaLink B415 (B420 ilə eyni supplies ailəsi),1
Port sayı,6,2
Format,Full-size (114 düymə),1
Bağlantı,USB,29
Volume,0.0097 m³,1
Səs,7.1 Surround (Windows 10+),1
Daşıma,Geri çəkilən tutacaqlar + çıxarılan neopren çiyin kəməri,1
Məsafə,300 m,4
Windows,"Windows 7, Windows 7 Enterprise, Windows 7 Enterprise x64, Windows 7 Home Basic, Windows 7 Home Basic x64, Windows 7 Home Premium, Windows 7 Home Premium x64, Windows 7 Professional, Windows 7 Professional x64, Windows 7 Starter, Windows 7 Starter x64, Windows 7 Ultimate, Windows 7 Ultimate x64, Windows 8, Windows 8 Enterprise, Windows 8 Enterprise x64, Windows 8 Pro, Windows 8 Pro x64, Windows 8 x64, Windows Vista, Windows Vista Business, Windows Vista Business x64, Windows Vista Enterprise, Windows Vista Enterprise x64, Windows Vista Home Basic, Windows Vista Home Basic x64, Windows Vista Home Premium, Windows Vista Home Premium x64, Windows Vista Ultimate, Windows Vista Ultimate x64, Windows XP Home, Windows XP Home x64, Windows XP Professional",1
Part number,2E-PCS101BK,1
İnterfeys,USB 2.0,3
Seq. oxuma/yazma,"7200 / 6500 MB/s (rəsmi S95 datasheet, 4 TB)",1
A type,monitor mount,6
Model,CP-7841-K9 (Hardware V09),1
Bluetooth,5.1,1
Ölçülər,85.4 × 86.8 × 117.7 mm,1
Zəmanət,1 il on-site (Xerox),2
Montaj,Tavan/divar klip dəstdə; flush sleeve R6P90A ayrıca,1
Korpus,Möhkəm metal üst panel və dözümlü ABS plastik keykaplar,1
Barkod,694743649444,1
Polling,1000 Hz (8000 Hz dongle ayrı satılır),2
EAN,5415247131526,1
Type,wired,1
Təzyiq,4000 kq,3
Əlavə xüsusiyyətlər,"Dolby Audio/Atmos; Korpus: Aluminium (top), PC-ABS (bottom)",1
Portlar,"VGA, HDMI, DP",1
Part Number,4P4F6AX,1
Part number,R9Y04A,1
Ölçülər,110 × 110 × 114 mm (hər modul),1
Uyğunluq,"Xerox VersaLink C415, Xerox C410",3
Portlar,"USB-C PD 3.0, 65 W",1
Tutum,10 500 səh (ISO/IEC 19798),1
Power Supply,5 V DC,1
Çəki,1.07 kq,2
EAN,0197029008213,1
Part number,2E-MF300WPETSYW,1
Part number,21SX004UFW,1
Bağlantı,HyperSpeed 2.4 GHz + BT 5.3 (eyni anda) + USB-A + 3.5 mm,1
Part number,R8N85A,1
Səmərəlilik,"On-Line 91%, ECO 96%",1
Giriş bağlantısı,Hard wire 3-wire (1PH+N+G) və ya 5-wire (3PH+N+G),1
Model,14101-45,1
Uyğunluq,"PS5, PS4",1
Disk interfeysi,"Serial ATA, Serial ATA II, Serial ATA III",1
Part number,2E-MF300WFLORAYW,1
Əvəzedici batareya,APCRBC110,1
Ölçü / çəki,"267 × 162 × 42 mm, 1.5 kq",1
Tutum,7 000 səh (ISO/IEC 19798),3
Part number,EWS7928FP-FIT,1
Material,Rubber Non-slip,1
Çəki,1.39 kq,1
Rank,2Rx4 (Dual Rank),4
Model,YNDX-00028ORG,1
Tətbiq,"UPS, siqnalizasiya, ehtiyat qidalanma",4
TBW,640 TB,1
Tezlik,20–20000 Hz,10
Model,HP Color Laser MFP 179fnw,1
İnterfeys,"Network port, COM port, LED indikatorlar",1
Part number,21US0011FW,1
Konfiqurasiya,2048 m x 64,5
Zəmanət,1 il (Dell Customer Install kit),6
Form faktor,"3U rack, 131.3 × 482.2 × 550.8 mm",1
Tip,FortiSwitch 224D-FPOE — Layer 2/3 Secure Access Full PoE+,1
Tip,Rəngli lazer MFP (print / copy / scan / fax),2
USB-A 3.0 port sayı,2,2
Part number,A08JTAA,1
"Çap sürəti (rəng, ISO)",25 səh/dəq,3
MAC cədvəli,4K,2
Part number,210-BPPK,1
Host port,8,1
Rəng,Qara-yaşıl,1
Model,4GB PC3-10600 DDR3 1333MHz DIMM,1
Tutum,18 TB native / 45 TB sıxılmış (2.5:1) — kartric başına,1
Type,Wireless keyboard with mouse,2
Portlar,"1x USB-A (USB 5Gbps); 1x USB-A (USB 10Gbps), Always On; 2x Thunderbolt 4, with USB PD 45-65 W and DisplayPort 2.1; 1x HDMI 2.1, up to 4K/60 Hz; 1x Headphone / microphone combo jack (3.5 mm); 1x Ethernet (RJ-45); Touch style fingerprint reader integrated in power button, match-on-chip; No fingerprint reader; Certificate-based BIOS authentication; FIDO (Fast Identity Online) authentication",2
Seriya,addlink G55,2
Tip,2-xətli klassik IP telefon,1
Part number,R6P90A,1
Qeyd,DMO region P/N (NA/XE ekvivalent 006R04384),1
Model,Dell Pro 14 Premium PA14250,2
Kağız çəkisi,60 - 163 q/m²,10
Komplekt,Yığılı; perforasiyalı ön/arxa qapı,2
Disk yuvaları,"Maks. 8 × 2.5"" və ya 4 × 3.5"" SAS/SATA",1
Ethernet,1 × 2.5GbE + 1 × 1GbE,1
Part number,RZ02-03810100-R3M1,1
Davamlı ötürmə,"269 MB/s / 257 MiB/s (davamlı, 12–18 TB sinfi)",1
Part number,4X41M69796,1
Rəng,Boz,23
Ekran,"6,86 cm (2.7"")",1
Ölçülər,"Ø 90 × 26,5 mm",1
EAN,0190017503943,1
Çəki,249.5 q,1
Cable types supported,"Cat5e, Cat6",1
Standart,"10GBASE-SR, LC duplex, MMF, 850 nm",1
Battery charge time (AC),3 h,1
Sürətli şarj texnologiyası,"GaN, Quick Charge 4",1
Çəki,0.61 kq,1
Cavab müddəti,1 ms,3
Screen resolution,Full HD (1920x1080),1
Model,YNDX-00054ORG,1
Qrafika,RTX 1000 Ada 6GB,1
Qoşulma,"Wi-Fi bağlantısı, 70mai tətbiqi vasitəsilə videolara dərhal baxış və telefona yükləmə",1
DWPD,0.43,2
Tutum,2 TB,15
Part number,RZ04-05400100-R3M1,1
Panel,VA əyri,1
Part number,865408-B21,1
Batareya,70 saata qədər (2.4 GHz),2
Ekran,"15.3"", 2.8K 2880x1800, OLED, 1100 nits, 120 Hz, Touch, 100% DCI-P3",1
Kommutasiya tutumu,1.2 Gbps,1
OS,"Windows 10/11, Ubuntu, RHEL, ChromeOS",1
Qoruma,"Targus SafePort sling (düşmə), shock/scratch/water resistant",1
Part number,RZ19-05050300-R3M1,1
Part number,JL812A,1
Portlar,"1× HDMI, 1× DisplayPort",1
Güc,75 W,1
Bağlantı,2.4 GHz + Bluetooth + USB-A + 3.5 mm (1.5 m),1
Çəki,82 q (AA ilə ~110 q),1
Portlar,48 × GE RJ45 PoE+ + 4 × 10GE SFP+ (1GE SFP uyğun) + mgmt + konsol,1
Qablaşdırmada,Akaso Brave 4 Pro x1 / Battery x2 / Charging Case x1 / Waterproof Case x1 / Remote Control x1 / Mount x9 / USB Cable x1 / Lens Cloth x1 / Bandage x1 / Protective Backdoor x1 / Tethers x5 / Quick Start Guide x1,1
Bağlantı,2.4 GHz Simsiz (USB Nano Adapter ilə),1
Part number,RZ06-05540100-R3M1,1
Prosessor,"Intel Core Ultra 7 255U | 12C(2P+8E+2LPE)/14T, turbo 5.2 GHz",3
Radio,2×2:2 dual-band 802.11ax,1
Part number,21Q6001PRT,1
Diaqonal,"55""",1
Model,HP M27 m Conf,1
NPU,6 TOPS (AI),3
Tip,FortiGate 80F — desktop NGFW + SD-WAN,1
Daxil edilən,Battery kit (batareyaya hazır),2
Təyinat,Cihazın ön panelindəki USB konsol portu vasitəsilə terminal konfiqurasiyası.,1
Part number,RZ38-05310100-R3G1,1
Part Number,8R2E6AA,1
Çəki,6.20 kq,1
Daşıma,Maqnitli dəri tutacaqlar + tənzimlənən çiyin kəməri,1
İnterfeys,PCIe 4.0 NVMe x4,9
Model,"Dell Targus Executive Topload 14""",1
"Çap sürəti (rəng, draft)",39 səh/dəq,1
Part number,BBU161B107035,1
Düymə sayı,3 düymə + sürüşdürmə çarxı (Scroll Wheel),1
Part Number,IS-UNITY-SNMP,1
Part number,RZ01-05140100-R3G1,1
Standartlar,"EN62040-1, EN62040-2 Class C2, CE",2
Dəstəklənən çözünürlük,"1920 x 1080 (HD 1080), 3840 x 2160",3
Şəbəkə,"Wi-Fi 6E, BT 5.3",4
Oxuma / yazma,14800 / 14000 MB/s,1
Portlar,24 × 10/100/1000 Mbps GbE PoE+,2
Max. Output Power,3000 VA,1
Xüsusiyyətlər,Anti-scratch daxili; suya/kirə davamlı altlıq,1
Barkod,8885021371658,1
EAN,0197029008237,1
Seriya,Xerox Genuine Supplies,15
RAM,8 GB DDR5,2
Model,LP258,1
İdarəetmə,iDRAC9,2
Ölçü / çəki,"129.5 × 80.8 × 16.1 mm, 185 q",4
Tip,Inkjet MFP,8
Radio radius,10 m,24
Working surface,One-sided,4
Tip,SFP+ DAC kabel,2
Ethernet,1 × GbE Smart Rate,1
Güc,1.000 VA / 600 W,1
Model,GWN7062E,1
Ölçülər,39 × 9 × 29 cm,1
Prosessor,Intel Core Ultra 7 255H | P-core 5.10 GHz,4
Part number,6V2J7AA,1
ECC,No,1
Model,YNDX-00531,1
For accessories,✔️,7
Konektor,SFP28 ↔ SFP28,2
Part number,470-AAVJ,1
Part number,2E-KS270WBGR_UA,1
İdarəetmə,FitXpress (cloud) / FitController / standalone,4
Qoruma,"Over current, Over voltage",1
Spare P/N,P23971-001,1
Ötürmə,7.44 Mpps,1
İnterfeys,SAS,11
Tip,Premium wireless stereo headset + charging stand,1
Non-blocking,12.5 Gbps,1
Ölçü,411.2 × 394.1 × 344.4 mm; çəki 19.4 kq,1
Bağlantı,"RJ-45 10/100, Serial, USB, SmartSlot",1
Model,HP EliteBook 840 G11 14,2
Model,Dell 480 GB RI SSD,3
Portlar,5× 10/100/1000 Mbps Gigabit RJ45 port (1–4 portlar PoE+ dəstəkli),1
Part number,RZ05-04760100-R3G1,1
Xüsusiyyətlər,"Tənzimlənən 2 mövqeli altlıq, divara montaj dəstəyi, çoxdilli menyu",1
Çəki,35.2 q,2
Yaddaş yuvaları,"32 × DIMM DDR4, maks. 4 TB",1
Görüntü imkanı,1920 × 1200 (16:10) @ 100 Hz,1
Ölçülər,46.65 × 285 × 236.6 mm,1
Model,KVR16E11/4 (4GB 2Rx8 PC3-12800E-11-12-E3),1
CAS Gecikməsi,CL9,3
Prosessor,Intel Core Ultra 7 258 V,1
Part number,13QH003UGW,1
Anten,3 dual-band daxili PIFA (2.4 GHz 4.5 dBi / 5 GHz 5.5 dBi) + BLE 4.0 dBi,1
Zənglər və Mikrofonlar,"4 ədəd daxili mikrofon və süni intellektli (AI) ENC küyboğma sistemi (ətraf səs-küyünü 50% azaldır, insan səsini 150% aydınlaşdırır)",1
Daxili Mini-SAS,8,4
Kabel girişi,Alt sürüşən 300×200 mm rezin; tavan 140×70 mm PVC,1
Ekran,"7"" 1280×800 capacitive touch",1
Əlavə xüsusiyyətlər,ThinkPad Thunderbolt 5 Smart Dock 7500; Thunderbolt 5; 265 W adapter (EU/INA/VIE/ROK),1
Səmərəlilik,"On-Line 95%, Active ECO 98%-ə qədər",2
Cihaz tipi,Mobile phone/Smartphone,3
Brend,Generic / OEM (Server RAM),3
Tip,DDR5 SO-DIMM (AddGame Spider N5),2
ADF,200 Vərəq,1
Portlar,16 × Gigabit Ethernet PoE/PoE+,2
Vertikal,Bəli,1
Bağlantı,HyperSpeed 2.4 GHz,2
Host interfeys,PCI,1
Uplink,2 × GE SFP,3
Signal to noise ratio,76 dB,1
Model,HP NVIDIA RTX 4000 Ada 20GB,1
Portlar,8 × GE RJ45 + 2 × RJ45/SFP shared WAN + USB + konsol,1
Tip,Naqilli qulaqici oyun qulaqlığı,2
Portlar,"RJ-9 qulaqlıq yuvası, EHS (Electronic Hookswitch) dəstəyi",1
Speed class,U3 / V30 / A2,2
Çap sürəti,50 ppm Letter / 47 ppm A4,1
EAN,4058154252659,1
Tip,USB flash yaddaş,12
Yaddaş,512 GB SSD,22
Part number,RC30-474C0100-R3M1,1
HDMI,2.0 (TV-yə 4K çıxış),4
Volume,0.0092 m³,1
Model,YNDX-00051-BLACK,1
Maks. prosessor,2 soket,2
Ötürmə metodu,Store and Forward,2
Ömür dövrləri,3.500+ (80% tutuma qədər),1
Uyğunluq,"Windows, macOS, ChromeOS, Linux.",1
Ölçü,55.5 × 17.1 × 11 mm,2
Sürət,10/100/1000,1
Giriş,230 V / 400 V 3PH,1
İş temperaturu,0°C ~ 40°C (derating yuxarı temperaturda),1
Protokollar,"PD 3.0/2.0, PPS, QC3.0, UFCS, AFC, FCP, SCP, Apple 5 V/2.4A, BC1.2",1
Part number,2H4B5AA,1
Məqsəd,Runtime genişləndirmə (hot-swappable dəstək ilə UPS-lərdə),1
Ölçü,406 × 360 × 257 mm; çəki 7.5 kq,1
İnterfeys tipi,SFP28,1
Power complete PSU,500 W,2
Key Features,1 mm cross section / conductor material: copper,2
Part number,2E-MF210WW,1
Ötürmə,30 Mpps,3
Model,S1600V2-26S-HPWR,1
Model,HP ZBook X G1i,1
OS,"Windows 7+, macOS, Chrome OS, Linux, Android",1
Standart,10GBASE-SR,2
Çəki,96 q,2
Həll / tezlik,Full HD 1920×1080 — DP native 480 Hz / overclock 500 Hz; HDMI 255 Hz,1
Kabel,1 m Europe power cord,1
Model,WP820,1
A type,backpack,3
Sürət,32 Gb FC (16/8 Gb geriyə uyğun),1
Portlar,1x USB-C (USB 10Gbps; 1x USB-C (USB 5Gbps; 1x USB-C (5Gbps; 3x USB-A (USB 5Gbps; 1x HDMI; 1x DP; RJ45,1
Faks,"Standart, maks. 33.6 kbps",1
Korpus,"Half-rack 1U (iki ədəd 19""-ə sığır); daxili PSU",1
Part number,AP2TBAC237R-1,1
Format,Tam ölçülü 104 düyməli membran oyun klaviaturası,1
Tip,6-bay tower NAS,3
Part number,RZ03-05270800-R3M1,1
Ekranlama,U/UTP,6
NAND tipi,MLC,1
Part number,400-BIFT,1
Barkod,681920366638,1
Tutum,128 GB,5
USB PD (maks.),75 W,1
Part number,RZ04-05220100-R3M1,1
Portlar,24 × RJ-45 10/100/1000,4
Model,"HP OmniBook X Flip x360 14"" Intel",1
Rank,1Rx4 (Single Rank),2
Part number,B69DRET,1
Switch,HyperX Aqua (tactile),2
Çıxış qabı,250 Vərəq,3
Seriya,UGREEN Uno,1
Tip,"Seagate Exos X18 3.5"" enterprise HDD (FastFormat 512e/4Kn, Standard)",1
Model,HP LaserJet MFP M236dw,1
Rəng,"100% sRGB, Delta E < 2",1
CAS latency,CL46-46-46,1
Optik həll,600 x 600 dpi,1
Model,HD104,4
Bağlantı və tətbiq,"Wi-Fi 2.4/5 GHz, Bluetooth BLE 4.2, USB-C. HDMI yoxdur. Tətbiq: AKASO 360; masaüstü: AKASO 360 Studio",1
Signal to noise ratio,70,2
Audio,Daxili dinamik,1
AC rozetka (EU/UK),"1 × 230 V / 1,3 A",1
Çəki,"40,9 kq",1
Part number,12SAA0C8GW,1
Durable and Flexible,"Consists of aluminum housing and nylon jacket, passing 30000+ bend tests, this USB C to USB C Charger Cable is more durable than other cables.""",4
Yaddaş,2TB PCIe Gen4 Performance SSD,2
Model,Dell Standard Fan,1
Ekran,"31.5"" 4K UHD (3840×2160) IPS/UWVA 400 nit 60 Hz",1
Part number,210-BBRU-E-2336,1
Model,BX950MI-GR,1
Tip,Unmanaged Gigabit PoE+ kommutator (plug-and-play),1
Tip,Managed Layer 2 PoE+ Switch + Wireless Management,1
Ölçülər,800x400x2 mm,2
Wi-Fi,Wi-Fi 6E (2.4 / 5 / 6 GHz),10
Qoşulma rejimləri,Bluetooth və 2.4 GHz USB qəbuledici (iki cihaz arasında dərhal keçid),1
Batareya,"24 V / 9,0 Ah",1
Ölçülər (E×D×H),101 × 279 × 142 mm,2
Məhsul tipi,Headset,1
Part number,P53560-B21,1
Part number,64W18AA,1
Düymə,10+,1
Part number,FG-50 q-SFP,1
Model,Dell USB-C to HDMI 2.1 Adapter,1
Form faktor,Rack/Tower 4U (rail kit ayrıca),1
Ekran,"31.5"", UHD 3840x2160, IPS, 350 nits, 60 Hz, Anti-glare",1
Rəng,~99% DCI-P3,1
Yazma,CMR (hava),9
Model,MU105,1
AC çıxış gücü,1.000 W,1
USB-C,"2 × (5/9/12/15/20 V, 3 A; 20 V / 5 A)",1
Tip,"Indoor Wi-Fi 5 (802.11ac Wave 2) access point, Instant On",2
Part Number,6N0B0AA,1
Seriya,Razer Kraken V4 X,1
Həll / tezlik,"Full HD 1920×1080, 60 Hz",3
Portlar,"1 × 10/100/1000BASE-T RJ45 PoE-in portu, 1 × 100/1000BASE-X Gigabit SFP optik port",1
Model,26599-999-899,1
Batareya / adapter,"48 Wh, 3 cell, 65 W adapter",6
RAM,16 GB,24
Model,DP722,1
USB port sayı,4,1
"Çap sürəti (qara, draft)",23 səh/dəq,1
Çip,Broadcom BCM5719,2
Wire Length,1.8 m,2
Part number,2E-S-509CC,1
Akselerasiya,"SoC4 ASIC, TPM, BLE",2
Tutum,5.000 mAh,2
Part number,9E0Z2UT,1
Çəki,86 q,1
Hot-plug,Bəli (disk və PSU),7
Tip,Carrier-Grade IP Phone (Wi-Fi),2
Battery powered,AAA,1
PDL,"PostScript 3 emulation, PCL 5/6, Direct Image",1
Fiber,"Single-mode (SMF), LC",1
Diaqonal,"24.5""",1
Seriya,MR.FAN,1
Sürücü,40 mm dynamic,6
Tip,Naqilli oyun qulaqlığı (Cloud Alpha),2
Ölçülər,Ø 90 × 65 mm,11
Ölçü (E×D×H),161.5 × 161.5 × 41.5 mm,1
Qoruma,"2 × 16 A miniatür avtomat (MCB), iki dövrə",2
Çəki,295 q,1
NPU,"3,2 TOPS",4
Çəki,"təxminən 4,5 kq",1
Spikerfon,Tam dupleks (Full-duplex) akustik əks-səda ləğvi ilə,7
HDD tutumu,2000 GB,1
Bağlantı,USB-A / BT,1
İnterfeys,"PCIe Gen5 x4, NVMe (Gen4/Gen3 geriyə uyğun)",2
Part number,FG-80F,1
Uyğunluq,"- PowerEdge R740, - PowerEdge R740XD, - PowerEdge C6420, - PowerEdge R440, - PowerEdge R6415, - PowerEdge R7415, - PowerEdge R7425, - PowerEdge R840, - PowerEdge R940xa, - PowerVault NX3240, - PowerEdge R340, - PowerEdge",1
Matter,Matter over Wi-Fi (hub),3
İş temperaturu,0 - 70 °C,25
"Çap sürəti (qara, ISO)",11 səh/dəq,2
Tip,İki portlu USB-C GaN sürətli şəbəkə şarj adapteri (EU Plug),1
Model,HP 131A Yellow Original LaserJet Toner Cartridge,1
Yaddaş,"32 GB (1×32 GB) DDR5-4800 UDIMM; 4 DIMM, maks. 128 GB",1
Antenna,"daxili, 2.4 GHz 3 dBi / 5 GHz 4 dBi",2
Seriya,"Xerox VersaLink B415, ConnectKey",1
Seriya,Razer Joro Ultra Low-Profile,1
Dizayn,"360° metal swivel qapaq, qayış dəliyi",1
Layout,1 × 16 GB (Single),2
PoE,Yoxdur,22
Number of monitors,2,2
Random 4K,199000 IOPS oxuma / 25000 IOPS yazma,1
Səmərəlilik,on-line ~94–95% · Active ECO: 98%-ə qədər,1
Simsiz standart,"Wi-Fi 6 (IEEE 802.11ax/ac/n/g/b/a), Dual-Band 2x2 MU-MIMO",1
Ölçülər,162x438x25 mm,1
Çəki,0.11 kq,3
Model,GS1920-48HPv2,1
Tutum,256 GB,11
EAN,0196188486863,2
Dimensions (ShhVhT),46x34.5x11 cm,1
Seriya,Razer Atlas L,2
Model,MG345 RGB Transparent (2E-MG345TR),1
Həcm,8 GB,2
The number of light sources,40,1
TBW,14016 TB,1
Tövsiyə olunan həcm,10000 - 50000 səh/ay,1
Model,GS1920-24HPv2,1
Bağlantı,QD (Quick Disconnect),2
Çəki,min. 2.11 kq,1
Audio kanallar,2.0 channels,1
Part number,6XJ00AA,1
Model,Lenovo ThinkBook 14 G9,4
Part number,64AFGAT2EU,1
Kontrast,2000:1,4
Part number,338-CBXK,1
Çəki,14.60 kq,1
NGFW,1.25 Gbps,4
İlk səhifə (rəng),"10,5 san",3
Ölçülər,110x70x40 mm,1
Part number,KVR56U46BS8-32,1
Notebook compartment (ShhVhT),39.5x26.5x3.6 cm,1
Part number,RZ04-05220200-R3M1,1
Rəng,Garnet red (qranat qırmızı; prays-listdə: brown),1
Ölçü (D×E×H),225 × 388 × 44 mm,1
Tənzimləmə,"Swivel, Pivot",1
Tip,"Portativ SSD (P50, dual connector)",3
Pass-through şarj,Bəli,1
Radio / sürət,4×4:4 MU-MIMO — 1 148 Mbps (2.4 GHz) + 2 400 Mbps (5 GHz),2
Rəng,ağ,2
Established batteries,2 pcs 12 V / 9Ah,1
Çəki,90 q,3
Model,YNDX-00025-RED,1
Part number,499M8A,1
Görüntü imkanı,1920 × 1080 @ 120 Hz,2
Çəki / ölçülər,10.8 kq (23.81 lbs) | 817.3x245.0x621.4 mm,1
Çəki,799.4 q,1
Simsiz şarj,1 × 15 W Max.,2
Növ,Server prosessoru (HPE option kit),2
"Çap sürəti (qara, ISO)",60 səh/dəq,1
Model,YNDX-00059BLK,1
Power Supply (wireless),AAA,3
Xüsusiyyətlər,"UV şüalarına, suya, yağa və temperatur dəyişikliklərinə (-18°C ~ +90°C) tam davamlı, iz qoymadan asan çıxarılan yapışqan",1
Keçid tutumu,116 Gbps (standalone),1
Model,Lenovo ThinkPad E16 Gen 3,5
Seriya,Razer BlackShark V2 Pro (2023),2
Forma,Ambidextrous,15
Model,HP Smart Tank 615,1
Mikrofon,Noise Canceling,1
Part number,7X9U8EA,1
Tətbiq,yüksək sıxlıqlı ofis / access aggregation,1
Tip,FortiGate 50 q — desktop NGFW + SD-WAN,1
Tip,Layer 2+ Managed Switch,1
Rəng,Soft Grey,1
Part number,2E-HG365WT-WL,1
Sürətli şarj texnologiyası,"GaN, Quick Charge 4, Quick Charge 2.0, Quick Charge 3.0, Quick Charge 4+",4
Düymə,5,5
Seriya,Yandex Stansiya Layt 2 (saatsız),6
Ölçülər,170.5 × 20.6 × 68.9 mm,1
Part number,2E-GC-BUS-GR,1
Ölçü (E×D×H),101.85 × 146.99 × 26.11 mm,2
Tip,HD USB Headset,1
Model,HP ProDesk 2 Tower G1i,2
Model,YNDX-0007 W,1
Model,8GB 1Rx4 PC4-2133P-RC0-10 (HMA41GR7MFR4N-TF),1
Switch,Optical Gen-3,6
Ekran,"14"" 2-in-1 Touch, FHD+ (1920×1200), 300 nit",1
Model,Alienware AW2724DM,1
Məsafə,"OM4 multimode, 100 m-ə qədər",1
EAN,4549821409556,1
Tip,Cloud idarə olunan Layer 2+ Gigabit PoE+ kommutator (EnGenius Cloud),6
Ölçülər,115 × 46 × 45.5 mm,1
Model,Dell Pro KM5221 W,2
Rəng,Bənövşəyi,3
Model,Dell S3225QS,1
Konnektor 1,3.5 mm male,1
Special features,dimming function (brightness change),1
Part Number,91Y91AA,1
Model,HP ZBook 8 G1i 16,1
Tip,"Rack server (1U rack, 1 soket)",3
Part number,460-11753,1
Ölçülər,420 × 390 × 323 mm,3
Established batteries,2 pcs 12 V / 7Ah,1
Qrafika,Intel Graphics (inteqrasiya),30
Part Number,6N0A7AA,1
Kamera,FHD HDR pop-up + mikrofon,1
Part number,499M7A,1
Çəki / ölçülər,3.0 kq (6.6 lbs) | 539.8x180.0x402.9 mm,1
Format,Ultra kompakt 65% format (cəmi 68 düymə - səyahət və minimalist masa quraşdırmaları üçün ideal),1
Qutuda,"Caster Microphone and Camera Arm, C-Clamp for desktop mount, 3/8in. to 1/4in. Adapter, 3/8in. to 5/8in. Adapter, Quick Start Guide.",1
Type-C out,1× arxa 4K@60 Hz (USB/video/audio/şəbəkə/toxunuş),7
Mikrofon,"3-mikrofon massivi, 360°, ~20 ft (6 m) səs qəbulu",1
Port,2 × SFP+ (10 q/1 q),1
Part number,2Z8P3AA,1
Part number,ECW215,1
Audio,2× 16 W stereo,1
Part number,ENH1350EXT,1
Mikrofon,5 (4 ANC + 1 ENC zəng),2
Çəki,590 q,2
Çıxış rozetkaları,6 × IEC C13 + 1 × IEC C19,2
Dəqiqlik,"1 mm, cavab <2,5 ms, 32768 × 32768",7
Model,HP M27fe FHD,1
Ölçülər,102x65x35 mm,2
Model,SE2722H (210-AZKC),1
Ölçülər,168.5 × 102 × 219 mm,1
Model,CM297,1
Mənşə,Meksika (TAA),1
Model,9559-583-111,1
USB,1 × USB 2.0 Type-A,1
Model,Dell 32GB - 2RX8 DDR4 RDIMM 3200MHz 16Gb BASE,1
İş temperaturu,0°C … 40°C,3
Qeyd,OEM SKU HDEPZ10GEA51F; Persistent Write Cache (512e); idle-A 4.16 W; oxu/yazma 8.35 W,1
Tip,Ehtiyat foam (köpük) qulaqlıq yastığı,1
Çözünürlük,çap 1200 × 1200 dpi; copy 600 × 600 dpi,2
Rəng,Qara (Black).,3
CAS Gecikməsi,CL11 (11-11-A1),1
Giriş/çıxış bağlantısı,Hard wire 3-wire (1P+N+E),2
Qrafika,Intel Arc,6
Sensor / linza,CMOS; 170° geniş bucaqlı linza (Wide / Medium / Narrow),1
Audio kodekləri,"Genişzolaqlı HD səs (G.722), G.711a/u, G.729a/b, iLBC",1
Mikrofon,HyperClear Cardioid,10
Ölçü,"171,0 × 103,9 × 8,6 sm",3
"19"" rels dərinliyi",401 mm (4 tənzimlənən profil),2
Ötürmə,130.95 Mpps,4
PoE,8 × 802.3af/at,2
Xüsusiyyət,Plug & Play / Dpi switch button / DPI on the fly,1
Çəki / ölçülər,430–435 q,1
Tip,FortiGate 30 q — desktop NGFW + SD-WAN,1
Ölçülər (stend ilə),552.64 × 178.81 × 420.25 mm,1
Çəki,56 q (qara) / 57 q (ağ),2
Model,2755-109,1
Çəki,8.32 q,2
Switch,Razer Yellow,1
Səmərəlilik,"On-Line ~94%, Active ECO 98%-ə qədər",1
Toz-nəm qoruma,"IP67 (1 m-ə qədər, 30 dəq)",4
Şifrələmə,256-bit AES,4
Part number,TR-002,1
Established batteries,4 pcs × 12 V 9 Ah,1
Çəki / ölçülər,15.8 kq (34.8 lbs) | 1215.1x253.9x576.3 mm,1
Parlaqlıq,250 cd/m²,10
Dimensions (WxHxD) without Stand,955x80x556 mm,1
Tip,mouse,32
Çəki,"1,3–1,5 kq",3
Tip,"M.2 NVMe Gen5 SSD (G55, heatsink yoxdur)",2
Daxili yaddaş,Yoxdur (SSD FG-101F-dədir),1
Adjustments,tilt / turn / rotation ±90°,1
EAN,889296143710,1
Cavab müddəti,0.03 ms,6
Oxuma / yazma,1050 / 950 MB/s,3
Uyğunluq,Intel və AMD DDR5 masaüstü platformaları,2
Tip,Dual M.2 NVMe PCIe genişləndirmə kartı,3
Model,SRV2KI,1
Tip,simsiz oyun qulaqlığı,9
Şarj,USB-C (USB-C→USB-A kabel daxil),1
Part number,ST30000NM004K,1
Çəki,"15,9 kq",1
Vəziyyəti,İşlənmiş (2-ci əl),17
Təhlükəsizlik,aparat 256-bit AES; disk kilidi; OTP; One Touch Auto-backup,2
Ölçülər,60 × 23.9 × 15.8 mm,1
Çəki,12.9 kq,1
İdarəetmə,GDMS,1
Part number,006R04379,1
Contrast (static),4000:1,1
Part Number,AR0A0AA,1
PoE,480 W (8×1 q CL4 + 4×2.5 q CL6),1
Mikrofon,Built-in microphone,5
Oxuma / yazma,5000 / 3000 MB/s,1
Part number,FN-TRAN-SFP-LR,1
Şəbəkə,4 × 1GbE (Broadcom BCM5719),1
Cavab müddəti,4 ms (GtG),1
Tip,Simli ağıllı açar,2
Görüntü imkanı,Real 4K UHD 3840 × 2160 px @ 30 FPS,1
Part number,A23BCEA,1
Çəki,"3,6 kq",1
Batareya,90 saata qədər,2
Disk interfeysi,SAS,3
Görüntü,"4K UHD (30 fps), Full HD 60 fps",1
Part number,RZ01-05250100-R3G1,1
Seriya,Razer DeathAdder Essential,2
Model,HP M34d WQHD Curved,1
Çəki,0.91 kq,1
Part number,3G653A,1
Ekran,"2.4"" LCD",1
Part number,P40496-B21,1
Model,HPE ProLiant DL380 Gen10 Plus,1
Part number,500S7AA,1
Volume,0.0016 m³,1
Random 4K,94000 IOPS oxuma / 65000 IOPS yazma,1
Portlar,24 × RJ-45 10/100/1000 (20 × Class 4 + 4 × Class 6),1
Polar naxış,Omnidirectional,2
Batareya / adapter,"55 Wh, 3 cell",1
Səth,hibrid sürət/nəzarət,1
Portlar,8 × 10/100/1000 Class 4 PoE + 4 × 1/2.5 q Class 6 PoE,1
Şəbəkə (bu konfiq),Onboard LOM Broadcom 5720 Dual Port 1 GbE,4
Yaddaş,512 GB SSD - NVMe,1
Uyğunluq,Amplon RT 5–20 kVA seriyası (əsasən 5/6 kVA),1
Firewall (1518/512/64 byte UDP),5 / 5 / 4 Gbps,4
Oxuma / yazma,6000 / 4000 MB/s,1
OPS yuvası,1× (Windows OPS PC üçün),7
İnterfeys,Bluetooth 3.0/5.0  / Wireless 2.4 q,5
Ölçü,133.7 × 41 × 7.7 mm (hündürlük 41 mm),2
Barkod,681920371472,1
QNAP SKU,72123800-6051100-000-RS,1
USB-C2 Output,5.0 V⎓3.0A/9.0 V⎓3.0A/12.0 V⎓2.5A/15.0 V⎓2.0A/20.0 V⎓1.5A 30 W Max *USB-A output:5.0 V⎓3.0A/9.0 V⎓2.0A/12.0 V ⎓1.5A/10.0 V ⎓2.25A22.5 W Max*Total Output：65 W Max,1
Portlar,24 × RJ-45 10/100/1000 Mbps PoE+ + 4 × Gigabit Combo (RJ-45/SFP) — cəmi 28 port,2
Part number,2E-GT-OTO-WTGR,1
Çəki,326 q,4
Ekran ölçüsü,"23.8""",11
Korpus,Alüminium/plastik 0U şaquli profil,1
Volume,0.0006 m³,2
İş gərginliyi,5 V,1
Çəki,1.068 kq,1
Batareya / adapter,140 W adapter,1
Runtime (full/half),"~1 dəq @480 W / ~6,5 dəq @240 W",1
Batareya,150 saat (1000 Hz) / 22 saat (8000 Hz),2
Part number,SP-FG60E-PDC-2,1
Prosessor,"Intel Core Ultra 5 226 V (8 nüvə / 8 axın, 2.1–4.5 GHz, 8 MB keş, Arc 130 V, NPU 40 TOPS)",1
Prosessor,"Intel Core Ultra 7 255U (12 nüvə / 14 axın, 1.7–5.2 GHz, 12 MB keş, 15 W, NPU 12 TOPS)",7
Ekran,"23.8"", FHD 1920x1080, 250 nits, 100 Hz",1
USB-C PD,"130 W (Dell), 96 W (non-Dell)",1
Part number,EWS850-FIT,1
Bağlantı,USB (wired) + 2.4 GHz,2
Çəki,6.9 q,1
Rəng,Ağ fon üzərində qara yazı (Black on White),2
Qulaqlıq girişi,2.5 mm,1
Baza,4 tənzimlənən ayaq + 4 nəqliyyat təkəri (ön təkərlər əyləcli),1
Rəng,Çəhrayı,1
Tövsiyə olunan həcm,900 - 4800 səh/ay,1
Model,LP187,1
3.5 mm,Xeyr,1
Tip,membran oyun klaviaturası,1
Çəki,maks. 28.77 kq,1
Çıxış rozetkaları,6 × IEC C13 (qruplaşdırılmış),1
En,26.1 mm,2
Model,Dell Pro 14–16 Plus EcoLoop Urban Backpack CP5625 q,1
Yaddaş sürəti,5600 MT/s,1
Model,YNDX-00021-BLACK,1
Model,Dell 27 Plus S2725DC,1
Batareya,1500 mAh Li-ion,1
Model,Dell SE2426H,1
Fırlanma,10 000 dövr/dəq,7
Sac qalınlığı,Künc profil 1.2 mm; yan 0.8 mm; qapı 1.0 mm,1
Ethernet,Dual GigE RJ45,4
Əlavə xüsusiyyətlər,"Barmaq izi oxuyucu; İşıqlı klaviatura; FHD + IR kamera; SSD Opal şifrələmə; Korpus: Aluminium (top), PC-ABS (bottom)",7
Model,HP V20 HD+,1
Part number,A26RMEA,1
Korpus,"1U rackmount, fanless, daxili AC",2
Tip,"16-bay 3U enterprise NAS (QuTS hero), redundant PSU",1
Tip,"Smart Managed Layer 2 Gigabit PoE+ kommutator, NebulaFlex (cloud / standalone)",2
Portlar,"5 × GE RJ45 (1× WAN, 4× switch/FortiLink) + USB + konsol + 3× SMA WWAN anten",1
Çəki,0.73 kq,1
Fan sayı,2,1
Çəki,"41,8 kq (92.2 lb)",1
Uyğunluq,"15.6""-ə qədər (39.6 sm)",1
Random 4K,450K / 300K IOPS,1
Recommended desktop thickness (clamp fastening),10 mm - 85 mm,1
İnterfeys,USB 3.1 Gen 1 (USB 5Gbps); micro-USB → USB Type-A,5
Operativ yaddaş,32GB (1x32GB) DDR5 4800,3
Batareya,Earbuds 8 saat (ANC on); case ilə 33 saata qədər,1
Rəng,Black,59
EAN,0196786272554,1
Çəki,"21,4 kq",1
Part nömrəsi,GS1008HP-EU0101F,1
Tip (buffered),Unbuffered ECC (UDIMM),2
Uyğunluq,"TS/TVS 1U və 2U (TVS-x71U, TS-x53U, TS-x32XU, TS-x64U və s.)",1
Seq. oxuma,100 MB/s-ə qədər,1
Uplink,4 × 1 q SFP,13
EAN,0199251514081,1
Part number,RZ01-04000100-R3M1,1
Fayl sistemi,FAT32,1
"Çap sürəti (rəng, ISO)",5 səh/dəq,6
EAN,0196188736036,1
Empedans,94 Ω,2
Part number,2E-GC-BUS-ESGN,1
Montaj,"Tavan/divar, RW, klip dəstdə",2
A type,TV stand,1
Tip,"Cloud idarə olunan tavan Access Point, scanning radio (EnGenius Cloud)",1
Talk time,16 saatə qədər,1
Brend,Mobicom,4
Əlavə xüsusiyyətlər,ThinkPad Universal Thunderbolt 4 Dock; TB4; 135 W adapter; çoxlu displey və USB portları,1
Portlar,"TB4 hub, DP, HDMI 2.1, RJ45 2.5GbE, USB hub, KVM",2
Şəbəkə,"2 × 10/100/1000 (LAN + PC), PoE 802.3af, VLAN/QoS/802.1X, SIP/TLS/SRTP",1
Giriş,100–240 V ~ 50/60 Hz 0.5A maks,2
ASIC,Broadcom MegaRAID (Aero / SAS3916),1
Mobil,"AirPrint, Mopria, Xerox Print Service; Wi-Fi opsional",1
Çəki,145 q,1
Part nömrəsi,GS190048HPV2-EU0101F,1
Model,24B2XH/EU (24B2XH),1
RGB,Bəli,13
Part number,JL677A,1
Batareya tutumu,5000 mAh,3
Seriya,Razer Basilisk V3 35K,1
Sürücü,"50 mm Dual Chamber, neodim",3
Funksiya,Plug & Play,13
Uyğunluq,Seçilmiş Instant On AP modelləri (DC jack),1
Part number,40AF0135EU,1
Şəbəkə,10/100/1000BASE-T (Gigabit Ethernet),1
Model,AC180P,1
Çəki,1.8 kq,1
Model,YNDX-00020B,1
İdarə,OLED Control Hub,1
Parlaqlıq,300 cd/m²,14
Simsiz (telefon),15 W,1
Duplex çap,"Avtomatik, 18 ipm",2
Portlar,3 × RJ45 PoE+ LAN + 1 × RJ45 PoE+ WAN + 1 × RJ45 WAN + 1 × SFP + 64 GB SSD,1
Noutbuk,"16.1""",2
Davamlılıq,1 m zərbəyə davam; daxili asqı,2
Korpus,Kompakt dual-connector,3
Transmitter,1 × HDMI giriş + USB-C qida,1
Angle turns,90 ° ±,4
Quraşdırma,"kompakt metal korpus (rəsmi ölçü 267 mm en — tam 19"" deyil)",1
Model,US316,4
Montaj,Divar / dirək; IP67,1
Uzunluq,0.15 m,1
Batareya,600 mAh · 75 saat ANC off / 45 saat ANC on,2
Uyğunluq,"DYMO LetraTag printerləri (LT-100H, LT-100T, LT-110T, QX50, XR, 2000).",1
Protokollar,"SCCP, SIP və MGCP dəstəyi",1
Çəki,512 q,1
Part number,006R04826,1
Yaddaş,512 GB SSD | M.2 2242 | PCIe 4.0 | Opal 2.0 | TLC,8
Model,YNDX-00026ORG,1
Hündürlük,160.3 mm,1
Ölçülər,"111.9 × 83.5 × 69.5 mm, Çəki: 112 q",1
Optik Portlar,4 × Gigabit SFP Uplink slotu,2
İnterfeys,"USB Type-A, USB 3.2 Gen 1 (5 Gbps)",8
Oxuma / yazma,7000 / 1300 MB/s,1
Part number,21SQ002QFW,1
Ekran,Sensorlu idarəetmə,1
Tip,True Wireless qulaqlıq (Cirro Buds Pro),2
Kamera,FHD + IR kamera,1
Part number,21SJ00E4FW,1
Yaddaş,1 TB SSD | M.2 2242 | PCIe 4.0 | Opal 2.0,1
Part number,AP4TBAC533B-1,1
Maks. ötürmə,10 Mbit/s,3
Kart dəstəyi,SD,2
Portlar,24 × GbE RJ45,1
Batareya tipi,AA,1
Random yazma (4KB),29000 IOPS,1
Təyinat,Xarici məkan (küçə və həyət) üçün nəzərdə tutulmuş mühafizə kamerası,1
Model,Dell SFP28 DAC 25GbE,2
Part number,BY6U1ET,1
OEM kod,CE412A,1
Duty cycle,125 000 səh/ay; tövsiyə: 10 000,1
EAN,0740617288551,1
Branches,pocket for glasses / for handles / 2 side pockets qoşa,1
Tip,Fit idarə olunan outdoor Access Point (EnGenius Fit),1
Qidalanma,AC kabel ayrıca (JW118A EU),2
Bağlantı,HyperSpeed + BT + USB-C,8
Çəki,8 q,1
Tezlik,"5600 MT/s (JEDEC, PC5-44800)",2
Part number,DTDUO3CG3/256GB,1
USB,2 × USB 3.2 Gen 2 Type-A,3
Şəbəkə bağlantısı,Simsiz Wi-Fi və ya Ethernet (RJ-45) kabeli ilə qoşulma,1
Model,YNDX-00054EMD,1
Tip,"Rack ventilyator paneli (2 fan, analog termostat)",1
Material,Polyester (100% recycled plastic),1
Mikrofon,"3 ədəd, aktiv səs-küy azaltma",11
Thunderbolt 4 PD,90 W,2
Əlavə xüsusiyyətlər,"AI obyekt izləmə; görünməz selfie çubuğu; SmartClip; GPS məlumat overlay (telefon vasitəsilə: sürət, marşrut, yüksəklik); stereo 2 mikrofon + külək qoruyucusu; 1/4"" montaj; ölçü 109.8×46.9×30.8 mm; çəki 180 q; iş temperaturu 0–40°C",1
Səsli idarəetmə,Google Assistant və Amazon Alexa dəstəyi,1
Screen diagonal,"27 """,2
Ethernet,1 × 1/2.5/5/10 GbE + 1 × 1 GbE · PoH/uPoE/802.3bt,1
Tip,Naqilli oyun siçanı,6
Qabıq materialı,Polyvinyl chloride (PVC),6
Ekran,"27"", FHD 1920x1080, 300 nits, 100 Hz",2
RAID,HPE Smart Array P408i-a SR Gen10,1
Korpus,3 mərhələli zərbə qorunması (silikon + asqı + möhkəm korpus),5
Səs-küy azaldılması,Bəli,1
Barkod,4895252504545,1
Kodek,H.264 / MJPEG / YUY2 / NV12,1
Part number,ECS1552P,1
Oxuma / yazma,200 / 160 MB/s,3
Rəng,White,5
Yenilənmə,165 Hz,1
Ethernet,10/100 Mbps,8
Part number,5TW10AA,1
İlk səhifə,6.4 san; ilk copy: 6.8 san,1
Portlar,"1x USB-A (USB 5Gbps / USB 3.2 Gen 1); 1x USB-A (USB 5Gbps / USB 3.2 Gen 1), Always On; 1x HDMI 2.1, up to 4K/60 Hz; 1x Headphone / microphone combo jack (3.5 mm); 1x Ethernet (GbE RJ-45); 1x Security keyhole; 2x Thunderbolt 4, with USB PD 3.0; Smart card reader; No smart card reader; NVMe password",1
Xüsusiyyət,Metal fittings,2
Çəki,22 q,1
S/N nisbəti,108 dB (10 Vt),4
Duplex çap,"Avtomatik, 24 ipm",1
Part number,8D6B8AA,1
Çəki,264 q,2
Çözünürlük,4K,7
Model,BVX2200LI-GR,1
Part number,AG16GB56C46S5US,1
Part number,SFP2213-10,1
Qablaşdırmada,Akaso Brave 4 x1 / Battery x2 / Charging Case x1 / Waterproof Case x1 / Remote Control x1 / Mount x10 / USB Cable x1 / Lens Cloth x1 / Bandage x1 / Protective Backdoor x1 / Tethers x5 / Quick Start Guide x1,1
Part number,AP2TBAC237U-1,1
Part number,210-BPNV,1
Qrafika,Inteqrasiya olunmuş qrafika,11
Ekran,"32"" 4K UHD (3840×2160) IPS/UWVA, anti-glare",1
Part number,T7-75,1
Part number,MR.FAN2WT.01,1
Çəki,130 q,5
Səs,27.2 / 49.8 dBA,1
Kağız çəkisi,60 - 220 q/m²,8
Material,steel / plastic / aluminum,5
Tip,USB-C multifunksional hub,2
Adjustments,"height adjustment 1150 mm/1275 mm/1400 mm/1525 mm (45,3""/50,2""/55,1""/60"")",1
Tip,"Fortinet EU qida kabeli — C6 inlet, 6 ft (~1.8 m)",1
Seriya,Evolve2 50,1
Part number,34Y64AA,1
Part number,MR.PRZ42U2422D.SC,1
Model,DTSB3512L-CD20,1
Forma faktoru,288-pin RDIMM,2
Şarj tipi,Auto,4
Rəng,"1,07 milyard (NTSC 72%)",10
Kabel,USB-A → USB-C,1
Qulaq oturacağı,Circumaural,2
Model,HiTune H5 (WS201 / P/N: 15612),1
Portlar,48 × RJ-45 10/100/1000 (40 × Class 4 + 8 × Class 6),1
Model,Dell Pro P2425H,1
Ekran,"27"" Full HD (1920×1080) IPS/UWVA, anti-glare 300 nit 100 Hz",2
Seriya,Razer Seiren V3 Chroma,2
Model,Dell 600GB Hard Drive SAS ISE 12Gbps 10k 512n 2.5in Hot-Plug,1
Inputs,D-Sub / Earphone Jack / 1 x HDMI,1
Yaddaş,512GB SSD,6
Model,CM455,1
Model,Lenovo ThinkVision T24mv-30,1
Ekran,"240×320 (2.4"") LCD",2
Əlavə xüsusiyyətlər,"SSD Opal şifrələmə; Korpus: Aluminium (top), PC-ABS (bottom)",3
Ölçü / çəki,"71.3 × 20 × 7.8 mm, 11 q (Transcend-in ən kiçik portativ SSD-si)",1
Kommunikasiya,Intelligent Card Slot,4
Battery charging time,4 hours,6
Çəki / ölçülər,7.2 kq (15.9 lbs) | 613.6x200x584.2 mm,1
Part number,ECS1112FP,1
Part number,TS500GESD380C,1
PoE+,Bəli,5
Forma faktoru,240-pin Unbuffered Non-ECC DIMM (UDIMM),1
LAN,1 × RJ-45 10/100/1000,7
Tam ad,HPE MSA 1.92TB SAS 12 q Read Intensive SFF M2 SSD,1
Ethernet,Dual 10/100 Mbps,3
Tip,Naqilli RGB oyun pultu (Clutch Gladiate),1
Sensor,"1/2.7"" CMOS, 8,29 MP",1
Tip,Simsiz oyun qulaqlığı (Cloud Stinger 3 Wireless),1
Model,YNDX-00551,1
DWPD,0.32,4
Part number,A55BHET,1
İdarəetmə,RUCKUS Cloud · SmartZone · Unleashed · ZoneDirector · Standalone,1
Part number,C8R24B,1
PoE,port 1–8 ə qədər 60 W · port 9–48 ə qədər 30 W,1
Çəki,0.62 kq,1
Ekran,"14"" 2.2K (2240×1400) IPS/UWVA, sensorlu, BrightView 300 nit",1
Part number,2E-KS108UB_UA,1
Tip,Simsiz oyun qulaqlığı (Cloud Alpha Wireless),1
Çəki,44 q,1
Sensor,Focus Pro 30K,5
Part number,TS-H1277AXU-RP-R7-32 q,1
Wireless throughput,3 Gbps-ə qədər,1
Fiş,EU,33
Sürətli şarj texnologiyası,Power Delivery,2
Part number,X7Q44AA,1
Empedans,30 Ω,1
RAM (bu konfiq),"8 GB (1 × 8 GB) DDR4-3200 UDIMM; 2 yuva, maks. 64 GB",2
Protokollar,"QC3.0, QC2.0, AFC, FCP, Apple 5 V/2.4A, Samsung 5 V/2A, BC1.2",2
Giriş,DC 12–24 V (siqaret alışqanı),1
Uyğunluq,"65–86"" interaktiv panellər (təchizatçı SKU)",1
USB,USB-C,1
Davamlı ötürmə,"285 MiB/s (davamlı, OD)",1
Çəki,0.57 kq,1
Əlavə xüsusiyyətlər,Lenovo Go Wireless Mobile Power Bank; 10000 mAh; simsiz + USB-C çıxış,1
EAN,0767041026764,1
Part number,P06307-B21,1
Part number,P26256-B21,1
CAS Gecikməsi,CL11,1
Yaddaş,2TB PCIe-4x4 2280 NVMe TLC SSD,1
Çıxış (12 V),3 A,3
Giriş qabı,100 Vərəq,6
Model,YNDX-00540WHT,1
Switching capacity,240 Gbps,1
Model,LP437,1
Uyğunluq,"Xerox B225, B230, B235",1
Model,GWN7821P,1
Surge,Ethernet 4 kV | ESD 8/6 kV,1
Part number,81K29EA,1
Headset,RJ9 Və USB,1
Part number,ST20000NM007D,1
Davamlı ötürmə,"245 MB/s / 234 MiB/s (davamlı, OD)",1
Part Number,B7JE0AA,1
Volume,0.0090 m³,1
Stand,Fixed Stand,1
Batareya / adapter,65 W adapter,10
Min. ekran,"10.2 cm (4"")",1
Çəki / ölçülər,Starting at 1.27 kq (2.80 lbs) | 311.8 x 212.3 x 6.7 - 17.18 mm,1
Tip,M.2 NVMe SSD,8
Part number,63D2GAT1EU,1
Tip,12-port Web Managed Switch,1
Mount dimensions,9x480x523 mm,1
Ekran,"16"" FHD+ Touch",1
Yaddaş,512 GB SSD (M.2 PCIe NVMe),3
CPU,"Intel Xeon E-2334 4C/8T 3.4 GHz, burst 4.8 GHz, AES-NI",1
Volume,0.0086 m³,1
Səth,Cloth,2
Açıq dövrə gərginliyi (Voc),"24,4 V",1
OS,QTS,1
Rəng,Slate boz,1
Model,W709,1
İnterfeys,"USB 3.1 Gen 2 (USB 10Gbps), USB Type-C, UASP",2
Ekran,"14"", WUXGA 1920x1200, IPS, 400 nits, 60 Hz, Non-Touch, Anti-glare, 45%NTSC",2
Batareya tipi,Lead-acid (VRLA),1
Rank,2Rx8,6
OEM kod,CF541A,1
DPI,2400 DPI,1
Tip,10-in-1 USB-C dok / hub,1
Form faktor,"2U rack, 88.6 × 482 × 550 mm (rels dəstəyində deyil; RAIL-B02)",2
Part number,53N94C,1
Tip,Rəngli lazer MFP,12
Montaj,Desktop / wall-mount,4
Form faktor,"1U rack, 43.3 × 430 × 479 mm",2
PoE,125 W PoE+,1
Sürət,2.4 GHz 575 Mbps + 5 GHz 1200 Mbps = AX1800,2
Ölçü,182.4 × 182.4 × 54 mm,1
Maksimal Güc,45 W Max,1
Frequency characteristic,50 - 17000 Hz,1
Management port,1 × 1GbE RJ45,1
Çəki,~270 q,4
Saxlama temperaturu,−40 – 85 °C,4
Random 4K,1000K / 1000K IOPS,1
Brend,HP,1
Çəki,435 q,1
CPU,"ARM Cortex-A55 4-core 2.0 GHz, Mali-G52, NPU",3
Dimensions ( HxWxD ),1070x122x630 mm,1
Tip,Maqnit simsiz powerbank,3
Ölçü (E×D×H),210 × 210 × 33.2 mm,3
Tip,"Direct Attach Copper (Twinax, passive)",4
Part number,4R009AA,1
Part number,21U20035FW,1
En,68 mm,3
LAN,3 × GbE,1
Rəng,Bənövşəyi / Paslanmayan polad,1
Part number,B69FLET,1
Operating principle,Contact,1
Vəziyyəti,"İşlənmiş (Test edilmiş, əla vəziyyətdə)",2
Volume,0.0004 m³,5
İdarəetmə,HPE iLO 6 / Compute Ops Management (opsional),1
Mikrofon,HyperClear Super Wideband,2
Ölçülər,560 × 540 × 417 mm,1
Ölçülər,150 φ18,2
Volume,0.0226 m³,1
Retail P/N,AP512GAS2280Q4U-1,1
Əməliyyat sistemi,Windows 11 Pro (RU),6
Part number,5E8M0EA,1
SSID,16-ya qədər (background scan açıqdırsa 14),1
Model,14207-70,1
CPU,Annapurna Labs Alpine AL324 64-bit ARM Cortex-A57 4-core 1.7 GHz,1
Model,CP-7942 q (Hardware V03),1
Çəki,təxm. 5.03 kq (Icecat); Dell SFF 4.43–5.25 kq diapazonu,1
Ekran,"Monoxrom LED, 21 × 12 diod (saat və emosiyalar)",3
Kapasitet,"230,4 Wh (9 Ah)",1
"19"" rels","4 ədəd, 1.5 mm, 1U nömrələnmiş",1
Wi-Fi,Bəli,4
Simsiz əlaqə,Daxili Wi-Fi (802.11b/g) və Bluetooth 2.0 (qulaqlıq və mobil telefon inteqrasiyası),1
THD,≤ 2% linear load / ≤ 5% non-linear load,2
Ölçülər (stend ilə),552.64 × 171 × 420.35 mm,1
Model,Dell P2725H,1
Qidalanma,802.3af/at PoE,1
Şəbəkə,2 × 10GbE SFP+ + 2 × 2.5GbE RJ45,2
Fans (Optional),Side panel: 1 x 120 mm / Back panel: 1x 80,2
Tutum,32 TB,1
Switch,mexaniki (10 mln),2
MIMO,MU-MIMO 2×2 + 2×2 (4 stream),3
Portlar,48 × RJ-45 10/100/1000 Class 4 PoE,1
Görüntü imkanı,2560 × 1440 @ 120 Hz,2
Yuvalar,"6 × 3.5""/2.5"" SATA 6Gb/s, hot-swap",4
Simsiz,Wi-Fi 6 + Bluetooth,1
Ölçülər,346.3 × 189.3 × 158.9 mm,1
Doldurulan,Bəli,1
PoE dəstəyi,IEEE 802.3af PoE (Class 2),1
Part number,SRV3KRILRK-E,1
Model,YNDX-00053TRQ,1
Tip,"19"" divar tipi şəbəkə şkafı (yığılı)",2
Çıxış qabı,600 Vərəq,1
Qeyd,DMO region P/N (NA/XE ekvivalent 006R04401),1
Part number,AP1920GBB100PM2P,1
Simsiz,Intel Wi-Fi 6 AX201 2×2 (802.11ax) + Bluetooth; Gigabit RJ-45,1
Model,GWN7816P,1
Bağlantı,Bluetooth + USB-C simli audio (3.5 mm yoxdur),2
Part number,CF410A,1
Model,AV116,2
Bağlantı,HyperSpeed Gen-2 2.4 GHz + BT 5.3 + USB-A + 3.5 mm,2
Part number,21SSS79F00,1
Part number,21UR008FFW,1
Part number,TS512GESD310C,1
İdarəetmə,RUCKUS Cloud · SmartZone · ZoneDirector · Standalone,1
Ölçülər,"482 × 42.8 × ~535 mm (bezel ilə, 4×3.5"")",3
Part number,4R016AA,1
Part number,2E-MM011,1
Portlar,1x USB-C 3.2 Gen 1 (DP 1.4 Alt Mode; 1x USB-C 3.2 Gen 1 (DP 1.4 Alt Mode); 4x USB 3.2 Gen 1 (1x BC 1.2); 1x HDMI; 1x DP,1
Rəng,Garnet red (qranat qırmızı),1
Auto-framing,bəli (AI),1
Batareya,1× AA (36 ayadək),1
Disk yuvaları,"Maks. 8 × 3.5"" və ya 16 × 2.5"" SAS/SATA",2
Model,DTSB5312L-CD20,1
Portlar,48 × 10/100/1000BASE-T PoE+,2
Ölçülər,7.78 × 13.15 × 4.15 cm,2
Sürətli şarj texnologiyası,"Power Delivery 3.0, Quick Charge 3.0",1
Düymələr,3,3
Güc,80 W,2
Ölçü (E×D×H),330 × 229 × 44 mm,1
Model,Dell 8TB Hard Drive SAS 12Gbps 7.2K 512e 3.5in Hot-Plug,1
Audio,2× 20 W dinamik,3
M.2,2 × M.2 2280 PCIe Gen3 x1 NVMe,8
Düymə,7,3
CAS Gecikməsi,CL9 (09-10-B0),1
Model,16GB 2Rx4 PC4-2133P-RA0-10-MB1 (M393A2G40DB0-CPB),1
İnterfeys,PCIe 5.0 NVMe x4,3
Güc,600 VA / 360 W,1
Tip,5-xətli rəngli ekranlı multimediya IP telefonu,1
Volume,0.0091 m³,1
Davamlı ötürmə,"268 MiB/s (davamlı, tip.)",1
Volume,0.0033 m³,2
Seriya,Yandex Stansiya 2,3
Dinamik,2 LF 46 × 80 mm + 3 genişzolaqlı 32 mm + 2 passiv radiator 62 × 100 mm,3
Rozetkalar,"8 ədəd (6 batareya backup + surge, 2 yalnız surge) — Schuko",2
İnterfeys,"PCIe Gen4 x4, NVMe 1.4",8
Part number,S0G33A,1
Ölçülər,30 × 30 × 33 mm,1
Model,Dell Pro 14 Plus PB14250,1
Şəbəkə portları,2 × 10/100BASE-TX Fast Ethernet RJ-45 portu (Switch),1
Giriş diapazonu,176–288 VAC (100–176 VAC derating ilə),1
İdarəetmə,EnGenius Cloud,1
Tip,Fortinet 10GE SFP+ LR transceiver,1
OS,Ubuntu,21
Model,CD361,3
Forma faktoru,240-pin RDIMM,3
Portlar,"2× USB-A 10Gbps, 1× USB-C 10Gbps, HDMI 2.0, DisplayPort, RJ45 Gigabit",1
Model,HP LaserJet M442dn MFP,1
Signal to noise ratio,70 dB,1
Çəki,53 q (without battery),2
Təyinat,Otaq temperaturu və rütubətinin ölçülməsi,1
Part number,2E-MF300WPETSBL,1
Qidalanma,"100–240 VAC, 50/60 Hz",2
Model,MU006,1
Part number,2E-B2425B-01.EU,1
Uyğunluq,"ProLiant DL325 Gen10+, ProLiant DL385 Gen10+",3
WLAN,"Band steering, Mesh, 802.11r/k/v, DCS",1
Model,GWN7664,1
Şarj keysi,Bəli,1
Gərginlik,1.45 V,1
Part number,2Emagslim,1
Ölçülər,440 × 310 × 140 mm,1
Kabel,"1.5 m, 3×1.5 mm² H05VV-F",2
Ölçülər,86.6 × 85 × 117.7 mm,1
Ölçü,67.2 × 119.7 × 39.8 mm,1
Wi-Fi,IEEE 802.11a/b/g/n/ac/ax · Dual-band concurrent (2.4 / 5 GHz),1
Model,GRP2604P,1
Part number,SDCS2/64GB,1
Baza tezlik,2.10 GHz,1
Tutum,512GB,2
Maks. güc,36 W,1
Portlar,"HDMI ×2, DP, USB-A (3.0/3.2), USB-C data, Gigabit RJ45, SD/TF, 3.5 mm",1
Part number,TS-873A-8 q,1
Material,"PU foam,Polyester",1
Qohum SKU,R4G20A (eyni adapter ailəsi),1
TBW,700 TBW (TPU S95 1 TB review),1
Sensor,Liebert SN one-wire (temp/rütubət/sızma/qapı),1
Model,YNDX-00027TRQ,1
Data sürəti,5120 Mbit/s,1
Seriya,Razer Firefly V2 Pro,3
Qrafika,Intel Arc graphics,1
Kontrast,"1,500,000:1",7
DPI,30 000,2
Ekran ölçüsü,"31.62""",1
Şəbəkə,RJ45 2.5GbE,2
Part number,UPS403HH330N035,1
Barkod,680051628462,1
IP,IP68 (tozkeçirməz; 1 m / 60 dəq su),4
Zəmanət,5 il (5Y),1
Batareya tutumu,2200 mA·h,2
Çəki,650 q,3
Qidalanma,5 V ±5%,3
Maks. skan ölçüsü,89 x 148 mm,1
Type,Portable speaker,8
Microphone Type,omnidirectional,1
SNR,90 dB,3
Standart,DDR4,5
Material,"Aluminium, Silicone",3
Tutum,"100 daxili nömrə, 15 VoIP trunk, call center/hotel lisenziyası dəstəyi",1
Part Number,75X29AA,1
EAN,4549821420001,1
Part number,400-BIFW,1
PoE dəstəyi,IEEE 802.3af PoE (Class 3),1
Qida,2 × 550 W redundant PSU,4
Model,US221,1
Color keys,black,2
Batareya,1350 mAh × 2; hər batareya ~90 dəq. Sport Combo-da 2 batareya + şarj qutusu,1
Empedans,60 Ω,1
Protokollar,"SIP RFC3261, TCP/IP/UDP, RTP/RTCP, HTTP/HTTPS, ARP/RARP, ICMP, DNS, DHCP, PPPoE, TFTP, NTP, STUN, TR-069",1
Form faktor,Indoor · UL 2043 Plenum rated · drop ceiling bracket daxil,1
Ekran tipi,TFT,2
İnterfeys,Ethernet,8
Tam ad,HPE Intel Xeon Gold 6334,1
Ekran ölçüsü,"34""",2
Prosessor,"Intel Core Ultra 9 285K (24 nüvə / 24 axın, 3.7–5.7 GHz, 36 MB keş, 125 W)",1
Aylıq yük,300000 səh/ay,1
TBW,750 TB,2
Radio / sürət,"2×2:2 MU-MIMO — 574 Mbps (2.4 GHz) + 2 400 Mbps (5 GHz, 160 MHz)",1
Prosessor,"12-ci nəsil Intel Core i5-12400 — 6 nüvə / 12 axın, 18 MB, 65 Vt, 2.50–4.40 GHz",1
EAN,190017312491,1
Daxili yaddaş,128 GB SSD,2
Gərginlik,12 V,4
Part number,ad256GBMSXU32A,1
Dimensions ( HxWxD ),440x418x20 mm,1
Part number,7212324T-7050000-000-RS,1
Görüntü imkanı,2560 × 1440 @ 144 Hz,2
Prosessor,Intel Core 7 240H | 24MB cache,3
Xətt sayı,"2 proqramlaşdırılan xətt və ya funksiya düyməsi, 4 dinamik soft-düymə",1
Additional information,Energy efficiency class A+,1
DPI,18 000,2
Audio,İkitərəfli səs (mikrofon və güclü daxili siren),1
Rəng,Rəngli,22
Dərinlik,118.7 mm,4
Şifrələmə,"256-bit AES-XTS, TCG Opal 2.0",1
İdarəetmə,Asset-manageable (inventar idarəetmə dəstəyi),1
Təyinat,"Smartfon, planşet, action kamera, 4K video",1
PoE,"240 W, IEEE 802.3af/at, port 1–24",1
Part number,SEDC600 m/480 q,1
Növ,Low-profile PCIe riser dəsti,1
Simsiz məsafə,10 m,4
Uyğunluq,"PC, PS5, Xbox Series X|S. Software Compatibility: NGENUITY",1
Part number,2E-SPEED-XL-D08-PRO,1
Montaj,Tavan və divar montaj dəsti daxildir,1
Max. enerji,31.46 W,1
Types of connectors,HDMI 1.4 / RJ-45 / 2 x USB-A 2.0 / USB-C PD / USB-A 3.0,1
Tip,Wi-Fi 6 AX1800 Çöl Şəraiti üçün Dairəvi (Omnidirectional) Outdoor Access Point,1
Part number,8AF72A,1
Aylıq yük,3000 səh/ay,4
Funksiyalar,Skan,2
USB PD (maks.),45 W,1
Məsafə,20 m,4
Portlar,"1 × HDMI 2.0, 2 × DisplayPort 1.4 (MST), USB-C, USB hub, audio out",1
Uyğunluq,"16""-dək (max 400 × 270 × 25 mm)",1
En,112 mm,1
Zəmanət,1 il Basic Onsite,2
Bağlantı,Wi-Fi və ya Ethernet (RJ-45) kabel bağlantısı,1
Ekran,"Monoxrom LED (saat, animasiya, Alisa emosiyaları)",5
Model,L512,1
Tətbiq,softphone / UC,1
RAM,8 GB (1×8 GB),1
Port 3 qücü,22.5 W,2
Part number,345-BEBH,1
DPI,1000,2
Ölçülər,79 × 38 × 26 mm,1
Erqonomik,Bəli,1
İş yükü,180 TB/il; 8760 saat; 64 HD kamera; 8 yuvaya qədər,1
Çıxış,2 × IEC C13 + 1 × IEC C19 + Hard wire 3-wire (H+N+E),2
Switch,Optical Mouse Switches Gen-4,2
Matris tipi,"IPS (3 tərəfdən çərçivəsiz dizayn, Frameless)",1
Çəki,58 q,1
Tip,SNMP/Web kart (Golden Finger slot),1
Part number,AP256GAS725B-1,1
Seriya,Razer BlackWidow V4 Pro 75%,1
Rəng,Gümüşü,8
Adapter,"3/8"" → 1/4"" və 3/8"" → 5/8""",1
Şəbəkə,2 × 10GBASE-T + 2 × 2.5GbE,4
Ekran,"27"", FHD 1920x1080, IPS, 300 nits, Anti-glare, 99% sRGB",2
Çəki,290 q,1
SNR,100 dB,1
Model,SPA525 q (Hardware V03),1
Rəng,"100% sRGB / 98% DCI-P3, Delta E < 2",2
Ekran,"14.0"" FHD+ (1920×1200)",3
Part number,21VV003YFW,1
Zəmanət,3 il Premium Panel Exchange,1
Model,OPS PC i5 11th Gen,1
Sürət (512 GB),"oxuma 1050 MB/s, yazma 900 MB/s (maks.)",1
Parlaqlıq,400–600 cd/m²,1
Dupleks,Avtomatik,26
Uyğunluq,"FG/FWF 60E/61E, 60F/61F, 70/71F, 70 q/71 q, 80E/81E, 80/81F, 90/91 q, FDC-100 q",1
Disk tipi,Up to 12 LFF HDD and/or SSD per array model,1
Xüsusiyyətlər,"360° yüksək həssaslıqlı mikrofonlar, rəqəmsal səs təmizləmə, tənzimlənən səs səviyyəsi, konfrans zəngi idarəetməsi",1
Çəki,1.50 kq,1
Seriya,UGREEN Nexode,2
Prosessor,"Intel Core i5-14500 (14 nüvə / 20 axın, 2.6–5.0 GHz, 24 MB keş, 65 W)",2
USB-A çıxış,5 V/3A · 9 V/2A · 12 V/1.5A · 18 W maks,2
Model,Lenovo USB-C to Ethernet Adapter,1
Model,HP ProOne 240 G10,3
Tip,4-post teleskopik rack slide kit,1
Bağlantı,USB-C → HDMI 2.1,1
Simsiz,Wi-Fi 7 + Bluetooth,4
Volume,0.0266 m³,1
Part number,SDCS2/512GB,1
Məhsul tipi,IP Telefon,1
Akselerasiya,"SoC4 ASIC, desktop",3
Soyutma,fanless,2
Ölçü (H×D×W),44 × 230 × 330 mm,3
Batareya,"qulaqlıq + keys; USB-C şarj (~0.66 saat qulaqlıq, ~2 saat keys)",1
Giriş diapazonu,"160–275 V (əsas); 100–275 V (half load, adjustable)",1
Qida,"12 V / 3 A adapter, maks. 36 W",1
Hündürlük,60.7 mm,1
Part number,2E-KS280WBGR_AK,1
Tip,Ağıllı IK pult,2
Model,HPE ProLiant ML350 Gen10,1
Protective functions,waterproof material,1
Qida,"5 V 1A, 2 × USB-A–USB-C kabel daxil",1
Yaddaş,2048 MB,3
İşıq axını,750 lm-ə qədər (3 m),1
Ön qapı,"Təkqanadlı polad, 63% perforasiya, kilid",1
Yan panellər,"İkiyarımlı bütöv sac, çəngəl + silindr kilid",1
DPI,1000 dpi,4
Seriya,Apacer AH25B,3
Host,PCIe Gen3 x8,1
USB-C giriş,5 V/3A · 9 V/3A · 12 V/2.5A,1
PCIe,2 × PCIe Gen4 + 1 × PCIe Gen3,1
Maksimal istifadəçi sayı,512 müştəri (Tövsiyə olunan: 110 aktiv cihaz),1
Rəng (korpus),Qara,5
Ölçü,"148,8 × 91,4 × 8,6 sm",1
Həssaslıq,-6,1
Tip,100 q DAC (Direct Attach Copper) passiv kabel,2
Əlavə xüsusiyyətlər,"Dolby Audio/Atmos; SSD Opal şifrələmə; Korpus: WLAN models: PC + 20% CF (top), PC + 20% CF (bottom)",4
USB,Var,2
Rəng,ağ-boz,1
Duplex çap,"Avtomatik, 17 ipm",1
Prosessor,Intel Core Ultra 7 255H,1
Oxuma / yazma,14700 / 14000 MB/s,1
Seq. oxuma/yazma,100 / 80 MB/s-ə qədər (cihazdan asılı),2
Daxildir,Klaviatura + Mouse,5
EAN,0196786272547,1
İdarəetmə,Pinch / Sensor toxunma idarəetməsi (musiqi və zənglərin idarəsi),1
Rəng,black and gray,1
Equipment,microphone / cable with 3.5 mm jack x2 (TRS/TRRS) / wind protector nozzle / user's manual / microphone stabilizer-mounting aluminum,1
Part number,2E-HG340YW,1
Model,KG300 LED Black (2E-KG300UB),1
Zəmanət,Limited lifetime (HPE Instant On),24
Xüsusiyyətlər,"Rəngli ekran, Gigabit sürəti, zəng yönləndirmə, konfrans, XML xidmətləri",1
Part number,2E-MM011_OLD,1
Düymə növü,Yüksək cavab sürətinə malik membran düymələr (104 ədəd düymə),1
İş yükü,550 TB/il; 24/7; RV sensor; PowerChoice,3
Çəki,1.29 kq,1
İş temperaturu,0°C … 50°C,3
Çəki / ölçülər,Starting at 1.30 kq (2.87 lbs) | 312.80x217.65x15.49 mm,1
Model,GXP1625,1
Number of USB,2 pcs 2.0,2
Part number,2E-GC-BUS-ESGY,1
Model,HP Color LaserJet Pro MFP 3303fdn,1
Duty cycle,30 000 səh/ay; tövsiyə: 1 500,1
Dimensions (ShhVhT),46 x 31 x 6,1
Material,"Rezin, plastik",3
Part number,Q9H62A,1
Tip,Network receiver,1
Batareya,"VRLA, daxili 6 ədəd · Nominal 72 Vdc",1
Model,MU102,1
Portlar,"2 × DisplayPort 1.4, 1 × HDMI 2.1, USB 3.2 Gen 1 hub (1 up / 4 down, 1× BC1.2)",1
USB-C giriş,65 W maks (20 V/3.25A),1
Enerji mənbəyi,Cigar lighter,4
Buffer,1.5 MB,6
Bluetooth,5.0,1
Ekran,"16"", WUXGA 1920x1200, IPS, 400 nits, Anti-glare, 45% NTSC",2
Ölçü,"149,1 × 89,9 × 9,9 sm",1
Təyinat,HPE ProLiant Gen10 Plus / Gen11,1
Uyğunluq,PowerEdge R450 / R550 / R650xs / R750xs / T550,2
Seriya,Yandex ağıllı pult (iqlim sensorları ilə),1
Part number,B28F5UT,1
Part number,865438-B21,1
Part Number,B4QS4AA,1
Part number,A19KFEA,1
Model,"HP OmniStudio X AiO 32""",1
Minimum diagonal,"17 """,7
Seriya,Speak2 75,1
Runtime,100% yük 5.5 dəq; 50% yük 14.5 dəq,1
Çəki,"təxminən 3,1–3,65 kq",1
Çəki,225 q,1
Model,GRP2602 q,1
Model,GWN7806PL-PRO,1
Qrafika,Intel Iris Xe / Intel Graphics (inteqrə),1
Bağlantı,USB-A + HyperSpeed + Bluetooth,2
LAN,2 × RJ-45 10/100/1000,1
Bright,210 cd/m2,1
Batareya / adapter,4 hüceyrə 54 Wh Li-Po; 65 Vt USB-C/DC adapter (19.5 V / 3.34 A),1
Part number,TS-133,1
Konstruksiya,Qoruyucu rezin + cızıqdan qoruma + kabel yuvası,1
Part number,AP128GAH353C-1,1
Dərinlik,203.2 mm,1
Tip,FortiSwitch 148F-FPOE — Layer 2 Secure Access Full PoE+,1
Ölçü,8.3 × 133.3 × 44 mm,1
"Çap sürəti (qara, ISO)",24 səh/dəq,1
Part number,0231A0A8,1
Qidalanma,802.3af PoE və ya DC,1
Tip,Compact Hotel IP Phone (Wi-Fi / PSU variant),1
Təyinat,CTO şassiyə daxili disk dəstəyi üçün backplane,1
USB-C,"2 × (5/9/12/15/20 V, 3 A; 20 V / 3,25 A) — hər port",1
Part number,P06367-B21,1
Model,Lenovo ThinkVision S27i-30,2
Wi-Fi,"IEEE 802.11ax tri-band 2.4/5/6 GHz, 2×2+2×2+2×2 (3 radio)",1
İnterfeys,"USB 20Gbps (USB 3.2 Gen 2x2), USB Type-C",2
Operativ yaddaş,8GB LPDDR5,1
Rəng,Dark Ash Silver,2
Çəki,230–250 q,1
Ekran,"2.01"" TFT status displeyi",1
Baxış bucağı,178° / 178°,9
Model,QSFP-100 q-D-CAB-1 m,1
Bağlantı,2.4 GHz USB qəbuledici,1
Part number,FN-CABLE-SFP-3,1
Part number,JL683B,1
EAN,0197192348024,1
Part number,2E-SP515OSM3WH,1
Ekran,"14"" WUXGA (1920×1200) sensorlu, anti-glare 400 nit",1
Model,GBX20,1
Ekran,"2.29"" toxunma ekran (480×800)",1
Part number,2E-MF270WWH,1
Model,Lenovo ThinkPad X9-14 Gen 1,1
Model,HP S5 524da FHD,1
Qeyd,4TB/5TB yalnız qara; smart power (10 dəq sonra yuxu rejimi),1
Portlar,"2× HDMI, DP, Audio Out",1
Model,DTSPB321XL-CD20,1
Speed class,U3 / C10 / V30 / A2,1
Part number,2E-BSSLMWBN,1
Part Number,AJ0T1AA,1
Nümunə,24 bit / 96 kHz,3
Model,X688,1
Part number,P51181-B21,1
Portlar,16 × GE RJ45 switch + 1 × MGMT + 1 × HA + 8 × GE SFP + 4 × 10GE SFP+ + USB + konsol,2
Portlar,48 × RJ-45 10/100/1000 PoE+,3
Backlight color,white / natural / yellow,2
LAN,"2 × 10/100/1000 RJ45 (PoE diversity), 1 × USB 2.0 Type-A, 1 × RS-232 RJ45 konsol",1
Part number,KF588CU42RSAK2-48,1
HD tipi,4K Ultra HD,1
Ölçülər,27 × 240 × 105 mm,1
Simsiz Sürət,"5 GHz üzrə 2402 Mbps, 2.4 GHz üzrə 574 Mbps (ümumi 2976 Mbps)",1
Model,Lenovo ThinkCentre neo 50a 27 Gen 6,2
Scroll,HyperScroll Tilt Wheel,2
Giriş,"IEC C20, 230 V (110–290 V, 100% yükdə 180–290 V)",1
Part number,RZ19-05060200-R3M1,1
Əlavə xüsusiyyətlər,Lenovo USB-C Dual Display Travel Dock with 100 W Adapter_EU,1
Təyinat,for laptop / desktop computer,32
Saxlama,2 × 480 GB SATA RI SFF BC SSD (cəm 960 GB); 4 × SFF yuva,1
Tip,"Enterprise Layer 3 stackable access, AOS-CX + NAE (HPE Aruba CX 6200F)",2
Material,Metal,2
Part number,S1T23A,1
USB versiya,Thunderbolt 3,1
Qoşulma,Bluetooth 5.1 (10 metr stabil ötürmə məsafəsi),1
Rəng,Vibrant blue (mavi),2
Format,Compact,1
Rəng,black incə teksturalı / white mat / gray mat,1
Batareya,1050 mAh × 2; ~90 dəq 1080p / ~60 dəq 4K (hər batareya). Dəstdə 2 batareya + şarj qutusu,1
Ölçülər,602 × 635 × 287 mm,1
USB-C,1 × 100 W Max.,2
Çəki,190 q (AC kabelsiz),1
Part number,4ZB97A,1
Aylıq yük,10000 səh/ay,1
EAN,0196188736906,1
Panel,IPS,29
Ölçülər (stend ilə),611.6 × 190.1 × 535.2 mm,1
Model,LS106P (LiteWave 6-Port Desktop Switch with 4-Port PoE+),1
OS,Aruba Instant / AOS 8 Unified,1
Platforma RAM,"16 × DDR4 RDIMM ECC, maks. 1 TB, 3200 MT/s",1
İlk səhifə (qara),16 san,1
Xüsusiyyət,"padded handles / with USB interface / all carbines, hinges and zippers are metal.",1
Part number,72C71AA,1
İş temperaturu,-10…+50 °C,1
Model,EC305,1
Ölçü (E×D×H),440 × 410 × 44 mm,1
Maks. sürət,~1.77 Gbps (1.2 Gbps 5 GHz + 574 Mbps 2.4 GHz),1
Konnektorlar,USB-C → USB-A,1
Cable type,H05VV-F,1
Panel,"IPS Black, əyri 1900R",1
PCIe,"PCIe Gen3 x4, low-profile (full-height dəstdə)",1
PoE,"IEEE 802.3af/at, port başına max 30 W, ümumi büdcə 60 W",1
PoE,"185 W, IEEE 802.3af/at, port 1–12",1
Model,Tapo C210 (Pan/Tilt Home Security Wi-Fi Camera),1
Part number,V0L81AA,1
Uyğunluq,"PC, Xbox Series X|S, Xbox One, PS5, PS4; Software Compatibility: NGENUITY",2
Part number,210-BBRU-E-2314,1
Effective Output Power,900 W,1
Qeyd,Model dayandırılıb; spec rəsmi AH750 datasheet-dəndir,1
Teletext,✔️ 1 000 səh.,2
Model,Tapo C230 (Pan/Tilt AI Home Security Wi-Fi Camera),1
Xarici batareya,GXT5-EBC192VRT3U (avto-deteksiya),3
Eyni anda cihaz,3,10
Model,SRV3KRILRK-E,1
Giriş/çıxış gərginliyi,230 V (220/240 V),2
Fiş,IEC 60309 sənaye fişi,6
Part Number,70N24AA,1
Vertical Viewing Angle,178 °,6
Part number,RZ01-04130100-R3G1,1
Radio / sürət,4×4:4 MU-MIMO — 800 Mbps (2.4 GHz) + 1 800 Mbps (5 GHz),1
Ekran,480×272 TFT color LCD,3
Range of action,up to 30 m,2
Forma,Rectangle,3
TDP,235 W,1
Əlavə xüsusiyyətlər,"İşıqlı klaviatura; 8MP kamera + IR; Intel vPro; SSD Opal şifrələmə; Korpus: Aluminium (top), aluminium (bottom)",1
Spikerfon,Tam dupleks (Full-duplex) əks-səda ləğvi ilə,1
Maks. güc,30 W,4
Tip,mecha-membrane oyun klaviaturası,2
PS5,Uyğundur (PS5 maks. 11.25 mm; oxuma tələbi 5500 MB/s-dən yüksək),1
Növ,DDR4 SDRAM,13
Korpus,Standard PCIe plug-in controller,3
Model,CD244,2
Sürətlənmə,50 q,11
OS,Windows / macOS / Linux,28
Bağlantı,USB-A + HyperSpeed 2.4 GHz + Bluetooth,6
Part number,63DEKAT3EU,1
The common frequency band,90 - 20000 Hz,1
Model,Lenovo ThinkPad Bluetooth Silent Mouse,1
Harmonik təhrif,<2%,2
Səmərəlilik,> 96% (AC-AC) · ECO: 99%,2
Part number,210-AZDS-1020219476,1
Tip,IntelliSlot şəbəkə kommunikasiya kartı (növbəti nəsil),1
Ölçü (E×D×H),77.4 × 174.2 × 43 mm,1
Məlumat ötürmə,6 Gbit/s,5
Kənarsız çap,Bəli (A4-ə qədər),1
Tip,Indoor Dual-Band Wi-Fi 7 Access Point,1
PoE Büdcəsi,Ümumi 65 W (hər bir PoE porta 30 W-a qədər güc),1
Overclock,XMP 3.0 Və AMD EXPO (seriya; bu SKU 5600 CL46 1.1 V),2
Form faktor,"Tower, 180.2 × 329.3 × 279.6 mm",1
Rəng,Natural Silver,4
Batareya,"VRLA, hot-swap",1
Part number,2E-MF220WW,1
Part Number,639N3AA,1
Seriya,Razer DeathAdder V4 Pro,2
Ekran,3.0 düym yüksək keyfiyyətli IPS rəngli ekran,1
Tip,Expansion Module,2
Çəki,47 q,4
Çəki / ölçülər,Starting at 1.40 kq (3.08 lbs),1
Volume,0.0030 m³,1
Model,1513-0154,1
Seriya,Kingston Canvas Go! Plus Gen3,3
Horizontal viewing angle,178 °,6
PoE,"180 W, IEEE 802.3af/at, 12 port",1
Polling,4000 Hz,1
Sürücü,"53 mm angled dynamic, neodim",2
Çəki,"7,5 kq",3
Port,1 × 10GBASE-T RJ45 (10 q/5 q/2.5 q/1 q/100 m),1
Baza,4× M10×45 tənzimlənən ayaq + 4 yüksək yüklü təkər,1
Qida bloku (bu konfiq),Dual 1100 W Titanium,1
Xüsusi rejimlər,"Isolation Mode (bir toxunuşla portların təhlükəsiz ayrılması), PoE Auto Recovery (donmuş IP kameraların avtomatik bərpası), Fansız tam səssiz iş rejimi (Fanless), Plug and Play",1
Mikrofon,Qulaqici MEMS (boom deyil),1
Dalğa forması,Stepped approximation to a sinewave,5
Ölçü / çəki,"440 × 270 × 43 mm, 3.7 kq",1
Part number,CE413A,1
Təsvir,"The 2E KS260 membrane wireless keyboard is the embodiment of minimalism, functionality and reliability. This model will be a good choice for those who appreciate elegant design and comfort of use. One of the main advantages of the keyboard is its moisture resistance, so there is no reason to worry too much if you accidentally get liquid on it, because you can continue working after removing it.",1
Operating temperature,0-40 °C,7
İnterfeys,Serial ATA,11
Çipset,Broadcom 5719,1
Uyğunluq,"Headphones, Smartphone",2
Bluetooth,BLE,4
Model,SMC1500IC,1
Mount dimensions,116x308x561 mm / dirək hündürlüyü 407 mm,1
Part number,SP-CONSOLE-USB-10,1
Region,EMEA,4
Qoruma,IP55 (toza və suya davamlı rezin örtük),2
Uyğunluq,Windows 10/7 and previous versions / macOS / Linux,4
Enerji,"typical 315 W, maks. 530 W, standby 0,5 W",3
Cable length!,1.5 m,1
Tip,Professional IP Phone,2
Qutuda,"Pult, USB-C→USB-A kabel",1
Tip,NAS HDD (Seagate IronWolf),3
Platform,"Xbox Series X|S, Xbox One (licensed)",1
Qidalanma,802.3at Class 4 PoE,1
Tip,Briefcase,1
Skaner tipi,Flatbed scanner,2
USB Type-C required charging power (max),5 W,1
Qidalanma,CR2032 batareya,3
Port 1 output current,4.8 A,1
Model,US216,2
Ölçülər (təxmini),38 × 121 × 114 mm,1
Seriya,"Yandex Stansiya Mini Plus (Mini 2, saatlı)",4
Socket,3.5 mm 4-pin gold-plated 3.5 mm (1/8 inch) plug,1
AC çıxış gücü,300 W (ümumi),1
Davamlılıq,MIL-STD-810 q 516.6 (1.22 m düşmə),6
Seriya,Amplon RT Gen3 (Standard Runtime),1
Parallel,2+1 redundansiya (10 kVA modellər),2
Part number,R2X16A,1
Ekran,"14"" WUXGA / OLED Touch (ThinkPad T14s 2-in-1 Gen 1 platform)",1
Şarj temperaturu,0°C ~ 40°C,5
Yığılan kabel,"təxminən 0.7 m, USB-C",1
Part number,2E-MG350UB-WL,1
PoE,"421 W, IEEE 802.3af/at, 48 port",1
Proqram,"Vertiv Power Insight, Trellis, LIFE Services",1
Part number,AP32GAH180R-1,1
"19"" rels","4 ədəd, 1U nömrələnmiş, dərinlik tənzimlənən",2
Dizayn,Gizli yan düymə (qapaqsız),1
Maximum diagonal,"55""",1
Model,HP OmniBook Ultra Flip,3
Disk yuvası,"8 × SFF 2.5"" (backplane ayrıca seçilir)",1
"Çap sürəti (qara, ISO)",27 səh/dəq,1
Yaddaş,1TB PCIe-4x4 2280 TLC M.2 SSD,3
Part number,8T1N7EA,1
Battery powered,2xAAA,2
Fırlanma,15 000 dövr/dəq,2
Part number,22AY005JFW,1
Gərginlik,1.5 V,12
Qida kabeli,0.2 m,3
Tezlik,20 - 20000 Qts,1
Part number,RZ01-05330200-R3G1,1
Rəng,Blue,2
Ölçü,"127,1 × 77,4 × 8,7 sm (50.04 × 30.47 × 3.43 in)",1
Part number,64ADGAT1EU,1
DRAM cache,256MB,1
OS Compatibility,Windows (10/7 and earlier versions) / Mac OS / Linux,2
Giriş interfeysi,USB Type-A,1
Tip,Outdoor dual-band Access Point / Client Bridge / WDS (EnGenius EnJet/EnSky),1
USB,"1 × USB 3.2 Gen 1 + 2 × USB 2.0, USB Copy",3
Antenna,BeamFlex+ · 4000+ patterns/band · up to 4 dBi,1
Maks. ümumi uzunluq,10 m (əsas lent + uzadıcılar),1
Montaj,Tavan/divar klip dəstdə; flush sleeve R9B36A ayrıca,1
CPU,"AMD Ryzen 7 7000 8C/16T, burst 5.3 GHz, Radeon Graphics, AES-NI",2
Seriya,Razer Kraken V4,1
Model,SRTG5KXLI,1
Soyutma,Maximum Performance fan dəsti,1
İki kanallı çəkiliş,Arxa kamera (RC06) və daxili salon kamerası qoşulma dəstəyi,1
Tezlik,1600 MHz (PC3-12800U),4
Xüsusiyyət,"adjustable shoulder strap removable, cushioning, anti-slip belt",1
EPTZ,elektron pan/tilt/zoom,1
Ölçü / çəki,"96.5 × 53.6 × 12.5 mm, 75 q",3
Növ,LTO-9 WORM lent kartric dəsti,1
Tip,FortiSwitch 224E-POE — Layer 2/3 Secure Access PoE+,1
Anti-ghosting,Bəli,2
Model,Dell 2.4TB Hard Drive SAS ISE 12Gbps 10K 512e 2.5in Hot Plug with 3.5in HYB CARR,1
Part number,ad1TBG55HM2P,1
Protection,Child Safety Protection / IP 20 / With overvoltage protection,1
Zəmanət,3 il (batareya daxil),3
Tip,Bütün ev üçün Mesh Wi-Fi 6 sistemi (2 moduldan ibarət komplekt),1
Tətbiq,Ofis / call center (DECT baza stansiyası ilə),1
Seriya,Evolve 20,1
Çəki,415 q,1
Part number,AG32GB56C46N5S,1
Ekran,Kiçik LCD,1
Part number,FG-40F-3G4 q,1
"Çap sürəti (rəng, draft)",22 səh/dəq,1
Bağlantı,Bluetooth + Jabra Link 390c (USB-C),1
USB-A çıxış,5 V/3A · 9 V/3A · 12 V/1.5A · 10 V/2.25A · 22.5 W maks,3
Çəki,890 q,2
Part number,EWS357-FIT,1
Ekran,"27"" Full HD (1920×1080) IPS/UWVA 300 nit 100 Hz",1
Çıxış,30 W Class 4 (802.3at),1
Tip,Wi-Fi Access Point (WLAN AP),1
Prosessor,1000 MHz,1
Polling,8000 Hz (naqilli),1
Part number,AD2Y9ET,1
Part number,P43019-B21,1
Model,F-MM850-300 m-10 q,1
Part number,BE1P9AA,1
Korpus,Soft-touch plastik,11
Çəki,98 q,3
Tutum,240 GB,1
Base,5 telefon / BS,1
Part number,FON-580,1
Part number,21Q6001PFW,1
Səs,<53 dBA,1
Volume,0.0439 m³,1
Yaddaş form faktor,288-pin DIMM,4
Ölçü / çəki,"308 × 136.4 × 49.6 mm, 580 q",1
Ölçülər,482 × 42.8 × 678 mm (PSU səthinə qədər),1
Çəki,"1,76 kq",3
Part number,2EDGEIFUSB,1
Tutum,1.92 TB,4
Protokollar,"PD 3.0/2.0, PPS, QC3.0, FCP, AFC, SCP, BC1.2",1
Tip,"FortiGate 101F — 1U NGFW + SD-WAN, dual PSU + SSD",1
Tutum,10 000 mAh,2
Part number,SFYR2S/1T0,1
Düymə sayı,106 pcs,2
Tip,USB-A idarəetmə konsol kabeli,1
Part number,2E-U05ES15M10WH,1
Batareya,VRLA · 1 × 12 V × 7 Ah,1
Qeyd,DEMO,1
Kontroller,Marvell AQtion AQC107,1
Paket,"20 kartric, custom barcode etiketi, plastik qutular",1
Ölçü,124 × 67 × 38 mm,4
Host interfeys,USB 2.0,1
İş temperaturu,0°C ~ 50°C,2
Part number,B72U6ET,1
Model,Dell 64GB - 2Rx4 DDR4 RDIMM 3200MHz,1
Part number,8A4G4EA,1
Tutum,64GB,4
Protokollar,"PD 3.0, PPS",1
Mute,Bəli,4
Həcm,17 L,1
Uyğunluq,"Instant On injektor, adapter və seçilmiş AP/switch PSU",1
Tip,Tavan montaj bracketi (AP-MNT-D),1
Ölçülər,581 × 445 × 306 mm,1
Part number,006R04387,1
Əlavə xüsusiyyətlər,"SSD Opal şifrələmə; Korpus: PC + 20% CF (top), PC + 20% CF (bottom)",2
Part Number,9A273AA,1
Part number,SDCS2/32GB,1
Düymə,6 proqramlaşdırılan,2
Hündürlük,27.2 mm,1
Çəki,340 q,3
Model,YNDX-00027LIL,1
Part number,470-BCFW,1
RGB,Per-key RGB,15
Platforma,Xbox Series X/S və PC,1
Konnektor,CEE 7/7 (EU)  →  IEC 60320 C6 (cloverleaf / Mickey Mouse),1
Tip,Indoor Wi-Fi 6 Access Point,1
Yaddaş,512 GB SSD | M.2 2242 | PCIe 4.0,6
Portlar,8 × RJ-45 10/100/1000 Mbps (hamısı PoE+),1
Model,GRP2601P,1
Ekran,"16"", WUXGA 1920x1200, IPS, 300 nits, 60 Hz, Non-Touch, Anti-glare, 45%NTSC",2
Part number,P51178-B21,1
Bağlantı,Bluetooth 5.2 + Jabra Link 390a (USB-A) MS adapter,1
Part number,FAP-231 q-E,1
Çəki,13 q,3
Crest factor / on-line qoruma,On-Line UPS,1
Seriya,addlink Premium MicroSDXC,1
Parlaqlıq,420 cd/m² (typical),1
Portlar,24 × Gb RJ45 PoE,1
Part Number,4P5Q1AA,1
Zəmanət,5 il,70
USB,2 × USB 2.0 + 2 × USB 3.2 Gen 1,1
DP Alt Mode,Bəli,1
Privacy cover,bəli,1
Seriya,Kingston DC600 m (Mixed Use),5
Tip,Compact Hotel IP Phone (rəngli ekran),2
Volume,0.0658 m³,1
Part number,DTXM/256GB,1
Ölçü / çəki,"173 × 97 × 29 mm, 310 q",1
Model,4GB DDR3 1333 VLP REG DIMM (Very Low Profile),1
Tutum,2600 səhifə,2
Batareya / adapter,"57 Wh, 3 cell, 65 W adapter",1
Part number,2E-GC-BUS-WELG,1
Category,standard/office,2
Həcm,4 GB,7
USB,Ön 1× USB 3.0 + iLO service; arxa 2× USB 3.0; daxili 2× USB 3.0,1
Eyni anda cihaz,2,12
Tip,Portable speakerphone,1
Part number,Ad32GB56C46P5U,1
Model,GRP2602P,1
Çəki,129 q,1
Additionally,Coating – glossy polyester / Original print with the image of a capybara,4
Portlar,24 × Gigabit Ethernet,1
Səs,maks. 55 dBA @ 1 m,1
Forma,"3.5"" (hündürlük 20.20 mm)",1
Power Supply,Battery LR44 (dəstdə),1
Güc,"8,2 Vt (3 m)",1
Çəki,1.01 kq,6
Model,RG-NBS3100-8GT2SFP-P,1
Tip,8-xətli rəngli sensorlu Gigabit IP telefon (Executive),1
Güc,450 W,1
Model,Dell High-TDP heatsink,1
Model,MG340 (2E-MG340UB),1
Model,YNDX-00025-YELLOW,1
Model,PB720,1
Tip,"FortiSwitch 110 q-FPOE — Layer 2 Multi-Gig PoE-bt Secure Access, fanless",1
Portlar,"USB-C + USB-A hybrid, dual display, RJ45",1
Kabel,3 m,6
Qulaqlıq tipi,Binaural,2
Uyğunluq,YNDX-00544 ağıllı LED lent,1
DPI,1600 dpi / 1000 dpi / 1200 dpi,2
Part number,QSW-M408-4C,1
Part number,B0CG3UT,1
PoE,"IEEE 802.3at, 24 × PoE+ port, ümumi büdcə 170 W (port başına max 30 W)",1
Çəki,2.03 kq,1
İdarəetmə,FortiLink (FortiGate) və ya standalone FortiSwitchOS / Web GUI / CLI,17
Seriya,Razer DeathAdder V3,1
Antenalar,Daxili (Internal Antennas),1
Brend,Cisco,22
Davamlı ötürmə,"270 MB/s / 258 MiB/s (davamlı, OD)",1
Model,YNDX-00521,1
Ekran,"2.7"" kapasitiv rəngli toxunma",1
Seriya,Nexode,5
Klaviatura,işıqlı,12
Tip,Cloud idarə olunan wall-plate Access Point (EnGenius Cloud),1
Zigbee,3.0,12
Tip,Over-ear simsiz qulaqlıq,2
Ölçü,406 × 360 × 309 mm; çəki 8.6 kq,1
Növ,Baffle kit,1
Ölçülər,"26.7x432.17x132.13 mm (klaviatura), 36.36x60.4x109.78 mm (siçan)",1
Interface,USB / RS-232 / optional SNMP adapter,2
Tip,Table stand (masa dayaqı),1
Part number,EWS1200-28TFP,1
Batareya / adapter,58 Wh,1
Model,Lenovo ThinkPad T14s Gen 6,3
Keş,18 MB L3,1
Kamera,"13 Mp, 120° baxış bucağı, mexaniki pərdə",4
Compatibility with fasteners VESA,75x75 mm / 100x100 mm,6
Çıxış,15.4 W Class 3 (802.3af),1
Tip,Layer 3 Managed Switch (fiber-focused),1
Dinamik,2 genişzolaqlı 50 mm + 1 LF 100 mm + 2 passiv radiator,4
CAS latency,CL16-18-18,2
Korpus materialı,plastic,12
Xətlər / SIP,6 line keys · 16 SIP accounts,1
İnterfeys,1 × USB 3.2 Gen 2 Type-C (10 Gbps),1
Part number,4X31R64481,1
Part number,P87466-425,1
Sürətli şarj,Bəli,40
Part number,2E-TMX03,1
Çəki,"50,8 kq (112.0 lb)",3
Random 4K,540000 IOPS oxuma / 47000 IOPS yazma,1
Çəki / ölçülər,5.4 kq (11.9 lbs) | 539.8x199.7x504.8 mm,1
Ekran,"23.8"", FHD 1920x1080, 250 nits, 75 Hz",1
Brelok deşiyi,Bəli,4
Tip,"18-bay 2U hybrid enterprise NAS (QuTS hero), redundant PSU",1
Firewall (1518/512/64 byte UDP),10 / 10 / 6 Gbps,2
Portlar,"RJ-9 qulaqlıq yuvası, genişləndirmə modulu portu",1
Effective Output Power,2700 W,1
Forma,"2.5""",18
Ölçülər (U×E×H),90 × 70 × 101 mm,1
Düymə sayı,"4 düymə (Sol, Sağ, Diyircək və DPI dəyişmə düyməsi)",1
Ekran,"27"", FHD 1920x1080, 300 nits, 60 Hz",1
Sertifikat,"Microsoft Teams, Zoom",1
Kabel,0.5 m,1
Aggregate,~3 Gbps,1
İstehsal,Made in Taiwan,26
Konnektor 2,USB C,9
Model,X753,1
Part number,2E-CPG-006,1
USB,Hi-Speed USB 2.0 (device),1
Model,Dell Pro Compact Silent KM555,1
Model,Lenovo ThinkBook 16 G9,4
Volume,0.0039 m³,2
Seriya,Liebert itON,2
Ölçü (H×D×W),44 × 209 × 250 mm,2
Soket,FCLGA1200,3
Part number,6B8U6AA,1
AWG,24/28,1
Part Number,73C12AA,1
Model,Dell Pro 27 Plus P2725D,1
Model,X757,1
Resurs,25 000 saat,1
Part number,2E-SPEED-XL-YW-PRO,1
Ekran,"34"" WQHD (3440×1440) 400 nit 120 Hz",1
IPsec VPN (512 byte),7.1 Gbps,2
Keş,Yoxdur,1
Qoşulma,"2.4 GHz Wi-Fi, Tapo mobil tətbiqi ilə 24/7 canlı nəzarət",1
Protokollar,"Power Delivery 3.0 (PD3.0), PPS Super Fast Charging, Quick Charge 4+/3.0, SCP, FCP, AFC, Apple 5V2.4A, Samsung 5V2.4A",1
Daxili yaddaş,Yoxdur (480 GB SSD FG-121 q-dədir),1
Ethernet,Dual GigE · 802.3af PoE,3
Dönmə,7200 rpm,5
PoE,"410 W, IEEE 802.3af/at, port 1–48",1
Port,USB Type-C,4
Parlaqlıq,"250 cd/m² (tipik), 1000 cd/m² (HDR pik)",1
Batareya / adapter,"20000 mAh (73 Wh), 140 W max",1
Bağlantı,USB-A + Bluetooth,1
Tutum,6 000 səh (ISO/IEC 19752),2
Rəng,Qara / qırmızı,3
Zəmanət,5 il (məhdud),13
Korpus,Stand up,5
Zəmanət,2 il (HyperX),96
Sertifikat,"UL 2900-1, IEC 62443-4-2 (cybersecurity), secure boot",1
Purpose,TV mounting,5
Tip,"Seagate Exos 7E10 3.5"" enterprise HDD (512e/4Kn FastFormat, Standard)",3
Amount,100 pcs,1
Part number,RZ38-04900300-R3G1,1
Analoq,2 × FXO · 2 × FXS,1
Əlavə xüsusiyyətlər,"Dolby Audio/Atmos; Harman audio; SSD Opal şifrələmə; Korpus: Aluminium (top), PC-ABS (bottom)",2
Giriş/çıxış,"220/380, 230/400, 240/415 Vac (3P4 W + G)",2
Serial,RS-232 / RS-485,1
PMIC,Modul üzərində (1.1 V),2
Media,"MMF, fiber optic",2
Model,CP-9971-C-K9 (Hardware V11),1
Uyğunluq,"Smartphone, Tablet",1
Model,EU-5 V-0-6A,1
Tip,Smart/Cloud idarə olunan Layer 2 Gigabit kommutator (HPE Instant On 1830),6
Audio,2×2 W dinamik,1
Part number,TS-1264U-RP-8 q,1
Digər I/O,RJ-45 konsol; USB 3.0 WWAN (cellular failover),1
Əvəzedici batareya,RBC6,1
Soyutma,Heatsink,10
Ölçülər,66 × 39.8 × 30.1 mm,2
Çəki,"təxminən 10,9 kq",1
Şəbəkə portları,2 × 10/100BASE-TX RJ-45 Ethernet (Switch),5
Rəng,ağ-mavi,2
Standart,802.11ax (Wi-Fi 6),2
Kabel tipi,Passiv,3
PoE,"55 W, IEEE 802.3af/at, port 1–8 (port başına 30 W-ə qədər)",1
Part number,JL558A,1
Material,"Alüminium korpus, örgülü",4
Kağız çəkisi,65 - 120 q/m²,4
Part Number,4Z7X5AA,1
Korpus,Döner qapaq (swivel),4
Tip,"Seagate Exos M 3.5"" enterprise HDD (Mozaic 3+ HAMR, 512e ISE)",3
Tip,Açılış sensoru,1
Tətbiq,Headset–PC USB bağlantısı,1
Tip,10Gbps SFP+ BiDi WDM Single Mode Optik Modul (10GBASE-BX),2
Yük,800 kq statik,1
Model,YNDX-00547,1
Form faktor,1U rack,2
USB-A,2 × 18 W (hər port),1
Xüsusiyyət,Plug and Play,1
Prosessor,1 GHz Dual Core,1
Part number,R3X86A,1
Part number,ECS1552FP,1
Host interfeys,RJ-45,1
MTBF,366 919 saat,1
Part number,63D6UAT3EU,1
Part number,JL686B,1
Maximum load current,16 A,8
Random oxuma (4KB),58500 IOPS,1
Çəki,"təxminən 2,2 kq",1
Switch,Clicky Optical Purple,1
Xüsusiyyətlər,"WoL, PXE, MAC pass-through",1
Çəki,3.01 kq,1
Part Number,4P5E2AA,1
Məsafə,220 m (62.5/125 µm) / 500 m (50/125 µm),1
Model,HP Z4 G5 Tower,2
Part Number,51P68AA,1
Ekran,"27"" Full HD (1920×1080) IPS/UWVA 250 nit 100 Hz",1
Çəki / ölçülər,7.9 kq (17.4 lbs) | 613.8x204.7x584.6 mm,2
BLF / Speed Dial,48 digital düymə,2
Düymə resursu,10 milyon basılma ömrü,1
Tam ad,HPE LTO-9 Ultrium 45TB WORM Custom Labeled 20 Data Cartridges with Cases,1
Peak current,1 A,2
Xətt sayı,"16 proqramlaşdırılan xətt/funksiya düyməsi (iki rəngli LED), 4 kontekstual soft-key",1
Korpus,"Alüminium, örgülü",1
Yaddaş,512 GB SSD | M.2 2280 | PCIe 4.0 | Opal 2.0 | TLC,13
Protokollar,"SNMP v1/v2c/v3, Modbus TCP, HTTP/HTTPS",1
Part number,2E-CBN315BG,1
Wi-Fi,Yox,1
Model,Alienware AW2725D,1
Çıxış gərginliyi,"5, 9 V",1
Part number,RZ01-04870100-R3G1,1
Tutum,"7,5 Ah",1
Protokollar,"SNMP v1/v2c/v3, HTTP/HTTPS (BACnet/Modbus yox — DP modelindədir)",1
RAID səviyyələri,"0, 1, 5, 6, 10, 50, 60",1
Bağlantı,"3.5 mm, USB Type-C",3
Forma faktoru,240-pin Registered DIMM (RDIMM),1
Firewall (SPI),4 Gbps,1
Prosessor,1.2 GHz Quad Core; 2 GB RAM; opsional 500+ GB HDD,2
Part number,SFYR2S/4T0,1
Part number,R8R46A,1
Adaptive Sync,"VESA Adaptive-Sync, AMD FreeSync Premium",1
Əlavə,"One Touch Auto-backup; Transcend Elite (AES şifrələmə, disk kilidi)",4
Volume,0.0191 m³,1
İnterfeys,Wireless 2.4 GHz,2
Ölçü (E×D×H),101.85 × 147.0 × 20.2 mm,1
PoE,Yoxdur (PoE variantlar: 424E-POE 250 W / 424E-FPOE 421 W),1
RJ45 Portlar,24 × 10/100/1000BASE-T PoE/PoE+ portu (IEEE 802.3af/at),1
Gecə görüntüsü,850 nm IR LED ilə 12 metrə qədər aydın gecə görmə,1
Rəng,Meteor Silver,5
Simsiz şarj gücü,20 W,2
Part number,R9D16A,1
Model,HP LaserJet MFP M141 W,1
İş temperaturu,0 - 40 °C,6
Tip,Wireless professional headset (Third Edition),1
Sürət sinfi,"Class 10, Class 3 (U3), V30",5
Oxuma / yazma,560 / 530 MB/s,4
Tezlik,40–70 Hz (autosensing),1
Part number,2E-MF110UW,1
Növ,Cable kit,1
İlk səhifə (qara),13 san,1
Görüntü,Gecə və gündüz görüntüsü,1
Part number,TS-832PXU-4 q,1
Model,GWN7670,1
Konnektor 2,RS-232 dB-9 (Qadın / Female Serial),1
Növ,Fibre Channel HBA,1
Standart,802.11ac Wave-2,3
Çəki,350 q,12
SSD tutumu,1920 GB,3
Dərinlik,246.9 mm,2
Output voltage,220 V / 230 V / 240 V / 208 V,2
Part number,827M6EA,1
Tezlik,5600 MT/s (JEDEC; seriya XMP/EXPO ilə 7200-ə qədər),2
Çəki,"təxminən 111,8 kq",1
Switching capacity,56 Gbps,2
Seriya,Apacer DDR4 Notebook Memory,1
Açıq dövrə gərginliyi (Voc),"46,5 V",1
Giriş/çıxış gərginliyi,230 V (220/240 V konfiqurasiya oluna bilər),1
Çəki,0.64 kq,1
Qrafika,NVIDIA GeForce RTX 5070 Ti 16GB,1
Ölçülər,142.3 × 103.4 × 64.3 mm,2
Hündürlük,139.7 mm,2
Tip,FortiGate 51 q-SFP-PoE — desktop NGFW + PoE+ + SFP + SSD,1
Uyğun məhsullar,SDXC/SDHC/SD/Extreme I III SD/Ultra II SD/MMC,1
Part number,4A8D4A,1
Vəziyyəti,"İşlənmiş (2-ci əl, test edilmiş, tam saz vəziyyətdə)",1
Xətt sayı,"6 proqramlaşdırılan xətt/funksiya düyməsi, 4 dinamik soft-key",1
Çəki,"16,3 kq",1
Part number,21UX0096FW,1
Ölçü,450 × 400 × 5 mm,2
Korpus,Akustik parça,7
Part number,2E-MF250WBL,1
Fırlanma bucağı,360° üfüqi (Pan) və 114° şaquli (Tilt) əhatə,1
Laptop Form Factor,"17""",6
Ölçülər,124.5 × 56 × 27.27 mm,1
Part number,DTDUO3CG3/64GB,1
Model,Lenovo ThinkPad Essential 13-14-inch Slim Topload Eco,1
Part number,2EdgeRED,1
Model,M751,1
Layout,RU,9
Part number,21QA001FRT,1
İş temperaturu,0°C ~ 60°C; qidalanma: 5 V,9
Part number,540-BBVM,1
Pulsasiya əmsalı,<1% (maks. parlaqlıqda),1
Forma,"SFP, hot-plug",1
Part number,700751-B21,1
Switch,Razer Yellow (linear),1
Protokollar,SCCP və SIP (Cisco CUCM / CallManager / CME),1
Part number,G&G-106R02773,1
Tip,USB Micro konsol idarəetmə kabeli (P/N: 37-1090-01),1
Model,CR125,1
Bağlantı,HyperSpeed 2.4 GHz + USB-C,3
Çəki,"Maks. 13.14 kq (4×3.5"") / 11.74 kq (8×2.5"")",3
Model,CR113,1
Rəng,Qara / Sarı,1
Tip,Smart Managed Layer 2 Gigabit PoE+ kommutator,1
Part number,2ECARTVCS,1
Çəki,260 q,9
Part number,210-AZZG,1
Xüsusiyyət,cable management system / VESA quick release plate,3
Ölçü,42.2 × 15 × 6.7 mm,1
Hündürlük,508 mm,1
EAN,4549821037834,1
Çəki,322 q,1
Prosessor,"12-ci nəsil Intel Core i5-12500 vPro — 6 nüvə / 12 axın, 18 MB, 65 Vt, 3.00–4.60 GHz",1
Məsafə,"OM3/OM4 multimode, 300 m-ə qədər",1
Tutum,2TB,11
Dimensions (WxHxD) with Stand,955x238x599 mm,1
Motherboard Power Connector,24 pin,2
Zəmanət,12 ay,15
Batareya,100 saat,6
SLC cache,SLC 200GB,1
Qeyd,"Instant Secure Erase; FastFormat 512e→4Kn; idle 6.9 W, max random 9.5 W; 10–60 °C",2
PCIe,1 × PCIe Gen3 x8,2
Yaddaş (bu konfiq),256 GB M.2 PCIe NVMe SSD,3
Part number,12SA002URU,1
Montaj,In-Wall,1
Dimensions (ShhVhT),38.9x28.5x7 cm,1
Prosessor,540 MHz,1
Təyinat,PC/Server,3
Ölçülər (açıq),2.400 × 905 mm,1
Sürücü,TriForce Bio-Cellulose 50 mm,4
İnterfeys,SAS 12 Gb/s,15
Portlar,12 × SFP+,1
Standart,USB-C PD,1
Çəki,7 q,7
Portlar,1 × USB-A,2
Portlar,"1x USB-A (USB 10Gbps / USB 3.2 Gen 2), Always On; 2x USB-C (Thunderbolt 4 / USB4 40Gbps), with USB PD 3.0 and DisplayPort 2.1; 1x HDMI 2.1, up to 4K/60 Hz; 1x Headphone / microphone combo jack (3.5 mm); NVMe password; Power-on password; Supervisor password; System management password; Certificate-based BIOS authentication; FIDO (Fast Identity Online) authentication",2
Rəng,Qara (Black),10
Kağız,250 + 1 əl slotu (standart 251); opsional 550; maks. 801,1
Prosessor,Intel Core i5-14500T,1
Part number,FG-101F,1
Tip,"8-bay 2U rack NAS, redundant PSU",1
HDR,HDR10; DSC dəstəyi,1
Xüsusiyyət,Plug & Play / Soft Touch / Silent Keys,1
Səs,THX Spatial Audio + haptik,1
Platforma,PlayStation,1
Konsol,USB-C console + USB-A host,6
Zəmanət,Vertiv rəsmi zəmanət,5
Model,2GB 1Rx8 PC3-12800U 11-11-A1,1
Düymə,114,1
Part number,LI32111CT00,1
Texnologiyalar,"AMD FreeSync dəstəyi, TÜV Rheinland sertifikatlı ComfortView və Flicker-Free texnologiyası",1
App,BLUETTI App,1
Wi-Fi,Intel Wi-Fi 6 AX201 (802.11ax),1
Tip,4-bay 1U short-depth rack NAS,1
Notebook compartment (ShhVhT),39.5x27.9x5.5 cm,1
Model,Lenovo ThinkVision T34 W-30,1
Ölçü,62.85 × 120.24 × 40.7 mm,1
En,45.5 mm,1
Part number,AP512GAS725B-1,1
İnterfeys,WLAN,1
Düymə sayı,5+ proqramlaşdırılan funksional düymə,1
RAM,16 GB DDR5 (1×16 GB),2
Part number,21NU00J7FW,1
Çap texnologiyası,Termal birbaşa çap,3
macOS,Mac OS 8.6,1
Operativ yaddaş,24GB LPDDR5X 7467,1
Operativ yaddaş,16GB DDR4,5
Rəng,Qara-qırmızı,8
Giriş cərəyanı,2.4 A,1
Wi-Fi,"dual-band 2.4/5 GHz, 802.11b/g/n/",2
Kabel,inteqrasiya olunmuş USB-C 12 cm,2
Çəki,min. 1.79 kq,2
Anten,6 daxili: 2× dual-band 2.4/5 GHz + 2× 6 GHz + 1× BLE/ZigBee + 1× GPS,1
Ölçü,12.6 × 39 × 4.9 mm,1
Tip,Leatherette / leather qulaqlıq yastığı dəsti,1
Forma faktor,Rack/Tower 5U,3
Model,Dell SFP+ SR 10GbE,1
Portlar,"1x USB-A (USB 5Gbps / USB 3.2 Gen 1); 1x USB-A (USB 10Gbps / USB 3.2 Gen 2), Always On; 2x Thunderbolt 4, with USB PD 45-65 W and DisplayPort 2.1; 1x HDMI 2.1, up to 4K/60 Hz; 1x Headphone / microphone combo jack (3.5 mm); 1x Ethernet (RJ-45); Touch style fingerprint reader integrated in power button, match-on-chip; No fingerprint reader; Certificate-based BIOS authentication; FIDO (Fast Identity Online) authentication",2
USB,"2× USB 3.1, 1× USB 2.0, 1× USB Type-C",1
Model,Dell UltraSharp U3425WE,1
Ekran,"16"", WUXGA 1920x1200, IPS, 400 nits, 60 Hz, Non-Touch, Anti-glare, 45%NTSC",2
Operativ yaddaş,8GB(1x8GB) DDR4 3200,1
RBC,APCRBC140 (2 ədəd),1
Layout,2 x 16 GB,2
İlk səhifə (rəng),13 san,1
Form faktor,Ambidextrous,2
Səth,"Anti-glare, 3H",1
Rəng,Dark Blue,2
Dimensions (ShhVhT),34x49x24 cm,1
Güc,650 VA / 375 W,1
Zəmanət,1 il (bu qiymətə; Dell platformasında 3 il Advanced Exchange mövcuddur),1
Uyğunluq,Universal,19
Bağlantı,"Wired, USB Type-A",1
Part number,21YC003UFW,1
Ölçü (D×E×H),150 × 177 × 37 mm,1
Gecikmə,10 ms (2.4 GHz),2
Maximum output power,2.5 mW,5
Part number,ECW220S,1
Komplekt,"Yığılı (MN); şüşə qapı, yanlar, 4×19"" rels",2
Operativ yaddaş,32 GB LPDDR5x-8533,1
Seriya,UGREEN Revodok Pro 313,1
İdarəetmə,GWN.Cloud / embedded controller,3
Kabel uzunluğu,1.8 m,1
QNAP SKU,7212324T-7050000-000-RS,1
Səs gücü,18 Vt,3
Zəmanət,12 months,76
Part Number,GXE3-3000IRT2UXL,1
Rəng,Titan qara,2
Kommunikasiya,"USB, RS-232, IntelliSlot, REPO",1
Təhlükəsizlik,"Daxili səs və işıq siqnalizasiyası (Siren), Məxfilik rejimi (Privacy Mode)",1
Portlar,"2x USB-C, 1x USB-A",1
ECC,Bəli,7
Çəki,"1.91 kq (bu konfiq, Dell labs)",1
Form faktor,Rackmount 2U,1
TPM,2.0,3
Qoruma,Water resistant,3
Model,24189-999-799,1
Qorunma,Nəmə və maye sıçramalarına qarşı daxili qoruyucu konstruksiya,1
Rəng,blue,1
Standart,10GBASE-T,1
Part number,AP128GAH180R-1,1
Model,Lenovo 65 W USB-C DC Travel Adapter,1
Erqonomik tənzimləmə imkanları,4-istiqamətli peşəkar tənzimləmə:,1
Konfiqurasiya,BI — Wi-Fi + USB (Ethernet yoxdur),1
Çəki,1.84 kq,2
Oxuma sürəti,505 MB/s,1
Çıxış qabı,50 Vərəq,3
Tip,FortiGate 50 q-SFP — desktop NGFW + SD-WAN + SFP,1
EAN,0190017503882,1
Rank / təşkilat,2RX4,1
QNAP SKU,72123400-6000000-000-RS,1
Tutum,32GB,4
Fiber,Multi-mode (OM3/OM4),1
Tezlik,10–25 Hz,1
Prosessor,"Intel Core Ultra 5 125H (14 nüvə / 18 axın, 1.2–4.5 GHz, 18 MB keş, 28 W, Arc qrafika, NPU ~11 TOPS)",1
Tip,DECT VoIP Base Station,1
Çəki,5.64 kq (stend ilə) / 3.65 kq (stendsiz),1
Model,GWN7660LR,1
İlk səhifə (qara),"8,5 san",5
Rəng,Glacier Silver,7
Rəng,Luna Grey,9
Part number,R3R30A,1
OEM kod,CF410A,1
Portlar,16 × GE RJ45 + 1 × MGMT + 1 × HA + 8 × GE SFP + 4 × 10GE SFP+,1
Tip,16-xətli inzibati / menecer / operator IP telefonu,1
Tip,"Indoor Wi-Fi 6 (802.11ax) dual-radio Access Point, NebulaFlex",1
Model,LS1008 (LiteWave 8-Port 10/100 m Desktop Switch),1
Part number,4X90Q59480,1
Dupleks,Var,1
Ölçü,409.2x144.6x35.1 mm,1
Batareya,70 saata qədər (işıqsız),1
Portlar,48 × GbE RJ45 PoE 802.3af/at,1
Montaj,Bracket daxil deyil (R3J18A),1
"Çap sürəti (qara, ISO)",16 səh/dəq,2
Protokollar,"SIP v2 (RFC 3261), SPCP (Smart Phone Control Protocol)",1
Əlavə xüsusiyyətlər,"Barmaq izi oxuyucu; İşıqlı klaviatura; 5MP kamera; Korpus: Aluminium (top), PC-ABS (bottom)",2
Part number,2E-SPRT-VGA,1
Təyinat,Masaüstü gaming PC,2
Qidalanma,USB bus (əlavə adapter yoxdur),19
Number of conductors,3 pc(s),4
Qeyd,"SkyHawk Health Management; Rescue 3 il; işçi 5.3 W, idle 3.4 W; 0–60 °C",1
Model,Dell 8TB Hard Drive SAS ISE 12Gbps 7.2K 512e 3.5in Hot-Plug,1
Davamlı ötürmə,"285 MB/s / 272 MiB/s (davamlı, OD)",5
Xətt sayı,"2 proqramlaşdırılan işıqlı xətt/funksiya düyməsi, 4 dinamik soft-key",1
Maximum load,45 kq,2
Part number,7M1D5AA,1
Hündürlük,əl ilə tənzimlənən,1
Ekran,5 düym (320 × 222 piksel) 4-bit yüksək keyfiyyətli boz tonlu (grayscale) qrafik LCD,1
Batareya,1500 saat (işıq sönük/rəsmi),1
Güc,9 Vt,3
Portlar,"DP in/out, HDMI, USB-C hub",1
Matter,Bəli,3
Part number,4X90U90619,1
Maks. disk,16,1
Modul hündürlüyü,30.00 mm,1
Duty cycle,15 000 səh/ay,3
Part number,2E-GT-OTO-BKRD,1
Duty cycle,65 000 səh/ay; tövsiyə olunan həcm: 6 000,1
Part number,FS-248E-POE,1
Combo RJ45 sürətləri,10 q/5 q/2.5 q/1 q/100 m (NBASE-T),2
EAN,0190017605050 / 4549821487035,1
Model,Dell E2422HN,1
USB,USB 3.2 Gen 2 Type-A + USB 3.2 Gen 1 Type-C,3
Ölçülər,500 × 360 × 240 mm,1
Korpus,Alüminium,3
Part Number,BS7C1AA,1
Tip,"FortiSwitch 124F — Layer 2 Secure Access, fanless",1
İnterfeys,SATA III (6 Gb/s),3
Model,HP Color LaserJet Pro MFP 3303sdw,1
"Çap sürəti (qara, ISO)",12 səh/dəq,4
Korpus materialı,Aluminium,6
Hündürlük,42U,3
Model,HP S5 Pro 527pq QHD,1
Bağlantı və tətbiq,"Wi-Fi, Bluetooth pult, Micro USB, Micro HDMI. Tətbiq: AKASO DV. Səslə idarə dəstəklənir",1
En,213 mm,1
Part number,6H2D9AA,1
Model,S5130S-52F-EI,1
Zəmanət,1+1 il (genişləndirilmiş),1
Model,HP 32f,1
Part number,ST1000VX013,1
Ölçü (E×D×H),90 × 140 × 40 mm,1
Directivity,omnidirectional,2
TBW,1095 TB,1
Ötürmə,11.90 Mpps,4
Model,MF2020 (2E-MF2020WB),1
Montaj,Tavan/divar klip dəstdə (RW tənzimləmə),1
Maks. sürət,4.8 Gbps (5 GHz) + 574 Mbps (2.4 GHz),1
Model,HP LaserJet Pro 3003dn,1
Kabel uzunluğu,1.5 m,1
İmpedans,32 Ω @ 1 kHz,3
Designed for cleaning,ofis texnikası üçün,2
Çəki,453.3 q,1
Sensor,26K Optical,2
Tip,Fit Layer 2+ Gigabit PoE+ kommutator (EnGenius FitSwitch 24 PoE),1
Portlar,1x USB-C (DP 1.4 Alt Mode HBR2); 1x HDMI; 1x DP,1
Stackable,Bəli,3
Recommended desktop thickness (grommet mounting),10 mm - 40,1
Tip,3.5 mm oyun qulaqlığı,4
Tip,Oyun/noutbuk bel çantası,2
Düymələr,7,2
Xətlər / SIP,12 lines · 16 SIP accounts,2
Ekran,128 × 40 piksel qrafik LCD ekran,1
Audio,Daxili dinamiklər,4
Təyinat,Calls/Music/Sport/Everyday,2
Düymə,3 (scroll daxil),2
OS,"QTS/QuTS hero, Windows 10/11, Windows Server 2022, Ubuntu 22.04",1
İş temperaturu,0°C ~ 60°C; qidalanma: 5 V ±5%,1
Forma,Stereo (flex / qatlanabilən),1
Tip,Gaming M.2 NVMe SSD,4
Transceiver standartı,SR,1
Əlavə xüsusiyyətlər,Lenovo 65 W USB C DC Travel Adapter,1
Uplink,4 × SFP,4
Adaptive Sync,AMD FreeSync,5
Rəng,"99% DCI-P3, Delta E < 1.5",1
Part number,P28787-B21,1
Tutum sinfi,Standart tutum,10
Part nömrəsi,XGS1935-52-EU0101F,1
Tip,Tək port 10GbE PCIe şəbəkə kartı,1
Tip,L2 Ethernet Switch,2
Tip,USB kondensator mikrofon (SoloCast),1
Dalğa forması,Sine wave,6
Ölçü,557.4 × 61.2 × 330.2 mm,1
Starting current,1400 mA,1
Stend,Yalnız əyilmə (tilt); hündürlük tənzimlənməsi yox,1
Model,HP NVIDIA RTX 2000 Ada 16GB,1
EAN,0197192136829,1
Tip,"Simsiz oyun qulaqlığı (Cloud Stinger 3 Wireless, PlayStation)",1
Çəki,70.8 kq,1
EAN,4549821321520,1
Çəki,607 q,1
EAN,0196786923265,1
Çəki,~77 q,2
Batareya,85 saat,1
Rəng,95% DCI-P3 / 1.07 billion colors,1
Part Number,6H9B6AA,1
Kart dəstəyi,SD + microSD (TF),1
Güc,65 W (19.5 VDC / 3.34 A),1
Ekran,"27"" Full HD (1920×1080) IPS/UWVA, anti-glare 300 nit 75 Hz",1
Əlavə xüsusiyyətlər,Lenovo 16-inch Laptop Backpack B210 Black (ECO),1
Equipment,TV / Remote control / Stand / manual / batteries AAA x 2 / warranty card / microfiche and energy label,2
Kabel,"3 m, 3×1.5 mm² H05VV-F",1
Prosessor,Intel Core Ultra 7 265H,1
RAM,"16 GB DDR5 UDIMM (4 slot, maks. 192 GB, opsional ECC)",1
Layout,1 × 16 GB,6
Çəki,69 q,3
Model,SRV3KRIRK-E,1
Seriya,Razer Kraken Kitty V3 X,3
Yuvalar,"8 × 3.5""/2.5"" SATA 6Gb/s, hot-swap",8
Ölçülər,22 x 81 mm,1
Çəki,3.6 kq,1
"Çap sürəti (rəng, ISO)",20 səh/dəq,2
Model,YNDX-00021-RED,1
Part number,64B8UAT1EU,1
Vəziyyəti,işlənmiş,1
Model,Dell USB-C Mobile Adapter DA310,1
Kabel standartı,Cat6,6
Qidalanma,"5 V DC xarici qida adapteri (Bu model PoE dəstəkləmir, GXP1405 PoE modelidir)",1
A type,stand for monitors,1
Dalğa,"1310 nm, SMF",3
Əlavə xüsusiyyətlər,Lenovo Wireless Multi-Mode Pro Combo Keyboard and Mouse 6000 - Russian/Cyrillic,1
VLAN dəstəyi,4094 VLAN,1
Korpus,"1U rackmount, 1 GB DDR4, redundant AC dəstəyi",1
Model,Dell S2725QC,1
Vertical Viewing Angle,178,2
Ölçülər,360 × 264 × 197 mm,3
Korpus,"1U rackmount, smart fan, daxili AC",2
Tip,"WD Ultrastar DC HC555 3.5"" data-center HDD (SATA 512e, Base SE)",1
Kabel,2 m,9
Güc,30 W (2x15 W),2
Part number,SKC3000S/1024 q,1
Tezlik,4800 MT/s (PC5-38400),1
Tip,DDR4 SODIMM,1
Seriya,Kingston DataTraveler Exodia,1
IPsec VPN (512 byte),4.4 Gbps,2
Part number,2E-MG355UPK-WL,1
PoE,PoE+ (IEEE 802.3af/at),3
Korpus,(MR416i-p Gen10 Plus / MR216i-p Gen10 Plus) – Standard HHHL PCIe plug-in Controller (MR416i-a Gen10 Plus / MR216i-a Gen10 Plus) – Type-a Modular Controller,1
Zərbə,1500 q / 0.5 ms,4
Part number,540-BBVL,1
USB,Bəli,2
Çıxış,3:3 Və ya 3:1 konfiqurasiya (380/400/415 Və ya 220/230/240 Vac),1
Ölçü,482 × 279 × 127 mm,1
RAM,8 GB,14
Seriya,Razer Viper V3 Pro,3
Bağlantı və tətbiq,"Wi-Fi, Bluetooth, USB-C, pult, xarici mikrofon. Tətbiq: AKASO GO. Səslə idarə: 7 dil",1
Stand,Adjustable,2
Seriya,Apacer AC237,8
Ölçülər,105 × 68 × 13 mm,1
Çəki,1.03 kq,1
Model,YNDX-00510,1
Dimensions (ShhVhT),33x49x19 cm cm internal: 30 x 45 x 16 cm,1
Screen resolution,HD Ready (1366x768),1
Çəki,82 q,1
Model,PB312,1
Part number,2E-PAD-S-CAPY-YELLOW,1
Bağlantı,2.4 GHz USB adapter + 3.5 mm analog kabel,1
Model,HP LaserJet MFP M141a,1
Forma faktoru,1U 19 düym Rackmount (Montaj qulaqları daxildir).,1
İdarəetmə,Lokal FitController Web GUI (cloud abunə tələb olunmur),1
Part number,ad1TBMSXT3A,1
EAN,0196188486931,1
PoE,"64 W Class 4 (802.3at), port başına 30 W-ə qədər",1
Ölçülər,92.71 × 292.8 × 290 mm,1
Speaker,28 mm,1
Xüsusiyyət,Plug and Play / 12 media keys / Low buttons profile,3
Effective Output Power,1200 W,1
Ölçülər,363 × 102 × 123 mm,3
Qulaqlıq növü,Earbuds,1
Rank,1Rx8 (Single Rank),1
Gərginlik,"220 V AC, 50 Hz",1
Simsiz,Yox; Intel I219 Gigabit RJ-45,1
Mounting type,classic (tower) / rack mount,2
Kamera / audio,FHD 1080p 30 fps kamera; 2 × Waves MaxxAudio 2 Vt; Realtek ALC3254; 2 mikrofon,1
Xətt sürəti,14.025 Gbit/s,1
Seriya,Razer Iskur V2,1
PoE,195 W Class 4,3
Prosessor,Intel Core i7-1355U,4
Sensor,8 MP CMOS,1
Gecə görmə,Full-Color Night Vision (quraşdırılmış 2 ədəd güclü projektor ilə zülmət qaranlıqda tam rəngli görüntü) və 30 metrə qədər IR gecə görmə,1
Surge,600 J,4
Protokollar,10/100/1000Base-T,1
"Çap sürəti (rəng, ISO)",5.5 səh/dəq,1
Model,CD122,2
Part number,KVR56U46BS6-8,1
Portlar,"2× HDMI 2.0, DP 1.4, 4× USB 3.2",1
Ölçülər,18x8.3x8.3 mm,1
Tip,"10GE SFP+ passive DAC kabel, 3 m",1
Spikerfon,Tam dupleks (Full-duplex) yüksək keyfiyyətli akustik spikerfon,2
Mikrofon həssaslığı,58 dB +/- 3 dB,1
Material,steel / plastic,4
Səs gücü,6 Vt,11
Ekran dəstəyi,4 ekrana qədər,2
RAM,16 GB DDR5,6
Power consumption,60 W (max.),1
Part number,4X90S91831,1
Prosessor,"Intel Core Ultra 9 285 (24 nüvə / 24 axın, 2.5–5.6 GHz, 36 MB keş, 65 W)",1
Əlavə,2 × 1000Base-X SFP,1
Angle turns,90 ° +/-,1
Bağlantı,"Wireless, RF Wireless + Bluetooth",3
Part number,345-BDZZ,1
Temp,85 °C validation,1
Səth,"Anti-glare, 3H, haze 25%; ComfortView Plus (TÜV)",1
Output frequency,50-60 battery mode / 45-55 synchronized range / 55-65 synchronized range,2
Təyinat,Əlavə PCIe genişləndirmə yuvası (LP kartlar),1
Tip,Server şəbəkə adapteri (OCP 3.0),2
Tam ad,HPE MSA 11.5TB SAS RI SFF M2 6-pack SSD Bundle,1
Tip,10-portlu Layer 2 Cloud Managed Gigabit PoE Switch,1
Brend,SK hynix,2
Seriya,Xerox WorkCentre 3025BI,1
Volume,0.0026 m³,4
Model,Lenovo ThinkPad Thunderbolt 5 Smart Dock 7500,1
Tip,Daxili server SSD (Read Intensive),9
Model,US261,1
Ölçülər,43.3 × 430 × 292.12 mm,1
Təyinat,Disk array,3
Giriş bağlantısı,Schuko kabel,2
Part number,RZ04-05410300-R3G1,1
RAM,32 GB LPDDR5x-8533 (lehimli),1
Ölçülər,Ø 60 × 115 mm,1
Rəng,Bej,1
Tip,"Basic PDU, şaquli 0U (42U şkaf), metrlikli",2
OS,Windows / macOS / Linux / ChromeOS / Android,3
Model,YNDX-00572,1
Ekran,"4.3"" əsas (480×272) + 2 × 3.5"" yan ekran (320×480)",1
Keçirici,Copper,1
Dərinlik,120.7 mm,1
Random 4K,900000 IOPS oxuma / 1000000 IOPS yazma,2
Çəki,"5,39 kq",3
MAC cədvəli,16K,17
Ekran,"14.0"" FHD+ Touch (1920×1200)",2
Ölçü,128.5 × 79.4 × 12.2 mm,6
Anti-Ghosting,19 əsas oyun düyməsində təsadüfi bloklanmanın qarşısının alınması,1
Qoşulma,2.4 GHz USB Nano qəbuledici (10 metr radiusda stabil əlaqə),1
Operativ yaddaş,16GB LPDDR5X 7467,4
Aksesuar,USB-C→USB-C 20 Gbps kabel + USB-C→USB-A 10 Gbps adapter,2
Ötürmə,190 Mpps,3
Oxuma / yazma,550 / 500 MB/s,1
Təhlükəsizlik,"Thermal Guard saniyəlik temperatur nəzarəti, yüksək gərginlikdən və qısaqapanmadan 11 səviyyəli tam qoruma",1
Yaddaş,12 GB GDDR6,1
Model,Lenovo ThinkPad Professional 16-inch Topload Gen 2,1
Görüntü imkanı,3840 × 2160 @ 100 Hz,1
Tip,FortiFone high-end IP masa telefonu (cari rəsmi model: FON-480B),1
Seriya,Razer Ornata V3,1
Ekran,"15.3"", 2.8K 2880x1800, OLED, 500 nits, 120 Hz, Touch, 100% DCI-P3",1
Maximum sampling rate,96 kHz 24 bit,1
Runtime,100% yük 3.3 dəq; 50% yük 9.5 dəq,1
USB,"4× USB-A 3.2 Gen2, 1× USB-C 3.2 Gen2",1
Konnektor 1,HDMI,1
Bağlantı,USB + 2.4 GHz + Bluetooth,1
Ölçülər,449 × 373 × 198 mm,2
Çıxış (batareyada),230 Vac ± 8%,2
Part number,2E-MG360UB-WL,1
Part number,4E407UT,1
MTBF,1.8 milyon saat,3
Ekran,"Dual HDMI + DisplayPort, triple 4K dəstəyi",1
Model,Lenovo ThinkVision T24i-30,1
Əlavə xüsusiyyətlər,Barmaq izi oxuyucu; İşıqlı klaviatura; 8MP kamera; Intel vPro; SSD Opal şifrələmə,1
Çəki,"8,22 kq",1
Model,GAC2570,1
Ölçülər,92.6 × 292.8 × 290 mm,1
Əvəzedici batareya,RBC17,2
Ölçülər,125x437x22 mm,1
Zəmanət,1 il (məhdud),1
Çəki,2.27 kq,1
Yaddaş,M.2 512 GB SSD,1
Rəng,Black (C),1
Sensor,Focus Pro 26K,1
Sürüşməyə qarşı,Bəli,1
Part number,2E-SK100WST,1
Part number,KF588CU42RWK2-48,1
Texnologiyalar,"Flicker-Free, Low Blue Light (mavi işıq filtri)",1
Model,GXV3470,1
Ölçülər,356.78 × 250.60 × 16.99 mm,2
Model,MM142,1
Protection,Short circuit protection / overvoltage protection / discharge/overcharge protection ventilyator yoxlaması / overcharge protection / IP 20,2
Part number,345-BDRV,1
Akselerasiya,"SoC4 ASIC; Sierra Wireless EM7565 CAT-12 LTE (2× Nano SIM, active/passive)",1
Həssaslıq,-36,3
Konnektor 1,6.35 mm,1
Prosessor,"Intel Core i3-1335U (10 nüvə / 12 axın, 1.3–4.6 GHz, 12 MB keş, 15 W)",1
Ethernet,1 × GbE PoE-in,5
Part number,2Z627A,1
EMD,Temperatur/rütubət sensor portu,1
Hotkeys,12 proqramlana bilən,2
Zəmanət,3 il (Transcend Limited Warranty),7
Simsiz,WLAN + Bluetooth,8
Rəng,"Mavi (metal, COB)",1
Ekran,"31.5"" Full HD (1920×1080) VA 300 nit 100 Hz",1
Düymə sayı,2,2
Mobil çap,"Mopria Print Service, AirPrint, Google Cloud Print",4
Part number,JL681A,1
Rəng,firuzəyi,2
Additional external,✔️,5
Maks. tutum,1898.88 TB,1
Maximum efficiency,≥ 91% (Mains mode) / ≥ 86% (Battery mode) / ≥ 96% (ECO mode),1
Ekran,"34"", WQHD 3440x1440, VA, 350 nits, Anti-glare",1
SIP,2,2
Sürücü,40 mm,8
Part number,MR.PRZ42U24D.MCB.IE,1
Part Number,LI38000B020,1
Çəki,5000 q,1
Qrafika,"Intel UHD Graphics (inteqrasiya, 1×8 GB tək kanal; dual-channel-də Iris Xe aktiv olur)",1
İşəsalma məsafəsi,22 mm,1
Portlar,48 × 100/1000 BASE-X SFP,1
Çözünürlük,"600 × 600 dpi, 4800 Colour Quality",1
Prosessor,Intel Core Ultra 7 164U | 12MB cache,1
Model,GS2220-10,1
Çəki,530 q,1
Part number,2E-CBN617BK,1
Part number,SA400S37/240 q,1
Kanal,20/40/80 MHz,2
Kodek,LDAC / AAC / SBC,2
Part number,RZ01-04910100-R3M1,1
Model,204151-BOX,1
DPI,1000–1600 (modelə görə),2
Model,BV800I-GR,1
Stereocüt,Bəli (iki Mini 3),4
Maks. güc gərginliyi (Vmp),"37,5 V",1
Part number,MG10ACA20TE,1
Qablaşdırmada,Akaso V50 Elite x1 / Battery x2 / Charging Case x1 / Waterproof Case x1 / Remote Control x1 / Mount x10 / USB Cable x1 / Lens Cloth x1 / Bandage x1 / Protective Backdoor x1 / Tethers x5 / Quick Start Guide x1,1
Model,GWN7830,1
Səs,~50 dBA,1
Şəbəkə (bu konfiq),Onboard LOM 2 × 1 GbE + OCP 3.0,1
Ekran ölçüsü,27 düym (68.6 sm),2
Switch,Green,2
Lazer,"Qırmızı, Class 3B, 5 mW",1
Uyğunluq,T7 seriyası OPS yuvası (təchizatçı: yalnız T7),2
Batareya,"1350 mAh; ~60 dəq (5.7K@30 fps, laboratoriya). Creator Combo: 3 batareya + çoxfunksiyalı şarj qutusu",1
Tip,FortiSwitch 124F-FPOE — Layer 2 Secure Access Full PoE+,1
Part number,801888-B21,1
İşıqlandırma,Parlaq LED arxa işıqlandırma (simvolların və düymə ətrafının nurlanması),1
Model,X518,2
Part number,P64336-B21,1
Portlar,"1x USB-A (USB 5Gbps / USB 3.2 Gen 1), Always On; 2x USB-C (Thunderbolt 4 / USB4 40Gbps), with USB PD 3.0 and DisplayPort 2.1; 1x HDMI 2.1, up to 4K/60 Hz; 1x Headphone / microphone combo jack (3.5 mm); 1x Smart card reader; 1x Nano-SIM card slot (WWAN support models); Smart card reader, supports ISO 7816 and EMV; No smart card reader; Touch style fingerprint reader integrated in power button, match-on-chip; No fingerprint reader",2
Input voltage range,176-280 V xarakteristikalar pisləşmədən / 110-176 V 50% və 100% yük arasında xarakteristikaların xətti azalması / 280-300 V nominal xarakteristikaların 50% azalması,2
Nüvə / axın,28 nüvə / 56 axın,1
Foto,"48MP / 12MP; time-lapse foto 48MP / 12MP. Format: JPEG / JPEG+RAW. ISO foto 100–3200, video 100–6400",1
Tip,"USB RGB mikrofon (QuadCast, 4 polar naxış)",1
Part number,725C5EA,1
Ölçü,323.7x114x42.9 mm,1
Model,PB724,1
Keçid tutumu,104 Gbps,8
Yaddaş kartı,"microSD, U3 (min. 30 MB/s); rəsmi maksimum 256 GB",1
Application,headset for PC / for gamers,1
Seriya,Touchscreen Core,3
Qida,maks. 3 W,1
Tip,USB 3.0 hub,1
Veb-kamera,9 MP IR veb-kamera,4
Part number,2E-CONTROL-M-BK-PRO,1
EAN,4549821228737,1
Model,Dell Pro P2426HEV,1
Tip,Fortinet 10GE SFP+ SR transceiver (FN-TRAN-SFP+SR),1
Ekran,3.5 düym (396 × 81 piksel) arxadan ağ işıqlandırılan qrafik monoxrom LCD,1
Çəki,2.44 kq,1
Maks. sürət,~1.6 Gbps (1300 Mbps 5 GHz + 300 Mbps 2.4 GHz),1
Xüsusiyyət,Plug & Play / Dpi switch button / Soft Touch,2
Material,steel,2
Bağlantı,2.4 GHz USB + Bluetooth 5.2,3
Ölçülər,406 × 359.6 × 308.7 mm,1
Qida,48 W adapter,2
Giriş gərginliyi,12 - 24 V,3
Xətlər / SIP,3+3 line keys · 3 SIP accounts,1
AC çıxış gücü,700 W Max.,1
Çəki,"11,8 kq",1
Seriya,Apacer AS723,2
İlk səhifə (qara),"10,9 san",3
Random 4K,94000 IOPS oxuma / 34000 IOPS yazma,1
Tip,Ağıllı filament LED lampa,1
Əməliyyat sistemi,Ubuntu Linux 20.04 LTS 64-bit,4
Tezlik,50/60 Hz (auto-sensing),2
Windows,"Windows 10, Windows 7, Windows 8, Windows 8.1, Windows Vista, Windows XP",1
Rəng,brown,2
Form faktor,PCIe plug-in (p),1
EAN,0197029008190,1
Model,HP Pro 240 G9,1
Model,CP-7940 q,1
Tip,"Layer 2+ Managed Gigabit kommutator, NebulaFlex Pro (cloud / controller / standalone)",1
Portlar,5 × RJ-45 10/100/1000,1
Tip,"DDR5 UDIMM (P5 Value, heatsink yoxdur)",2
Form faktor,"Tower, 186 × 66.1 × 157.6 mm",1
Prosessor (bu konfiq),"Intel Xeon E-2336 — 6 nüvə / 12 axın (HT), 2.90 GHz / turbo 4.80 GHz, 12 MB Smart Cache, 65 W",2
Model,HP ScanJet Enterprise Flow N9120 fn2,1
Daxili şarj,maks. 15 A,2
Portlar,"2×DP, HDMI, RJ45 2.5GbE, 2×USB-C, 4×USB-A",1
Montaj,Dirək / divar; IP67,3
M.2,2 × M.2 2280 PCIe Gen5 x2 NVMe keş,3
Sürətlənmə,35 q,2
Audio kodekləri,"Genişzolaqlı HD Audio (G.722), G.711a/u, G.729a/b, iLBC",5
Rəng örtüyü,99% sRGB; HDR10,1
Çəki,təxminən 16–17 kq,1
Mikrofon,"Boom, uni-directional, retractable",1
Çıxış interfeysi,VGA,1
RAID nəzarətçi,PERC H755,2
Part number,21WT005CFW,1
Davamlı ötürmə,"270 MiB/s (davamlı, OD)",1
Ötürmə,77.3 Mpps,3
Model,GWN7664LR,1
Part number,AP4TBAC237B-1,1
Operativ yaddaş,16GB (2x8GB) DDR5 5600,1
Ölçülər,19 × 68 × 113 mm,1
Model,"Dell 2.4TB 10K RPM SAS 12Gbps 512e 2.5in Hot-plug Hard Drive,3.5in HYB CARR FIPS-140 SED",1
Wide Compatibility,"This USB C Charger Cable is compatible with MacBook Pro 16""""/M3, MacBook Air 2022, ThinkPad-XL, HP EliteBook, Surface Pro 8, iPhone 16/15 Plus/Pro/Pro Max, Galaxy S24 S23 Ultra, Pixel 8 Pro, Huawei P60/Mate 60 Pro, iPad Pro 2022, iPad Air 5",4
Device type,online with double conversion,2
Model,CP-7861-W-K9 (Hardware V04),1
Part number,94C21AA,1
Təyinat,Kompüterə Bluetooth əlavə etmək,1
Uplink,4 × 1/10 q SFP+,23
Random 4K,90000 IOPS oxuma / 80000 IOPS yazma,4
Surface,powder coating,9
Seriya,Razer Basilisk V3,1
Anten,2× 2.4/5 GHz,2
EAN,0197029611734,1
Part number,4Y51T62792,1
Part number,85B73EA,1
Gecə görüntüsü,850 nm infraqırmızı gecə görmə (9 metrə qədər),1
Rəng,Gece göyü,1
EAN,0198415001658,1
Həssaslıq (DPI),200 – 12 800 DPI (standart: 1000/1600/2400/3200/4800/8000/12800),1
Tip,3.5 mm stereo AUX kabel (M/M),1
NAT routing,2.2 Gbps · 60K sessions,2
Xüsusiyyətlər,"Yüksək sürətli Gigabit şəbəkə keçidi, çoxxətli idarəetmə, zəng transferi və konfrans",1
Part number,CH9M9ET,1
Rəng,Ağ (tənzimlənən temperatur),1
Additional information,"touch control / for 13-34"" monitors / cable length 1.2 m",1
Part number,OneScreen-i7-L7,1
Part number,12SA0026RU,1
Tip,Indoor Wi-Fi 6 (802.11ax) Access Point (mid-range / dense),1
Number of outlets,5 Tip F,1
Model,14101-77,1
İstifadə,FortiGate / FortiSwitch RJ45 konsol portu,1
PoE,124 W Class 4,2
Şəbəkə,Bluetooth,7
Yaddaş,512 GB-a qədər MicroSD kart yuvası və bulud saxlama dəstəyi,1
Ekran,LCD + düymələr,1
Batareya,50 saata qədər,7
Part number,KF588CU42RWA-24,1
Zəmanət,3 year,1
TBW,1600 TB,1
PoE,370 W PoE+ (typical 2930F 24 q PoE+),1
Yaddaş,0Tb HDD,1
Çəki / ölçülər,432–452 q; 154x51x39 mm,1
Xüsusiyyətlər,"Silent Switch tamamilə səssiz düymələr, Premium Soft-Touch məxməri örtük, simmetrik zərif incə profil",1
Ekran,"Monoxrom LED, 32 seqment (saat və emosiyalar)",3
Çəki / ölçülər,Starting at 1.36 kq (2.99 lbs) | 313.5x224x17.5 mm,6
Ölçü,175 × 175 × 56 mm,1
Seriya,Yandex ağıllı pult,1
Transceiver standartı,SW,1
Equipment,Cable 2 m / microphone / user's manual,1
Part Number,676A2AA,1
Model,HP EliteBook x360 830 G11,1
VESA Wall Mount,75x75,3
Səs @25°C,25.2 / 50.2 dBA,1
Bağlantı,USB-A + Bluetooth (WL variantında 2.4 GHz),4
Uyğunluq,"Windows 7+, macOS 10.10+",5
Sensor,Instant A825 yüksək həssaslıqlı optik sensor,1
Part number,ad1TBS95M2P,1
Drayver,13.6 mm böyük dinamik kompozit membran (dərin baslar və şəffaf yüksək tezliklər),1
RAM (bu konfiq),16 GB DDR4 UDIMM ECC,2
Giriş diapazonu,170–280 V,3
Part number,21UY000UFW,1
Qrafika,Intel® Graphics,1
Prosessor,Intel Core Ultra 5 226 V,1
Temp.,−20°C … 85°C,1
Yerləşmə,Processor,2
Part number,2E-GLS310BK-KIT,1
Brend,TP-Link (Omada),1
Seriya,Kingston DataTraveler 80,1
Tip,Ağıllı LED lent,1
Model,NP7.5-12,1
Növ,8SFF SAS/SATA Basic Carrier backplane dəsti,1
Number of speakers,2,4
Part number,Q0L14A,1
Uyğunluq,"HP LaserJet Pro M176, M177",1
Model,Dell S2425HS,1
Bluetooth,Bəli,1
Model,YNDX-00060BLK,1
Threat Protection,1.1 Gbps,4
Model,YNDX-00030GRY,1
Adaptive Sync,AMD FreeSync Premium,1
Çəki,3.82 kq,1
Kamera,"Daxili quraşdırılmış yüksək keyfiyyətli VGA video kamera (H.264, 30 kadr/san)",1
Ölçülər,147 × 72 × 28 mm,1
Model,23189-999-779,1
Model,YNDX-00540BLK,1
Model,HP M27fq QHD,1
Tutum,64 GB,6
Part number,BZ2X5EA,1
Qoruma,"Overcharge protection, Overheating protection, Overload protection",2
Rəng,Yellow,5
Ölçü,443.2x175.31x35.68 mm,1
Format,Full-size 110 düymə,2
ANC,Adaptive Active Noise Cancellation,1
OS,"Windows 7+, macOS 10.10+, ChromeOS, Linux, OneScreen panellər",1
Qeyd,DMO region P/N (NA/XE ekvivalent 006R04385),1
Tezlik,5600 MT/s (PC5-44800),8
Ölçü,69.9 × 100.1 × 7 mm,3
Part number,2E-HG340YW-7.1,1
Part number,FG-121 q-LENC,1
Protokollar,SCCP və SIP (Cisco CUCM / CME / CallManager),1
Part number,RZ04-05420100-R3M1,1
Aylıq yük,1000 səh/ay,3
Səs,7.1,1
Ölçü (E×D×H),800 × 1000 × 2006 mm (rəsmi datasheet),1
Established batteries,2 pcs 12 V / 8Ah,1
Tip,Premium Gigabit Video IP Telefon (Rəng: Charcoal / Qara),2
Part number,2E-PAD-L-CAPY-YELLOW,1
Kabellər,USB-C–USB-C və USB-C–USB-A,5
Part number,006R04728,1
CPU,"Intel Core i7-1195G7 (2,9–3,4 GHz)",1
Volume,0.0005 m³,7
Korpus,"19"" anodlaşdırılmış alüminium profil",1
Təsvir,Full-size wireless mouse with white soft-touch coverage and a symmetrical body.,1
Kartric,HP 938 setup / HP 936 əvəzedici,1
Optik Portlar,2 × Gigabit SFP Uplink slotu,1
İlk səhifə (rəng),"12,2 san",1
Hündürlük,29 mm,1
Yaddaş,1 TB SSD | M.2 2280 | PCIe 5.0 | Opal 2.0 | TLC,4
Ölçülər,313.0 × 227.3 × 14.79–24.65 mm,2
Operativ yaddaş,32GB DDR5-5600,1
Ölçü,330.8x142.2x48.9 mm,2
Part number,JL258A,1
Funksiyalar,"Çap, surət, skan, faks",15
Səmərəlilik,94% (tam yük),3
Çəki,5 q,3
Təhlükəsizlik,"SPDM, Hardware Root of Trust",1
Portlar,"2×HDMI, DP, 2×TB4, USB hub, RJ45",1
PoE dəstəyi,IEEE 802.3af PoE (Class 2) və Cisco Inline Power,3
Ölçülər,440 × 260 × 44 mm,3
RAM,32 GB LPDDR5X-9600 (lehimli),1
Təyinat,Standart masaüstü kompüterlər.,1
Parlaqlıq,350 cd/m²,12
Ekran,"23.8"", FHD 1920x1080, IPS, 250 nits, 100 Hz",1
İnterfeys tipi,SFP+,1
Ölçülər,229.5 x 119.5 mm,1
Ölçü,14–14.9 düym,1
Çəki,4.06 kq,1
USB-C,2 × 100 W Max.,1
Çəki,0.92 kq,1
"Çap sürəti (rəng, ISO)",46 səh/dəq,1
Bluetooth,5.4,2
USB,"4× USB 3.0, 1× USB Type-C",1
Çəki,1.613 kq,1
Çıxış (12 V),1.5 A,1
Enerji,"180 W (standby 0,5 W)",1
Model,GHP611,1
Məsafə,20 km,1
Tip,FortiGate 40F-3G4 q — desktop NGFW + daxili CAT-12 LTE modem,1
Part nömrəsi,GS1900-48-EU0102F,1
Part number,2E-KS270WBGR,1
Səs köməkçisi,Alisa / YandexGPT,48
Yaddaş gərginliyi,1.1,1
Model,20797-999-889-BOX,1
Prosessor,"Intel Core Ultra 7 265K (20 nüvə / 20 axın, 3.9–5.5 GHz, 30 MB keş, 125 W)",2
Part number,2E-ED650,1
Tip,2-xətli HD masaüstü IP telefon,1
Çəki,6.40 kq (stend ilə) / 4.20 kq (stendsiz),1
The sensitivity (negative value),"-30 dB +/- 3 dB / 0 dB = 1 V / Pa, 1 kQts",1
MTBF,1 000 000 saat,1
Kamera,IR kamera + mikrofon,1
Rəng,blue black,1
Part number,2E-OD2000RT,1
Tam ad,HPE Broadcom BCM5719 Ethernet 1Gb 4-port BASE-T Adapter,1
Məsafə,10 km,8
Bağlantı,Wi-Fi / Bluetooth (BLUETTI App),1
Güc,40.000 VA / 40.000 W (unity PF),1
Çəki,9 q,1
M.2,2 × M.2 2280 PCIe Gen3 x2 NVMe,2
Çəki,5.15 kq,2
Tip,Cloud Managed Layer 2+ Switch (PoE yoxdur),1
Portlar,HDMI + VGA + 3×USB-A 3.0 + Gigabit RJ45 + SD/TF + 3.5 mm + PD 100 W,1
Part number,AP1TBAS725B-1,1
Part number,L2763A,1
Mikrofon,"8-array, səs-küy azaltma",7
Sertifikat,"CE, FCC, BSMI, RCM, VCCI",11
Model,TrackCam,1
Batareya / adapter,"4 cell, 65 W adapter",1
Ölçülər,96 × 96 × 110 mm,5
Baxış bucağı,"360° üfüqi, 114° şaquli",1
Seriya,Razer Basilisk Mobile,1
Şəbəkə (platforma),Onboard LOM 2 × 1 GbE (Broadcom 5720),3
Part number,21YC003TFW,1
Batareya / adapter,48 Wh,3
Part number,2E-DL007BK,1
Məsafə,550 m,1
Model,MF325 Silent Vertical (2E-MF325WBK),1
HDD tutumu,900 GB,1
Rəng,Açıq boz,1
Battery warranty,1 year (2 years for electronics),2
İlk səhifə (qara),12 san,1
Uzunluq,1.8 metr,2
Model,HP ScanJet Pro 2600 f1,1
Skan sürəti,~21 ipm; TIFF/JPEG/PDF (non-searchable),1
Batareya gərginliyi,192 V,2
PCIe,"PCIe Gen3 x8, low-profile (full-height dəstdə)",1
Dimensions ( HxWxD ),88x440x728 mm,1
Güc,1.600 VA / 900 W,1
Brend,Samsung,5
İdarəetmə,HPE iLO 5,3
Çipset,Intel B660,3
Proqram,"Trellis, Power Insight, LIFE Services, Liebert Nform",1
Kabel diametri,7.3 mm,3
Tip,DDR5 CUDIMM (FURY),8
Rəng örtüyü,95% DCI-P3; DisplayHDR 400,1
Çəki / ölçülər,Starting at 1.34 kq (2.95 lbs),7
Düymə sayı,68,1
Material,Polyester + köpük (100% recycled plastic),1
Oxuma / yazma,7300 / 6000 MB/s,3
CPU,"AMD Ryzen 5 7000 6C/12T, burst 5.1 GHz, Radeon Graphics, AES-NI",1
Xətlər / SIP,20 lines · 20 SIP accounts,3
Zəmanət,1 il (Dell processor customer kit),2
Model,GWN7832,1
Düymə,3,1
Növ,OCP 3.0 şəbəkə adapteri,1
Portlar,2 × 10/100 RJ45 + 4 × FXO (analog xətt); FXS yoxdur,1
Model,Lenovo ThinkPad Universal USB-C Dock,1
VESA,800 × 600 (divar montajı daxildir),4
Siçan DPI,1000/1600/2400/4000,2
Kabel forması,Round,5
Prosessor,Intel Core Ultra 7 255U | 12MB cache,2
Həssaslıq,60 dB,1
IPS/G,750 IPS / 70 q,2
The common frequency band,100 - 20000 Hz,1
Portlar,24 × 10/100/1000BASE-T,3
Model,YNDX-00051-BEIGE,1
Güc,6000 VA / 6000 W (PF 1.0),1
Uplink,1 × GE,1
Tezlik,1333 MHz (PC3L-10600R),1
Maks. güc,18 W,2
Görüntü imkanı,2560 × 1440 (QHD) @ 240 Hz,1
Zəmanət,3 il Advanced Exchange,4
Portlar,12 × 100/1000/10GBASE-T,1
Çəki,74.5 kq,2
Çəki,259 q,1
Rəng,bənövşəyi,4
Tip,"10 q SFP+ optik transceiver, Instant On",2
Part number,FG-121 q,1
İdarəetmə,Instant On mobil tətbiq / cloud portal / lokal Web GUI; SNMP,6
Model,8220-209,1
Nəsil,3-cü nəsil Intel Xeon Scalable (Ice Lake),2
EAN,0197498745534,1
Təyinat,consumer,1
Bağlantı,USB Type-A,4
Model,23189-899-779,1
Volume,0.0205 m³,1
Çəki,513 q (keyboard; 65 q - mouse),1
Çəki,3.60 kq,1
Seriya,Razer Rogue Backpack V3,3
Surface coloration,Monochromatic,1
Bağlantı,USB-C (USB-A adapter daxil),1
Portlar,2 × SFP · 5 × GbE WAN/LAN,1
Part number,2E-MF250WBK,1
Model,Lenovo Security Cable Lock,1
Part number,PSR75-12A-GL,1
Rəng,Mavi fon üzərində qara yazı (Black on Blue),1
Portlar,"8× 10/100 Mbps RJ45 portu (Auto-Negotiation, Auto MDI/MDIX)",1
EAN,0196188046449,1
Room Correction,2.0,3
Wi-Fi 6 · Bluetooth,Bəli,1
Part number,T3U55A,1
For tablet computer,✔️,2
İzleme,400 IPS,1
Təhlükəsizlik,AES-128,1
PoE,600 W (Class 6-ya 480 W-ə qədər),1
Part number,KVR32N22S8/8WP,1
Mühafizə,IP55 (yağış/toz); Smart Mesh (bina-arası wireless bridge),1
Skaner,Rəngli flatbed + 50 Vərəq ADF,2
Part number,938B0EA,1
Funksiyalar,"VPN, NGFW, Switch, IP PBX",1
Wi-Fi,"dual-band 2.4/5 GHz, 802.11",1
Part number,SRT3000RMXLI,1
Ekran,"23.8"", FHD 1920x1080, 250 nits, Non-Touch, Anti-glare, 99% sRGB",1
Part number,MR.PRZ1U10O.PRFR.SC,1
Format,A4 / Letter / Legal,13
Part number,RZ01-05230100-R3M1,1
Şəbəkə,1 × 2.5GbE,1
Protokollar,"Power Delivery 3.0 (PD 3.0), Quick Charge 4.0/3.0, BC 1.2",1
"Çəki (mono, kabelli)",113 q,1
Əlavə,DPI · SDN,2
Sensor,Focus Pro 30K Optical,2
Coverage,300 m-ə qədər,2
Daxili yaddaş,Yoxdur (128 GB SSD FG-61F-dədir),1
Part Number,77Z45AA,1
Ekran,"16"" WUXGA (1920×1200) anti-glare 60 Hz",3
Keş,256 MB (rəsmi datasheet; prays-listdə 512 MB səhvdir),1
Rəng,"100% sRGB, 98% DCI-P3, Delta E < 2",1
Part number,SXS1000R/2000GA,1
DPI,~1000–1200,1
PoE-Out,4 port,1
Tip,simsiz esports qulaqlığı,5
Ekran,CGD,7
Wi-Fi,"802.11b/g/n + 802.11a/n/ac Wave 2, 2×2 MU-MIMO",1
İş temperaturu,-30°C-dən +65°C-yə qədər sərt iqlim şəraiti,1
OS,"FortiVoice Enterprise — SIP/PRI/FXO, auto-attendant, voicemail, recording",1
İdarəetmə,"5"" rəngli toxunma ekran",2
Davamlılıq,MIL-STD-810 q 516.6 (1.22 m); təzyiqə davam 1500 kq,2
Baxış bucağı,178° (H/V),10
Konnektor,LC,5
Təhlükəsizlik,Non-SED (prays: Non-SED firmware),1
Material,"1.2 mm polad, toz boya",2
Bağlantı və tətbiq,"Wi-Fi, USB Type-C, Micro HDMI, RF 2.4 q pult (BLE yoxdur). Tətbiq: AKASO GO",1
Rəng,burgundy,1
Model,HP 410A Magenta Original LaserJet Toner Cartridge,1
Note,Not compatible with iPhone 12 mini.,1
Polling,8000 Hz (simsiz və naqilli),2
Tip,şüşə oyun siçan altlığı,2
Paketdə say,1,6
Qoruma,Aşırı gərginlik / cərəyan / istilik / qısaqapanma,3
Qutuda,"2 rels, mötərizə, M4/M5 vint və qayka, yağ paketi",1
Tip,52-portlu Layer 2 Cloud Managed Gigabit PoE Switch,1
Model,Dell UltraSharp U2724DE,1
Part number,S2E44A/6,1
Ayırdetmə,2560 x 1440 (Quad HD),1
Uyğunluq,"GXV3350, GRP2615, GRP2624",1
Material,ABS,1
Quraşdırma,Customer Install,8
Ön,"HDMI-in, USB Touch, 2× USB 3.0, Type-C 65 W PD",1
Part Number,7G8F2AA,1
Tip,Mobil stend (manual hündürlük),1
CAS latency,CL42-58-58,8
Şəbəkə (platforma),Onboard LOM 2 × 1 GbE + OCP 3.0,4
Batareya / adapter,135 W adapter,1
Uyğunluq,"14""–18"" (max 410 × 320 × 30 mm)",1
Tip,Portativ xarici SSD,9
Part number,21QG003UFW,1
Part number,40AY0090EU,1
Part number,21QDSAXU00,1
Switch ömrü,20 mln klik,1
Yaddaş,16 GB,2
Batareya,"12 V / 9,0 Ah",3
Part number,KVR32S22D8/16WP,1
Yuvalar,"2 × 3.5""/2.5"" SATA 6Gb/s (diskless, hot-swap, key lock)",1
USB,"5× (2× ön 3.0, 2× yan 3.0, 1× yan 2.0) + 2× Touch USB 3.0",3
Model,US135,1
Zəmanət,5 il (Pascari B100P),1
Batareya tutumu,18.5 Wh,1
Daxili ekran,Bəli,6
Panel,Fast IPS Nano Color,1
Part number,CF212A,1
Dimensions (WxHxD) with Stand,716x205 x 472,1
Gecə çəkilişi,3D DNR (Dynamic Noise Reduction) və Super Night Vision aydın gecə qeydiyyatı,1
Tip,Premium wireless stereo headset,1
Seriya,Razer Cobra,1
Switch,Mecha-Membrane,2
İnterfeyslər,USB (qidalanma 5 V) / mini jack 3.5 / Bluetooth,1
Portlar,"1x USB-A (USB 5Gbps / USB 3.2 Gen 1); 1x USB-A (USB 5Gbps / USB 3.2 Gen 1), Always On; 2x USB-C (Thunderbolt 4 / USB4 40Gbps), with USB PD 3.0 and DisplayPort 2.1; 1x HDMI 2.1, up to 4K/60 Hz; 1x Headphone / microphone combo jack (3.5 mm); NVMe password; Power-on password; Supervisor password; System management password; Certificate based BIOS authentication",1
Dinamik,2 HF 20 mm + 1 LF 63 mm + 2 passiv radiator 67 × 47 mm,5
Tip,parça oyun siçan altlığı,2
Switch,Linear Optical Red,2
Tezlik,3200 MT/s (PC4-25600),9
MTBF,1 010 980 saat,1
Model,HP 305A Magenta Original LaserJet Toner Cartridge,1
Diagonal Size,"32 "" / 81 cm",1
Prosessor,"Intel Xeon w7-3545 (24 nüvə / 48 axın, 2.7–4.8 GHz, Sapphire Rapids, ECC)",1
Tip,Wireless mono headset,1
Portlar,1x USB-C 3.2 Gen 1 (27 W); 4x USB 3.2 Gen 1; 1x USB-B 3.2 Gen 1 (USB upstream); 1x HDMI; 1x DP; Thunderbolt 4,1
Tip,"M.2 NVMe SSD (S95, DRAM keş-li)",3
IP,IPX4,2
Ekran,"Dual rəngli ekran: 2"" arxa toxunma + 1.22"" ön (eyni anda işləmir; [M] düyməsi ilə keçid)",1
Skaner,Rəngli flatbed + 50 Vərəq single-pass DADF (2-tərəfli skan),1
Compatibility with fasteners VESA,200x200 mm / 300x300 mm / 400x200 mm / 400x400 mm,1
XMP/EXPO,Yox — JEDEC plug-and-play (overclock deyil),2
Çəki,"14,8 kq",1
Soket,E27,4
Ekran,"27"" Full HD (1920×1080) IPS/UWVA, anti-glare 250 nit 75 Hz",1
Part number,RZ03-02360100-R3M1,1
Prosessor,"1 × Intel Xeon 6333P (6 nüvə, 3.1/5.2 GHz, 18 MB L3)",1
Ölçü (D×E×H),80 × 26 × 52 mm,1
Switching capacity,176 Gbps,1
Part number,B76RVET,1
Hüceyrə tipi,Monokristal silisium,3
Part number,FON-C71,1
Part number,1Z980AA,1
Şarj portu,USB Type-C sürətli şarj (1.5 saata tam dolma),1
Mobil çap,AirPrint,3
Qidalanma,"USB Type-C, USB PD (5–15 V)",8
RAID səviyyələri,10,1
Zəmanət,5 il (EnGenius Cloud),16
Part number,D5ZB3EA,1
Model,HP EliteBook X G1i 14,1
RGB,Razer Chroma (standart model),1
Dimensions (WxHxD) without Stand,716x59 x 423,1
RAM (bu konfiq),"16 GB (1 × 16 GB) DDR4-3200 UDIMM; 2 yuva, maks. 64 GB",1
Çəki,55 q,2
Seriya,Yandex Lampa 3,1
Ölçülər,256 × 118 × 240 mm,4
Forma,75%,2
Part number,PER3505A,1
"Çəki (stereo, kabelli)",188 q,1
"Çap sürəti (qara, ISO)",33 səh/dəq,7
Yuvalar,"12 × 3.5"" SATA + 6 × 2.5"" SATA, hot-swap",1
Çəki,1430 q,1
SSD tutumu,7680 GB,1
Ölçü,315.06x105.5x36.94 mm,1
Qidalanma,AA batareya,2
İnterfeyslər,USB / mini jack,2
Tutum,5 000 mAh,2
Format,TKL 87 düymə,3
Part Number,4P4F7AA,1
Avto-söndürmə,Bəli,1
Portlar,5 × GbE WAN/LAN,1
Çəki,720 q (max),2
Part number,0231A5H0,1
Model,Alienware AW2525HM,1
Part number,FS-224E,1
Qutuda,"Stansiya, USB kabel",1
Ölçü (E×D×H),101.6 × 147.0 × 26.1 mm,3
Xüsusiyyət,with USB interface,1
Compatible operating systems,"Windows XP/Vista/7/8/8.1/10, Mac OS, Linux, Chrome OS, Micro SD/TF/Micro SDXC/Micro SDHC/UHS-I, CF I 3.0/4.0 /Extreme I III CF/Ultra II CF/HS CF/XS-XS CF/CF Elite Pro/ CF Pro/CF Pro II, MS, MS PRO, MS PRO-HG, MS XC DUO",1
En,21.5 mm,1
Model,HP Color LaserJet Pro MFP 4303fdn,1
USB PD (maks.),60 W,2
Part number,C415V_DN,1
Keycap,Doubleshot PBT,3
Part number,B54Z8EA,1
Komplektasiya,Qoruyucu silikon keys daxildir,1
Sensor,Focus Pro 26K/30K sinif,1
Çəki,"5,6 kq",1
Model,NWA55AXE,1
Qoşulma,2.4 GHz simsiz rabitə (10 metr radius),1
Hündürlük,177.8 mm,1
Ölçülər,367 × 398.2 × 216.2 mm,2
Miqdar,100 ədəd,1
Ekran,"13"" WUXGA (1920×1200) IPS/UWVA, sensorlu 400 nit",1
Model,Lenovo ThinkVision T24D-4 V,1
Xüsusiyyətlər,"Suya və aşınmaya davamlı, güclü yapışqanlı arxa qat",1
Qoltuq,4D,1
Firewall (1518/512/64 byte UDP),20 / 18 / 10 Gbps,3
Çəki,78 q,1
Barkod,1210002601122,1
Prosessor,1.2 GHz Quad Core,1
Qidalanma,802.3at PoE və ya 12 V DC xarici qida adapteri (PoE+ dəstəyi),1
İdarəetmə,"Web managed (VLAN, RSTP, LACP, QoS, LLDP)",1
Material,Rubber non-slip,1
Çəki,72 q,1
Çəki,47 q (without battery),8
Part number,2E-MF218WBG,1
Brend,70mai (Xiaomi ekosistemi),1
Part number,400-ATIO,1
Data xətti qorunması,RJ45 10/100/1000 Base-T,1
Enerji,"typical 200 W, maks. 415 W, standby 0,5 W",1
Portlar,"1 × HDMI 1.4, 1 × DisplayPort 1.2, USB 3.2 Gen 1 hub (1 × Type-B up / 4 × Type-A down)",1
Çəki,"təxminən 6,9 kq",1
Part number,2E-BSSXPLLWBK,1
Seriya,addlink Spider N4 Notebook Memory,2
Part number,SA400S37/480 q,1
Giriş,380/400/415 Vac (3P4 W + G) və ya 220/230/240 Vac,1
Part number,2E-MG315UYW,1
Seriya,Evolve2 Buds,2
Enerji sərfiyyatı,10 mA,1
Polar naxış,Cardioid  /  Bidirectional  /  Omnidirectional  /  Stereo,2
Çəki,"15,7 kq",1
Kartric,HP 653 Tri-color Original Ink Advantage Cartridge (~200 pages yield) 3YM74A; HP 653 Black Original Ink Advantage Cartridge (~360 pages yield) 3YM75A. Actual yield varies considerably based on content of printed pages and other factors. For details see http://www.hp.com/go/learnaboutsupplies,1
Part number,CZ244A,1
Çıxış rozetkaları,Hardwire + 6 × IEC C13 + 2 × IEC C19,1
LED işıq,"Üst paneldə 16 mln rəng, musiqiyə sinxron",3
Tip,USB 3.0 dual kart oxuyucu,1
Siçan DPI,4000; 7 düymə,1
Speed keys,48 virtual,1
PoE büdcə,240 W,3
Tip,simsiz oyun siçanı,11
USB-A,"2 × 5 V / 2,4 A",1
DPI,1000 - 2400,1
İşıq axını,430 lm,1
Növ,HDD,12
Part number,P26471-B21,1
Xüsusiyyət,Soft Touch (yan əlavələr) / Plug-and-Play / Silent keys (sol və sağ),1
Part nömrəsi,GS1100-10HP-EU0102F,1
Tutum,1000 səhifə,1
Ayaqlar,100% PTFE təmiz teflon sürüşdürücü ayaqlar,1
Xüsusiyyət,Plug and Play / LED battery level indicator / adjustable legs / Low buttons profile / Operating system adjustment indicator,1
EAN,4549821377213,1
Rəng,green / with pattern,3
EAN,0196786272530,1
USB-A çıxış,22.5 W maks,2
Ötürmə,41.68 Mpps,1
Model,Deco M4 (2-Pack) AC1200 Whole Home Mesh Wi-Fi System,1
Soyutma,Fansız,5
Ölçülər,36.73 × 14.77 × 5.57 cm,1
Ölçü,2.1 × 24 × 32 mm,1
Host,"PCIe 3.0, low-profile",1
Portlar,1 × USB-C + 1 × USB-A + yığılan USB-C kabel,1
For documents,✔️ on the backside - A5 format (a half of A4),1
Part number,TS-H1887XU-RP-E2334-16 q,1
Çəki,620 q,2
Texnologiya,Plunger / chiclet,1
Part number,TS-832PXU-4 q-EU,1
Klaviatura,"Backlit, full-size, US International, rəqəm bloku, barmaq izi oxuyucu",1
Model,HP LaserJet M211d,1
Oxuma / yazma,7000 / 7000 MB/s,1
Ölçü,296x105.5x36.9 mm,1
Model,GHP620 W,1
Seriya,Kingston KC600,4
Rəng,Qara/metalik,1
Rəng temperaturu,2700–6500 K,5
Part number,210-BJPH,1
Tənzimlənən uzunluq,Bəli,1
RAM,16 GB DDR5 (2×8 GB),1
Model,UCM6301,1
Xüsusiyyətlər,"Yüksək sürətli Gigabit bağlantı, XML tətbiqləri, çoxdilli interfeys",1
VGA,1080p@60 Hz,1
Portlar,24 × GE RJ45 + 4 × 10GE SFP+ (1GE SFP uyğun) + mgmt 10/100 + RJ45 konsol + USB,1
Uyğunluq,"PC, PS5/PS4, Xbox Series X|S, Xbox One",1
Part Number,4P5N3AX,1
Model,Dell SFP28 SR 25GbE,1
For accessories,"✔️ yerləşdirməyə imkan verir qida bloku i misky, qələmlər, qeyd dəftəri",1
AWG,26,6
Rəng,Rock black (qara),3
"Çap sürəti (rəng, ISO)",18 səh/dəq,1
Ölçü,160 × 160 × 37 mm,1
Tip,8-bay 2U rack NAS,1
Part Number,4P5M9AA,1
OS,Windows 11 Pro,5
Part number,RZ03-05520100-R3M1,1
Ölçülər,təxminən 65 × 30 × 25 mm,1
Rated voltage,230 V - 250 V / 50 Hz,1
Part number,FVE-50E6,1
Part number,384-BCZS,1
Aylıq yük,8000 səh/ay,4
Görüntü imkanı,3MP Ultra High Definition (2304 × 1296 px),1
Sensor,Geist one-wire (temp/rütubət/sızma/qapı),1
Qeyd,RT 8/10 kVA və bəzi 3-faza RT modelləri ilə uyğun,1
Qoşulma,"2.4 GHz simsiz tezlik, 10 metr stabil ötürmə məsafəsi",1
Uzunluq,0.25 m,3
Tövsiyə olunan həcm,100 - 1000 səh/ay,4
Uyğunluq,"RoHS, halogen-free",22
İdarəetmə,iDRAC9 Enterprise 15 q,2
ADF,Var,2
Ölçü (H×W×L),40.5 × 142 × 160 mm,2
Çəki,220 q,1
Optik sürücü,DVD±RW (slim SATA),1
Klaviatura,Rus (Russian),1
Part number,ad2TBG55M2P,1
Tablet bölməsi,Bəli,1
EAN,0196786000416,1
Səth,Anti-glare,2
Foto,"72MP / 18MP. Rejimlər: Photo, Interval, DNG8, TimeFusion, AEB. Format: JPG, JPG+DNG",1
Tip,Smart/Cloud stackable Layer 2+ kommutator (HPE Instant On 1960),6
Part number,8K157AA,1
Ekran,"27"", FHD, 99%sRGB",2
Seriya,Apacer AH155,1
Tutum,480 GB,5
Ölçülər,32x103x61 mm,2
Tip,USB oyun mikrofonu,3
Part number,TS-864EU-RP-8 q,1
Prosessor,Intel Core Ultra 5 325 | 12MB cache,1
Ekran,"480×272 (4.3"") color LCD",1
Part number,BG7H6EA,1
Wi-Fi,"IEEE 802.11 b/g/n/ac (2,4 Və 5 GHz)",19
Operativ yaddaş,64GB (2x32GB) DDR5 4400,1
Tip,naqilli oyun siçanı,5
Çıxış,4× DisplayPort,2
Yaddaş,512 GB SSD | M.2 2242 | PCIe 4.0 | QLC,7
Qidalanma gərginliyi,"3.3 V, İsti qoşulma (Hot Pluggable)",1
Təyinat,"Dell PowerEdge R630/R730, HPE ProLiant Gen9, Cisco UCS, Lenovo x3650 M5 Və digər DDR4 serverlər.",1
Əlaqə,"Gigabit Ethernet, USB-A, USB-B, NFC; Wi-Fi/Wi-Fi Direct — opsional Dual Band kit",1
Maks. çıxış cərəyanı,5 A,4
PHY,AQC113,1
Tam ad,HPE MR216i-p Gen11 x16 Lanes without Cache PCI SPDM Plug-in Storage Controller,1
Part number,AP128GAH350B-1,1
Tip,"Outdoor Wi-Fi 6 (802.11ax) dual-radio Access Point, NebulaFlex, IP55",1
Ölçü (E×D×H),101.85 × 147.0 × 26.1 mm,15
Portlar,1 × USB-C,5
NVMe,No,8
Type of switch,touchscreen,2
Max PHY,689 Mb/s (2.4) · 5765 Mb/s (5) · 5765 Mb/s (6) · Combined 12.22 Gbps,1
Dalğa,"850 nm, MMF OM2",1
Diaqonal,"21.45"" (54.5 sm) VA, 16:9, düz",1
Tip,Simsiz oyun qulaqlığı,4
Part number,R8R48A,1
Operativ yaddaş,256GB,1
Rank,2,2
Model,US205,1
USB Power Delivery,Xeyr,1
Part number,3L1E7AA,1
Portlar,PoE yoxdur (yalnız fiber),1
"Full ""arm"" length",479 mm,3
EAN,4549821275410,1
Part number,8R3U1UT,1
Uyğunluq,"PowerEdge R6415, PowerEdge R240, PowerEdge R540, PowerVault NX3240, PowerEdge R740XD, PowerEdge R7425, PowerEdge R740, PowerEdge R7515, PowerEdge R6515, PowerEdge C6420, PowerEdge R640, PowerEdge R440, PowerEdge R740xd2,",1
Part number,P26253-B21,1
Part number,JL815A,1
UBER,< 1 sektor / 10^17 bit oxuma,1
Maksimum güc (Pm),350 W,1
Rəng,qara,11
GPU,Intel Iris Xe,2
Səth,Speed,6
Rəng,Shadow Black,4
Səs,"Premium HD audio, full-duplex speakerphone",1
Model,Dell UltraSharp U2724D,1
Dizayn,"Qara korpus üzərində qırmızı dekorativ əlavələr, erqonomik yan tutuş",1
Çəki,1100 q,1
Klaviatura,İşıqlı (backlit),15
Əvəzedici batareya,APCRBC17 / RBC17,1
Şəbəkə,"Wi-Fi 6, Bluetooth",8
Busylight,Bəli,1
Glow temperature (LED),3000K/4000K/5700K,2
Çəki,0.2 q,1
Matris tipi,"VA LCD (Anti-Glare mat örtük, 3H sərtlik)",1
Növ,Other,2
Sürücü,14.3 mm dynamic,2
Part number,ST8000VN004,2
Standart,"1000BASE-LX, SFP",1
Part number,B235V_DNI,1
Part number,ST8000VX010,1
Portlar,"TB4 up/down, DP in/out, HDMI, RJ45 2.5GbE, USB hub, audio",1
Part number,A40NKET,1
Tip,AC adapter paketi (SKU -2; təsvirdə 5 adapter),1
Part number,AB257576,1
Çəki,8.6 kq,1
Ölçü,22 × 80 × 8.9 mm,1
Model,"HP All-in-One 27""",8
OPS yuvası,1×,4
Tip,FortiSwitch 248E-POE — Layer 2/3 Secure Access PoE+,1
Part number,2E-F2425B-01.EU,1
Rəng,Qırmızı (Red),1
Korpus,1U rackmount; opsional FRPS-740 redundant PSU,1
EAN,4549821377541,1
Combo,2 × GE Combo + 2 × 100/1000Base-X SFP Combo,1
Wireless interfaces,Bluetooth,1
Seriya,"Xerox VersaLink C415, ConnectKey",1
Model,HP LaserJet M443nda MFP,1
Model,HP ProBook 450 G9,2
Ekran,"23.8"", FHD 1920x1080, 250 nits, 60 Hz",2
PCIe,3 × PCIe Gen4 + 1 × PCIe Gen3,2
Model,GWN7701 Pa,1
Zəmanət,1 il (Dell memory kit),5
Model,Tapo C320WS (2K QHD Outdoor Security Wi-Fi Camera),1
Konnektor 2,USB Type-C,2
Part number,2E-MPC020,1
Audio kodekləri,"G.722 (genişzolaqlı 7 kHz audio), G.711a/u, G.729a",1
Tip,Cloud idarə olunan SD-WAN / VPN security gateway (EnGenius Cloud),1
Surge,273 J,2
EAN,4549821550647,1
Çəki,41.9 q,1
Part number,JL685A,1
Həssaslıq,Dəyişdirilə bilən 800 / 1200 / 1600 DPI,1
Çəki,716 q,1
Qeyd,"SkyHawk Health Management; Rescue 3 il; işçi 5.3 W, idle 3.4 W; 0–65 °C",1
Part number,KOIBOX-100 W,1
Part number,2E-SPEED-XL-D06-PRO,1
Part number,TS-855EU-RP-8 q,1
MTBF,1000000 h,6
Qida bloku (bu konfiq),Dual 600 W (redundant hot-plug),1
Maks. yeniləmə,60 Hz,5
Ekran,"7,62 cm (3"")",2
Daşıma,Padded handle + shoulder strap,1
Çəki,135 q,1
Təyinat,PC/Laptop,2
Part number,BG7H7EA,1
Əlavə xüsusiyyətlər,"Barmaq izi oxuyucu; İşıqlı klaviatura; 5MP kamera + IR; SSD Opal şifrələmə; Korpus: Magnesium (top), aluminium + PC (bottom)",1
Səth,temperli şüşə,2
Established batteries,1 pcs 12 V / 7Ah,1
Kamera,Kameralar + mikrofon,2
Yaddaş,64 GB,2
Klaviatura,Copilot düyməsi,9
Uyğunluq,"PowerEdge C6420 (2.5""), R440 (2.5""), R540 (2.5""), R640 (2.5""), R6415 (2.5""), R740 (2.5""), R740xd (2.5""), R7415 (2.5"")",1
Seq. oxuma/yazma,"7200 / 6500 MB/s (rəsmi S95 datasheet, 2 TB)",1
TDP,120 W,1
Starter,1 500 səh (106R02773),1
Çıxış,3.5 mm,1
Form faktor,"2U rack, 88.6 × 432 × 511 mm",3
Part number,EWS377-FIT,1
İş temperaturu,0°C ~ 40°C,23
Ölçü,153.2 × 153.2 × 53.0 mm,1
Yazma sürəti,500 MB/s,1
Ayırdetmə,1920 x 1080 (Full HD),1
Ölçü,215 × 270 × 1.5 mm (S),2
Prosessor,Intel Core Ultra 7 255H | 24MB cache,1
HDCP versiya,2.2,2
Empedans,32.5 Ω,4
Protokoller,"NVMe 16 q, SAS 12 q, SATA 6 q (tri-mode)",1
Model,SRT10KRMXLI,1
Çəki,0.54 kq,3
Adapter/pult qoruma,IP20,1
Əlavə xüsusiyyətlər,"SSD Opal şifrələmə; Korpus: Models with black cover: PC + 20% CF (top), PC + 20% CF (bottom)",2
Portlar,"DP, 2× HDMI, USB hub (USB-C 15 W)",1
Tip,DDR3 SDRAM,9
Tezlik,10–20200 Hz,1
Part number,RZ01-03850200-R3M1,1
Part number,4Z514AA,1
Ölçü,411 × 366 × 339 mm; çəki 12.8 kq,2
Part number,2E-MF300WBL,1
"Çap sürəti (qara, ISO)",46 səh/dəq,1
Ekran,"27"" Full HD (1920×1080) IPS/UWVA, anti-glare 300 nit 60 Hz",2
Part Number,GXT5-10KIRT5UXLN,1
Portlar,1 × GbE · 1 × SFP 2.5 q · PoE,2
Miqdar,6 ədəd (6pcs),1
Part number,2E-SPEED-XL-D04-PRO,1
Runtime,24,1
Starter,1 500 səh (qutuda),1
RAID,Embedded Intel VROC SATA,1
Tip,"Basic PDU, üfüqi 19"" 1U",1
Etiket,EN,2
Ekran,Rəqəmsal LED (faiz / watt),1
Part number,BZ2X4EA,1
Model,Lenovo ThinkPad E14 Gen 7,5
Yaddaş gərginliyi,1.2,3
Ölçülər,420 × 380 × 341.2 mm,1
İnteqrasiya,"EcoStruxure IT, PowerChute Network Shutdown, web UI",1
Part number,64BCMAT4EU,1
EAN,4549821217601,1
Model,PV120,1
Prosessor,Intel Core Ultra 7 265U,1
Model,PV350,1
Part number,21V7009YFW,1
Qutuda,"UPS, RDU101, 4-post rail kit, tower ayaq, USB kabel",2
Ethernet,1 × 10/100/1000 RJ-45 (PoE-in),1
Part number,2Z8A4AA,1
Pult,daxildir,1
Uyğunluq,"Xbox Series X|S, Xbox One",2
Operativ yaddaş,16GB LPDDR5X 8533,1
EAN,0740617303735,1
En,87 mm,1
PCIe,PCIe 4.0 (1× FH + 1× LP riser slot),1
RAID dəstəyi,"PERC H355/H345/H755, HBA355i, S150",3
Sürət,25 GbE,3
Part number,ad512GBMSXU32A,1
İşləmə müddəti,"Tək şarjla 6 saat musiqi, şarj keysi ilə birlikdə ümumi 26 saat",1
Batareya gərginliyi,96 V,1
Tövsiyə olunan həcm,0 - 2000 səh/ay,1
Max PHY,574 Mb/s (2.4 GHz) · 1200 Mb/s (5 GHz) · Combined 1774 Mb/s,2
Seriya,addlink S20,3
Color finish,gray,1
EAN,0196188567340,1
Rəng,black with gray,2
Disk interfeysi,Serial Attached SCSI,1
Type of converter,condenser electret (14 mm x 2),1
Təyinat,Desk,1
Branches,hidden pocket,1
Mikrofon,"Çıxarılan boom, səs-küy azaldan",3
Taxılma,In-ear,2
Part number,2E-CBN317DO,1
Xətt sayı,6 proqramlaşdırılan xətt/funksiya düyməsi (genişləndirmə modulları ilə 114 xəttə qədər),2
Uyğunluq,"Cisco Catalyst switch-lər (2960-X, 3650, 3850, 9200, 9300 seriyaları) və ISR router-lər",1
Miqdar,10 ədəd / set,1
Ethernet,Yes,4
Mikrofon,"inteqrasiya array, səs-küy azaltma",1
Tip,"DDR4 UDIMM (AddGame Spider S4, alüminium heatsink)",2
Region,WORLD,3
Part number,2E-PCS233BK,1
Model,HP P27h G5,1
Keçid tutumu,20 Gbps,6
Arxa qapı,"İkiqanadlı polad, 63% perforasiya, 3 nöqtəli kilid",1
Standart,10GBASE-LR,1
MTBF,2 500 000 saat; AFR 0.35%,1
Noutbuk,"14""-dək (prays-listdə 13.3"")",2
Part number,4R013AA,1
Part number,2E-BSSLWBK,1
Tutum,24 TB,2
Şəbəkə,"Wi-Fi 6E, Bluetooth, Ethernet",4
Ölçü,21.1 × 71.8 × 8.6 mm,3
Model,Dell Broadcom 57412,2
Antenna,BeamFlex+ adaptive · up to 64 patterns/band · up to 3 dBi,2
Part number,BV1000I-GR,1
Rəng,mərcan,1
Ölçülər,418 × 398.2 × 313.2 mm,2
Model,Lenovo Dual USB-C 65 W GaN Charger,1
Anten,"4 × xarici omni, SMA, 5 dBi; TX 23 dBm (2.4) / 25 dBm (5)",1
For laptop,✔️,16
Komplekt,Klaviatura və siçan (seçilmiş bazarlarda),3
Tip,Simsiz ağıllı açar,2
Tip,Wi-Fi 6 Access Point (EM),1
Açıq dövrə gərginliyi (Voc),"22,9 V",1
PoE Güc Büdcəsi,Cəmi 370 W,1
LAN,"1 × 2.5GbE + 1 × GE RJ45, USB-A, RJ45 konsol",1
Şəbəkə,2 × 2.5GbE; 10GbE və M.2 QM2 PCIe ilə opsional,2
Part number,P47785-B21,1
USB PD (maks.),20 W,5
Qidalanma,"yalnız PoE IEEE 802.3at, 19 W (5 W PSE daxil); 802.3af dəstəklənmir; PSU yoxdur",1
HDD interfeysi,"2.5"" SATA HDD",19
Effective Output Power,1800 W,1
Part Number,639N7AA,1
Part number,RZ04-04530100-R3M1,1
USB-A (OUT 1/OUT 2) output,10 V=2.25A 9 V=2A 12 V=1.5A 5 V=3A 22.5 W *Total output: 5 V=3A Max,1
MTBF,1 000 000 saat (MTTF),1
Part number,94F50AA,1
Maximum load,40 kq,1
RAM,16 GB DDR5 5200 MT/s,1
Ethernet,"RJ-45, 1 Gb/s (10/100/1000)",1
Soket,FCLGA4189,5
Part number,2E-SPEED-M-BK-PRO,1
Model,W702,1
Çıxış gərginlik tənzimləməsi,±1% (statik),2
Rəng,Eclipse Black,2
Rəng,Military green,2
Seriya,Kingston DataTraveler Kyson,1
Əlavə xüsusiyyətlər,"SSD Opal şifrələmə; Korpus: CFRP (top), magnesium (bottom)",2
Model,AV161,1
Tip,Server RAM — DDR4 RDIMM,3
Ölçülər,97 × 19 × 120 mm,1
Model,HP Omen Max Gaming,1
Qrafika,Intel Arc Graphics,6
Part number,2E-DL2236,1
Uyğunluq,"14""-ə qədər (35.6 sm); bölmə 34.3 × 24.1 × 3.3 sm",1
Part Number,727A9AA,1
Model,Dell PowerEdge R450,1
Bağlantı,USB (wired),1
Zəmanət,Limited Lifetime (addlink),12
Model,OPS PC i7 11th Gen,1
Ölçülər,560 × 583 × 505 mm,1
Random oxuma (4KB),66000 IOPS,1
Cavab müddəti,"4 ms (GtG Extreme), 8 ms (Normal)",1
Sürücü,TriForce Titanium 50 mm,2
Radio / sürət,2×2:2 MU-MIMO — 574 Mbps (2.4 GHz) + 1 200 Mbps (5 GHz),6
Additionally,TWS function support,1
PoE,370 W Class 4,7
Əhatə dairəsi,260 m²-ə qədər fasiləsiz Wi-Fi örtüyü,1
Tip,Enterprise / NAS SSD,7
Part number,2JA63AA,1
Smart platform,Android 14 AOSP,2
Akselerasiya və tezlik,"20 q sürətlənmə, 1000 Hz sorğu tezliyi, 7000 FPS skan tezliyi",1
Ekran,"15.6"" FHD (1920×1080)",1
Rəng,Bej (Tan),1
A type,2.0,5
Ölçü (Y×E×D),4.32 × 43.46 × 37.84 sm,1
Bağlantı,Bluetooth,1
SLC cache,SLC 100GB,1
Tip,USB-C ↔ USB-C PD şarj/data kabeli,4
Power Lifting Mode,1.200 W (rezistiv yüklər),1
Çəki,0.47 kq,1
Part number,RZ01-05240300-R3G1,1
Contrast (static),1200:1,1
Number of monitors,1,3
Uyğunluq,ProLiant MicroServer Gen10+,1
Model,HP P24 G5,1
Forma,Mono,3
Ölçülər,585 × 663 × 710 mm,1
Part number,2E-OD3000RT,1
Qorunma,Nəmə qarşı daxili qoruyucu lay,1
Form faktor,"Tower, 186 × 91.7 × 157.6 mm",1
Qidalanma,802.3at PoE (R9M77A injektor uyğun),1
Model,Lenovo ThinkPad X13 Gen 6,2
Volume,0.0066 m³,1
Siçan xüsusiyyətləri,"1200 DPI optik sensor, 3 düymə və diyircək, simmetrik tutuş (sol və sağ əl üçün), hamar sürüşən 4 sürüşdürücü ayaq",1
Dimensions (ShhVhT),45x36.5 x 9,1
Ölçülər,311.20 × 216.70 × 16.38–16.90 mm,2
Rəng,Mercury (ağ),1
Operativ yaddaş,16GB DDR5 5600,1
Subwoofer Dimensions (HxWxD),"44 x 8,3 x 8,8 cm",1
Paketdə say,6,1
Cavab müddəti,0.5 ms,1
Xüsusiyyətlər,"İnzibati heyət və zəng mərkəzləri üçün 16 xətt düyməsi, divara montaj imkanı",1
Tip,"FortiGate 51 q — desktop NGFW + SD-WAN, daxili SSD",1
Faks,Yox (analog faks dəstəklənmir),1
Seq. oxuma/yazma,"500 / 450 MB/s (rəsmi S20 datasheet, 512 GB)",1
Part number,TS2TSJ25M3S,1
Part number,62B8MAT-3EU,1
Yaddaş,512 GB SSD | M.2 2242 | PCIe 4.0 | Opal 2.0,3
Layout,1 x 24 GB,4
Ekran,"2.0"" TFT toxunma LCD (320×240)",1
Keçid tutumu,24 Gbps,1
Qidalanma,802.3at PoE,1
Qrafika,Intel UHD Graphics 630,1
Model,20265,1
Prosessor,800 MHz,12
Model,PB206,1
Əlavə xüsusiyyətlər,"İşıqlı klaviatura; 5MP kamera + IR; SSD Opal şifrələmə; Korpus: Models with black cover: PC + 20% CF (top), PC + 20% CF (bottom)",1
Yaddaş,2 GB RAM + 8 GB eMMC,1
Standart,1000BASE-LX,2
OS,"QTS/QuTS hero 5.1.0+, Windows 11, Ubuntu 20.04/22.04",1
Model,CP-7971 q-GE (Hardware V01),1
Yenilənmə / tezlik,165 Hz,1
Konnektor 1 tipi,Female,1
Part number,RZ01-04630200-R3G1,1
Məsafə,300 m (OM3) / 400 m (OM4),1
Part Number,4P4F8AA,1
Səs standartı,"Hi-Fi Clear Voice kristal səs keyfiyyəti, GB/T14471-2013 standartına tam uyğunluq",1
Model,YNDX-00028PNK,1
Tip,FortiGate 70 q — desktop NGFW + SD-WAN,1
Model,Lenovo ThinkPad Professional 14-inch Topload Gen 2,1
EAN,0197192120224,1
Portlar,"1x USB-A (USB 5Gbps), Always On; 3x Thunderbolt 4, with USB PD 45-65 W and DisplayPort 2.1; 1x HDMI 2.1, up to 4K/60 Hz; 1x Headphone / microphone combo jack (3.5 mm); Certificate-based BIOS authentication; FIDO (Fast Identity Online) authentication; NVMe password; Power-on password; Supervisor password; System management password",1
Təyinat,Döşəmədə suyun aşkarlanması,1
Təyinat,Ssenarilərin əl ilə işə salınması,1
"Cord length, m",2,2
Eyni anda TCP sessiyalar,3 milyon,5
Part number,JL810A,1
Sensor / DPI,26000 DPI,7
Model,Dell Pro 27 Plus P2725QE,1
Maximum load,18 kq,1
Model,Dell Standard Heatsink,1
Model,RE305 (AC1200 Wi-Fi Range Extender),1
Form faktor,"Rack/Tower, 5U (rail kit ayrıca)",1
Part number,SKC3000D/2048 q,1
Bağlantı qeyd,USB-A / BT,1
Model,HP E27k G5 4K USB-C,1
Çəki,4.94 kq,1
Portlar,"5 × GE RJ45 (3× LAN, 1× FortiLink, 1× WAN) + 1 × GE SFP + USB + konsol",1
Port,1 × GbE · PoE,1
Inputs,D-Sub / HDMI,1
RAID səviyyələri,"0, 1, 10 ADM, 5, 6, 10, 1 ADM, 50, 60",1
Ölçülər (H×E×D),"17,3 × 43,8 × 71,0 cm",2
Ölçü (E×D×H),210 × 230 × 44 mm,1
Part number,BZ2X6EA,1
Part number,AP1TBAS2280Q4U5-1,2
Kartric,"W1106A HP 106A Black Original Laser Toner Cartridge (1,000 pages)",1
Part number,SKC600/256 q,1
Montaj,"Tavan/divar klip dəstdə, RW",1
Həssaslıq (DPI),200 – 12 800 DPI (proqram təminatı ilə tam tənzimlənən),1
Bağlantı,"USB, RJ-45 Serial, SmartSlot",1
HDMI versiya,2.0,6
Ölçülər,65 × 65 × 32.5 mm,1
Ölçü (E×D×H),600 × 600 × 577 mm,1
Qeyd,"Helium sealed; SuperParity; oxu 8.6 W, yazma 5.8 W, idle 4.4 W; 5–60 °C",1
Scroll,HyperScroll Tilt,1
RGB,Razer Chroma (kənar),3
Ölçü (E×D×H),600 × 600 × 443 mm,1
Rəng,Cyan,3
Seriya,Evolve2 30 SE,2
Part number,64B7UAT1EU,1
Sensor / linza,CMOS; diafraqma f/1.8; baxış bucağı 170° / 140° / 110° / 70°,1
Region,Global,1
Part number,OS-T7-86,1
HDMI port sayı,1,3
Korpus,İkili rezin tutacaq (patent TW M623251 / CN ZL202122204332.X),2
Ölçü (E×D×H),101.6 × 147.0 × 20.20 mm,1
Ölçü,XL,1
Portlar,2× HDMI 1.4,2
Həcm,16 GB,3
Keş,256 MB + 8 MB NOR (Advanced Write Caching),1
Çəki,64 q,3
Part number,DTXS/512GB,1
Format,Classic / Full-size,1
Tip,Simsiz TWS Bluetooth qulaqlıq,1
Standart,"10GBASE-LR, LC, SMF, 1310 nm",1
Xüsusiyyət,"LDPC ECC, SmartECC™, SmartRefresh™, TRIM, SMART, End-to-End data protection, wear leveling",3
Sürət,10 Gbps,5
Part number,2E-MF213WB,1
PCIe,PCIe Gen2 x2,1
Maks. noutbuk,"43.9 cm (17.3"")",1
Seriya,Yandex Stansiya Strit,4
Part number,BE1M5AA,1
Tip,On-Line UPS (double conversion),4
Çəki (netto),0.577 kq,1
Tip,"Orijinal Xerox toner kartrici (Standard Capacity, DMO)",10
Tip,Orijinal HP toner kartrici,10
Part number,2E-N2723B-01.UA,1
Çəki,59 q,4
Tip,OPS PC (Open Pluggable Specification),2
Bağlantı,IrDA,1
Part number,64BAMAT1EU,1
Hyper-Threading,Bəli,2
Part number,36S75ES,1
Bağlantı,USB-A,31
Rəng,black mat,1
Kartric,"HP 145A Original Black LaserJet Toner CartridgeW1450A (~1,700 yield) HP 145X Original Black LaserJet Toner CartridgeW1450AX (~3,800 yield)",1
Uyğunluq,"- PowerEdge R740XD, - PowerEdge R640, - PowerEdge R440, - PowerEdge R340",1
Çəki,"6,1 kq",1
Tip,USB adapter / link,1
Tip,Smart/Cloud idarə olunan Layer 2/L3 Gigabit kommutator (HPE Instant On 1930),7
Tip,DDR4 SO-DIMM (AddGame Spider N4),2
Adapter çıxış cərəyanı,4.05 A,1
Bağlantı,USB-C və ya USB-A (adapter daxil),1
Tip,Mini SNMP IPv6 şəbəkə idarəetmə kartı,1
Part number,P27095-B21,1
Radio,"2×2:2 MU-MIMO, dual-band 2.4/5 GHz",1
Part number,6W7E6C,1
Radio,"4×4:4 MU-MIMO OFDMA, dual-band",1
USB-C giriş/çıxış,5 V/3A · 9 V/3A · 12 V/2.5A · 15 V/2A · 30 W maks,1
Model,Dell EcoLoop Pro Slim Briefcase 15 CC5624S,1
Part number,BX950MI-GR,1
Çəki,382 q,2
Part number,KVR56S46BS8-16,1
Part number,TS2TESD380C,1
Rated voltage,220 V,2
Rəng,Qara (mat),3
Directivity,supercardioid,2
Yaddaş,192 MB,1
Çəki,6.45 kq (qutusuz 4.6 kq),1
Çıxış rozetkaları,4 × IEC C13 (10 A) + 1 × IEC C19 (16 A),1
Mobil çap,"Mopria Print Service, AirPrint",22
Ölçü / diaqonal,"27""",1
Model,Dell 65 W USB-C AC Adapter (Europe),1
Çəki,"4,2 kq",1
Model,GWN7615,1
Siçan,"Optical, 4020 DPI, 3 düymə",1
Rəng,sarı,1
Part number,FG-100F-LENC,1
ECO mode,Bəli (yüksək səmərəlilik),1
Qoruma,MIL-STD-810 q 516.6 hərbi düşmə testi,3
Ölçü,19 × 57 × 11.8 mm,4
Output Capacity,12500mAh (5 V/3A);7000mAh (9 V/2.22A);5100mAh (12 V/1.67A);6400mAh (10 V/2.25A Max),1
İşıq axını,806 lm,4
Tip,"FortiGate 81F — desktop NGFW + SD-WAN, daxili SSD",1
Tip,Compact Hotel IP Phone,4
Mikrofon,geri çəkilən HyperClear Super Wideband,2
Cavab müddəti,0.5 ms GtG (min) / 1 ms GtG Extreme,1
Çəki,60 q (batareyasız) / ~74 q (AA),2
Part number,12SA002TRU,1
Part number,4Y51S61876,1
Part number,UPS303HH330N035,1
Model,SRV10KI,1
Giriş tezliyi,40–70 Hz (nominal 50/60 Hz),1
Portlar,"HDMI, DP",1
Ölçü,454.5x142.2x48.9 mm,1
Part number,J4859D,1
USB PD,Bəli,17
Mikrofon,12 omnidirectional,1
Yaddaş,"32 GB (1×32 GB) DDR4-3200 RDIMM; 32 DIMM, maks. 2 TB",1
USB Type-C required charging power (min),2.5 W,1
RAID səviyyələri,10 ADM,1
Konnektor,SFP28,1
Tip,Peşəkar 4K Ultra HD avtomobil videoqeydiyyatçısı,1
Ekran,"2 sətir LCD, Smart guided düymələr",1
Tip,28-portlu Layer 2 Cloud Managed Gigabit PoE Switch,1
İdarəetmə,Web GUI · ezMaster · SkyKey,2
Model,DP725,1
Type of matrix,VA,1
Yaddaş,20 GB GDDR6,1
Barkod,681920370079,1
Tip,Simli erqonomik oyun siçanı,1
Socket,3.5 mm,2
Part number,2E-KS120UB_UA,1
Çəki,"20,1 kq",1
Yan panellər,"Bütöv sac, çıxarılan, 1 nöqtəli kilid",2
Portlar,"HDMI 2.1, DP, TB4 hub, USB hub, RJ45 2.5GbE",1
Profil,Intel XMP 3.0,10
Part number,RZ02-03333300-R3M1,1
Tutum,5TB,3
Çəki,0.23 kq,2
Part number,JL809A,1
Giriş,Hard wire 3-wire (1P+N+E),2
Dimensions (ShhVhT),45.5x32.5x5.5 cm cm,1
USB-C1 Output,5.0 V⎓3.0A/9.0 V⎓3.0A/12.0 V⎓3.0A/15.0 V⎓3.0A/20.0 V⎓3.25A 65 W Max,1
Çəki,1.54 kq,1
Tutum,20.000 mAh,2
Portlar,"1x USB-A (USB 5Gbps / USB 3.2 Gen 1); 1x USB-A (USB 5Gbps / USB 3.2 Gen 1), Always On; 1x USB-C (USB 10Gbps / USB 3.2 Gen 2), with USB PD 3.0 and DisplayPort 1.4; 1x USB-C (Thunderbolt 4 / USB4 40Gbps), with USB PD 3.0 and DisplayPort 1.4; 1x HDMI 2.1, up to 4K/60 Hz; 1x Headphone / microphone combo jack (3.5 mm); 1x microSD card reader; Hard disk password; Power-on password; Supervisor password",2
Tip,2-xətli rəngli Gigabit IP telefon,1
Part number,QNA-UC10G1T,1
Tip,FortiSwitch 124F-POE — Layer 2 Secure Access PoE+,1
Xüsusiyyət,"SmartECC™, SmartRefresh™, thermal throttling, TRIM, SMART, addlink Toolbox",3
Güc,3.5 W / Cihazın nominal gücü: 7 Vt,1
Yük,2000 kq statik,1
Rəng,Çəhrayı-göy,1
Xüsusiyyət,adjustable shoulder strap,2
LED işıq,16 mln rəng,4
Oxuma sürəti,550 MB/s,1
Ölçü,202 × 134 × 30 mm (7.95 × 5.26 × 1.18 in),1
Tip,USB flash,13
Dərinlik,190.5 mm,3
Çəki / ölçülər,10.0 kq (22.0 lbs) | 817.1x220.0x548.8 mm,1
Rəng,"99% DCI-P3, Delta E < 2",1
En,57.15 mm,1
Rozetka,20 × IEC C13 + 4 × IEC C19,4
Görüntü imkanı,3K 5MP Ultra HD (2880 × 1620 px),1
Volume,0.0064 m³,2
Güc,750 VA / 410 W,1
Təyinat,"for work, reading or relaxation",1
Daxil edilən,Rail Kit,1
Tip,oyun noutbuk çantası,1
OS Compatibility,Windows 10/7 / Mac OS / Linux,1
Portlar,48 × 10/100/1000Base-T,1
Part number,RZ02-01820200-R3M1,1
Ötürmə,204 Mpps,1
Part number,TS-632X-4 q,1
Seriya,Yandex ağıllı lampa Matter,1
Xüsusiyyətlər,Kabel idarəetmə qayışı; DC LED ring,1
Model,Lenovo ThinkVision P40 W-20,1
Form faktor,Rackmount,2
Rəng,Qara RAL 9005,1
Material,nylon lining / polyester outside,2
Part number,338-CBXX,1
Tip,25 q DAC passiv kabel,1
Seriya,Apacer AH180,3
Korpus,"SFF, qara",1
Ölçü / çəki,"131.8 × 80.8 × 16.3 mm, 191 q",1
Seriya,Xerox B235 (B225 + faks + rəngli panel + USB-dən çap),1
Dalğa uzunluğu,TX 1270nm / RX 1330nm,1
Part number,SKC3000S/512 q,1
Part number,RZ04-05350100-R3M1,1
Bluetooth,5.0/LE (yalnız qoşulma),2
Ekran,"15"" Full HD (1920×1080) IPS/UWVA, anti-glare 300 nit",3
Switch,Mechanical Tactile Switch Gen-3,2
Əməliyyat sistemi,Windows 11 Pro 64-bit,1
Volume,0.0324 m³,1
Ekran,"4.3"" rəngli, 480×272, arxa işıq",1
Material,Fabric (suya davamlı),1
Sinxron,"NVIDIA G-SYNC Compatible, AMD FreeSync Premium",1
Çəki,243.2 q,1
İlk səhifə (qara),"9,5 san",4
Tip,microSD yaddaş kartı,13
Korpus materialı,Plastic,12
Xüsusiyyətlər,"Extend Mode (250 metr məsafəyə qədər PoE ötürülməsi), PoE Auto Recovery (donmuş cihazların avtomatik bərpası), 802.1p/DSCP QoS prioritetləşdirmə, Dayanıqlı metal korpus, Fansız səssiz soyutma",1
Part number,RZ01-04660200-R3G1,1
Dual pairing,Bəli,2
DRAM cache,4GB,2
Part number,TS1TESD380C,1
Portlar,16 × RJ-45 10/100/1000,1
"""Input",100-240 V~50/60 Hz 1.8A Max,1
Part number,006R04767,1
Qidalanma,"daxili PSU, 100–240 V AC; max istehlak 13 W",1
Platforma,Xbox,2
Çəki,"təxminən 28,3 kq",1
Part Number,4P5L1AM,1
Tip,FortiFone C71 — HD IP konfrans telefonu (kiçik/orta otaq),1
Hündürlük,20 mm,1
Part number,QXG-25G2SF-E810,1
Yazma sürəti,22500 MB/s,1
Audio kodekləri,"G.711a, G.711u, G.729a",1
Part number,RZ02-04920400-R3M1,1
Host,PCIe Gen3 x4,1
Portlar,"1 × HDMI 1.4, 1 × VGA",3
Part number,RZ01-04620100-R3G1,1
Tip,"Outdoor Wi-Fi 6 (802.11ax) access point, Instant On AP27",1
PoE dəstəyi,IEEE 802.3af PoE (Class 2 / Class 3),1
Part number,P37034-B21,1
İş yükü,Read Intensive (RI),17
Tutuş,"Künc teksturası, sürüşməyə qarşı",2
Ekran,"27"" Full HD (1920×1080) IPS/UWVA 350 nit 120 Hz",1
İdarəetmə,"Web, CLI, SSH",6
Baza,4 tənzimlənən ayaq + 4 nəqliyyat təkəri,1
Part number,TS-832PX-4 q,1
Operativ yaddaş,64 GB DDR5-5600,1
Barkod,681920370031,1
Model,NW120,1
Ölçü,29 × 116 × 172 mm,1
Batareya tipi,LiFePO₄,4
Qeyd,Premium seriyada A2 yalnız 256 GB modeldədir,1
Uyğunluq,"HP 410 toner cartridges work with: HP LaserJet Pro M377, M452, M477",3
Type,Mousepad,4
Carrier,"2.5"" disk + 3.5"" hybrid carrier (HYB CARR)",9
Yaddaş,256 GB SSD,1
Parlaqlıq / kontrast,300 nit / 1000:1,1
USB 3.0 connectors,3 pcs,1
Kartric sayı,4,23
Bağlantı,RF (USB receiver),1
Part number,A40NQET,1
Part number,TS-464-8 q,1
EAN,0198828944801,1
Part Number,519T1AA,1
Tövsiyə olunan həcm,200 - 2000 səh/ay,3
Bağlantı,Bluetooth + Jabra Link 380a (USB-A) MS adapter,3
Part number,RAIL-B02,1
Length of cord,2 m,1
Çəki,təx. 1.92 kq,2
Çıxış bağlantısı,Hard wire 3-wire (1P+N+E),1
EAN,0198828944573,1
Part number,SNV3S/4000 q,1
A type,bag,14
Ölçülər,93 × 290 × 293 mm,1
EAN,4514953987296,1
Part number,AD4L6ET,1
Portlar,"HDMI, 2× DisplayPort 1.4, 4× USB 3.2",1
Portlar,"4 × USB 3.2 Gen 1, 4 × USB 2.0, HDMI 1.4b, DisplayPort 1.4a, RJ-45, headset, line-out",1
Part Number,4S7T2AA,1
Material,Plastik / rezin,2
Rəng,Mica Silver,4
Ölçü (E×D×H),800 × 1200 × 2027 mm,1
Çəki,1U chassis,2
Part number,TS-873AEU-4 q,1
Tip,"Fortinet AC power adaptor, 1 ədəd (SKU -1)",1
Ekran ölçüsü,"27""",21
Part number,801882-B21,1
Çıxış,230 VAC,2
Tip,"1 q SFP optik transceiver, Aruba enterprise",1
Məsafə,30 m,2
Çözünürlük,600 × 600 dpi (1200 × 1200 enhanced),3
CAS latency,22,1
Xüsusiyyət,Plug & Play / Soft Touch / With decorative glossy side inserts,1
Disk interfeysi,"SAS, Serial ATA",1
Part number,P40498-B21,1
Portlar,"7 × GE RJ45 + 1 × GE PoE-PD (port 8, cihazı qidalandırır) + 2 × GE SFP",1
Sensor,Liebert SN (temp/rütubət/sızma/qapı),1
Çəki,244 q,1
Təyinat,Kompüter / konfrans / yazı,1
Model,Lenovo ThinkCentre neo 50a 24 Gen 5,1
Çözünürlük,"600 × 600 dpi, 1200 Image Quality",3
Model,HP Smart Tank 530,1
AC çıxış (EU),"230 V / 3,0 A",1
Ekran,"LCD (B235-dəki 2.8"" rəngli paneldən fərqli)",1
The common frequency band,130 - 20000,1
Part number,2E-MG315UBK,1
Part number,2E-D2425B-01.EU,1
Giriş gərginliyi,162-295 V,5
Designed for cleaning,"screens LED / LCD / TFT monitors, laptops, TV",2
RAM,16 GB LPDDR5x-7467 (lehimli),1
Düymə,"1× Start/Stop, ağ LED",1
Polling,1000/4000 Hz,1
Part number,BY6U3ET,1
Part number,2E-CBN816BU,1
Tip,4-xətli biznes IP telefonu,1
Ekran,Böyük piksel əsaslı monoxrom LCD ekran,1
Çəki,3.56 kq,1
İş yükü,550 TB/il; RV sensor; IronWolf Health Management,2
Switch,Yellow,2
Ümumi güc,45 W,4
Part number,TS1TSJ25M3S,1
Tip,"Seagate SkyHawk 3.5"" nəzarət HDD (ImagePerfect, 24/7 NVR)",3
RAM,32 GB,14
Ölçülər,"126x429x23 mm (klaviatura), 104x65x39 mm (siçan)",1
Kartric,"HP 135A Original Black LaserJet Toner Cartridge, W1350A (~1100); HP 135X Original Black LaserJet Toner Cartridge, W1350X (~2400)",1
Tip,analog optik oyun klaviaturası,3
Tip,Universal telephone headset kabeli / cord,1
Dimensions (ShhVhT),39x29x5.9 cm cm /38 x 28.5 x 5.2 cm (internal dimensions),1
Model,Lenovo ThinkBook 14 2-in-1 G5,2
Çəki,337 q,1
Gərginlik,5 / 12 V,2
Çəki,1.32 kq,1
Radio,Dual Radio,1
Rəng,boz,7
Montaj,C-clamp masa montajı,1
Model,HP S5 527sw FHD,1
Portlar,48 × GE RJ45 PoE+ + 4 × 10 q/1 q SFP+ + RJ45 konsol,1
Jumbo frame,10 KB,1
Batareyalar,16 × 7 Ah (VRLA),1
HDMI,4K@60 Hz (DP 1.4 host tələb edir),2
RAM,16 GB LPDDR5X-6800 LPCAMM2,4
Rəng,Ocean Blue (mavi),2
Model,BV650I-GR,1
Host interfeys,PCI Express,9
Giriş gərginliyi,5 V,3
Model,Dell 3.84 TB RI SSD,1
Bypass,Daxili avtomatik,1
Material,Davamlı Plastik (Plastic Tape),4
Yazma,"CMR, helium, 512e",2
Ölçülər,368 × 298.6 × 241.9 mm,2
Uyğunluq,Intel 300/400/500/600; AMD 300/400/500 seriyası,2
Firewall (1518/512/64 byte UDP),28 / 28 / 27.9 Gbps,2
Model,YNDX-00055GRN,1
Model,Dell Pro 24 Plus P2425DE,1
Part number,2E-MG315UWT,1
Type-C,ön 65 W + arxa 15 W (USB/video/audio/şəbəkə/toxunuş),3
Skaner,Flatbed scanner,18
Seq. oxuma/yazma,"7200 / 6000 MB/s (rəsmi S95 datasheet, 1 TB)",1
Audio,2× 20 W dinamik + 1× 25 W subwoofer,7
Operativ yaddaş,32GB,3
Rozetka,10 × Schuko (DIN 49440 / Type F),1
Analoq,1 × FXO · 1 × FXS,1
Part number,FG-120 q,1
Şəbəkə standartları,"IEEE 802.3, IEEE 802.3u",1
Yazma sürəti,300 MB/s,1
Parlaqlıq,300–350 cd/m²,1
Tip,naqilli siçan,1
Uplink,2 × 100 m/1 q SFP,1
Portlar,"4 × USB 3.2 Gen 1, 4 × USB 2.0, HDMI 1.4b, DisplayPort 1.4, RJ-45, headset",1
Part number,CT1G9ET,1
Soyutma,Panel tərəfində hava çıxışı (Air Outlets in Panel),1
Part number,21SQ002RFW,1
Part number,MR.PRZ42U24D.SC,1
Tip,"M.2 NVMe Gen5 SSD (G55H, heatsink-li)",2
Tutum,3.84 TB,2
Prosessor,Intel Core Ultra 5 236 V,1
Çap sürəti (draft),34 səh/dəq (qara və rəng),1
OS,"Windows, ChromeOS, Android, Linux",1
Rəng,"Aluminium, Black",1
USB-A çıxış,QC 18 W (5 V/2.4A · 9 V/2A · 12 V/1.5A),1
Part number,2E-MF211WC,1
PoE,"740 W, IEEE 802.3af/at, 48 port",2
Prosessor,Intel Core 7-240H,1
Qoltuq,2D,2
Su keçirməzlik,Gövdə su keçirməz deyil; dəstdəki korpusla 40 m / 131 ft,2
Additionally,Backlight / Hands-free / EXTRA BASS / TWS function support / IPX7 waterproof rating / Soft-Touch coating,1
Hündürlük,185.7 mm,1
Portlar,"HDMI, AUX OUT, Ethernet, qida",4
Model,GRP2624,1
Tənzimləmə,"Height 150 mm, Tilt/Swivel/Pivot",1
Wi-Fi,"dual-band 2.4/5 GHz, 802.11b/g/n",3
Temp.,−40°C … 85°C,2
Part number,QXG-10G2SF-X710,1
Təyinat,Masaüstü gaming / AI PC,2
Type,Wired keyboard,2
AVR,Bəli,11
Rəng,Qara korpus + mavi qoruyucu ramka (qutu: mavi),1
Şəbəkə,2 × 10GbE SFP+ + 2 × 2.5GbE,6
Part number,AC140335,1
Part number,SDCG4/256GB,1
Quraşdırma tipi,Clamp mount,1
Çəki,0.71 kq,1
Batareya gərginliyi,3.7 V,1
RAID dəstəyi,"PERC H345/H355/H745/H755, HBA355i, S150",1
İş prinsipi,DTSB3512L-CD20 (TX1310/RX1550) modulu ilə cüt şəkildə işləyir.,1
Hündürlük,19.1 mm,2
Forma faktoru,240-pin VLP RDIMM (Hündürlüyü cəmi 18.75 mm),1
Adapter çıxış cərəyanı,3 A,2
Operativ yaddaş,8GB DDR4 3200,5
Ekran,"5"" 1280×720 capacitive touch",1
Model,Dell Pro P2726DEV,1
Part number,B225V_DNI,1
Kommutasiya tutumu,104 Gbps,1
Port,1 × USB-C + 1 × 10GBASE-T RJ45 (10 q/5 q/2.5 q/1 q/100 m),1
Model,Dell SFP+ DAC 10GbE,2
PoE / qidalanma,802.3at; maks. 15.2 W (PoE) / 14.3 W (12 V DC); injector GPI-130/GPI-145 Və ya SP-FAP200-PA ayrı,1
Portlar,24 × RJ-45 10/100/1000 Mbps,1
Konnektor 2,RJ-45 (8P8C),1
Material,Plastic / Steel,2
Çap texnologiyası,HP termal inkjet,1
İdarəetmə,Multifunksiyalı LCD,4
Sensor,Optik (1000 - 1600 DPI dəqiqlik),1
Technologies,FreeSync,2
Giriş PF,"≥ 0,99",1
Xətlər / SIP,3 lines · 6 SIP accounts,1
Interface,USB-C,1
Uyğunluq,"PC, Xbox, Nintendo Switch, Steam Deck, PlayStation 4, PlayStation 5, Mobile, Chromebook.",2
Tip,Active holder,2
Model,MP200,1
Qrafika,RTX 500 Ada 4GB,1
Maks. data sürəti,0.48 Gbit/s,1
Part number,3020V_BI,1
Part number,2E-MG355UYW-WL,1
Prosessor,Intel Core Ultra 5 226 V | 8MB cache,4
Form faktor,Indoor · drop ceiling bracket daxil,1
Korpus,Metal,1
Format,75% (83 düymə),2
Tip,Masaüstü,4
Dinamik,1 LF 20 Vt (44 × 80 mm) + 1 HF 10 Vt (24 mm),4
Uyğunluq,"PlayStation 5 / PS4, PC",1
Ölçülər,434.7 × 361.5 × 157.3 mm,4
Recommended resolution,3840x2160,1
Bağlantı,HyperSpeed 2.4 GHz + Bluetooth + USB dongle,4
Model,CM512,2
Növ,PCIe şəbəkə adapteri,1
Model,YNDX-00558,1
Ötürmə sürəti,10 Gbps,1
Part number,2EDGEIF2,1
Kartric,"HP GT53 90-ml Black Original Ink Bottle 1VV22AA; HP GT53XL 135-ml Black Original Ink Bottle 1VV21AA; HP GT52 Cyan Original Ink Bottle M0H54AA; HP GT52 Magenta Original Ink Bottle M0H55AA; HP GT52 Yellow Original Ink Bottle M0H56AA. For more information about fill and yield, see http://www.hp.com/go/learnaboutsupplies",1
Model,Lenovo ThinkVision P34WD-40,1
Kontroller,SMI SM2259,4
İnterfeys,SATA 6 Gb/s (1.5/3.0/6.0),2
Part number,R2X11A,1
EAN,0197961186741,1
İnterfeys,USB 10Gbps; 2-in-1 USB Type-A + USB Type-C (kabel lazım deyil),1
Düymə resursu,10 milyondan çox basılma ömrü,1
Laptop Form Factor,"15.6"" / 16""",1
Brend,Kingston,2
Çəki,0.27 kq,2
Wi-Fi,"802.11 a/b/g/n/ac (2,4 Və 5 GHz)",7
Dalğa forması (batareyada),Stepped Sinewave,2
Təhlükəsizlik,"Secure Boot, TLS, 2048-bit encryption dəstəyi",1
3D,Bəli,5
Model,AC70P,1
Tip,"Enterprise M.2 NVMe SSD (B100P, NAS/server boot)",1
Korpus,Rack (2U),1
Rəng,blue and black,1
Kabel,~1.3 m,6
Çəki / ölçülər,Starting at 1.76 kq (3.89 lbs),4
Ölçü (D×E×H),215.9 × 443 × 43.9 mm,1
Maximum diagonal,"80 """,1
Rəng,Mavi (Cyan),3
Rəng,Qara/göy,1
PoE dəstəyi,IEEE 802.3af / 802.3at PoE (Class 4),2
Xüsusiyyət,cable management system / level: ±3°,1
Part number,210-AZGT,1
Giriş PF,"> 0,99 · iTHD: ≤ 2%",2
İdarəetmə,"FortiVoice auto-provision, HTTPS, SIP PnP",1
Tip,"HyperX Armada gaming monitor (IPS, Armada Arm daxil)",2
Rəng,black,99
Part number,Ad8GB32C22P4U,1
Audio kodekləri,"G.711a, G.711u, G.729a, G.729b, G.729ab, iLBC",1
Part number,692S8AA,1
Güc,65 W,1
Part number,2E-BSSLMWBK,1
Sensor,"1/3"" Progressive Scan CMOS Starlight Sensor",1
Uyğunluq,"HP LaserJet Pro M351, M375, M451, M475",2
Ekran,"34"" WQHD (3440×1440) 400 nit 100 Hz",1
Sürət,40 Gbps,1
Runtime (daxili),"~7 dəq @100% / ~18,5 dəq @50%",1
En,75.7 mm,4
Portlar,"HDMI, 2×DP, USB hub, RJ45",1
Seriya,Yandex Stansiya Layt 2 (saatlı),5
48 V DC,1 × 48 V / 8 A,1
USB portlar,"2 × USB 2.0 portu (kamera, qulaqlıq və yaddaş diski üçün)",2
Hub interfeysləri,USB 3.2 Gen 1 (3.1 Gen 1) Type-A,1
Daxili yaddaş,Yoxdur (SSD FWF-31 q-dədir),1
USB,Micro-USB (konfiqurasiya),1
Uyğunluq,"Xerox C320, C325",4
Rəng,Ağ,54
Ekran,"16"" WUXGA (1920×1200) IPS/UWVA, anti-glare 300 nit",5
Model,HP LaserJet Pro MFP 3103fdn,1
Kabel uzunluğu,"təxminən 1,5 m",1
Zəmanət,3 il,180
Qeyd,UPS502R2RT2N035 Və digər RT 5–6 kVA modelləri ilə uyğun,1
Port sayı,2,4
Portlar,1x USB-C 3.2 Gen 1 (DP 1.4 Alt Mode; 1x USB-C 3.2 Gen 1 (DP 1.4 Alt Mode); 4x USB 3.2 Gen 1; 1x HDMI; 1x DP; RJ45,1
Uyğunluq,"mobil, PC",2
Seriya,Apacer AC532,2
Uyğunluq,SFP+ slotlu Fortinet sistemləri (FortiGate / FortiSwitch),1
Ekran,"16"" FHD+ (1920×1200), Non-Touch",1
Model,Dell 600GB 15K RPM SAS 12Gbps 512n 2.5in Hot-plug Hard Drive 3.5in HYB CARR,1
Model,Lenovo ThinkVision E24-40,1
Ölçülər,120 × 12 × 28 mm,1
Part number,ST6000VX009,1
Wi-Fi,"Wi-Fi 6E (802.11ax), tri-band concurrent 2.4 / 5 / 6 GHz",1
Model,CM129,1
Çəki,87 q (3.07 oz),1
Model,Dell UltraSharp U2424HE,1
Portlar,8 × RJ-45 10/100/1000 PoE+,1
Yaddaş,1 TB PCIe® Gen4 NVMe™ TLC M.2 SSD,1
Portlar,2 × SFP · 9 × GbE WAN/LAN,1
Konnektor,RJ-45,2
CAS Gecikməsi,CL11 (11-12-A1),2
Ölçülər,363 × 83 × 86 mm,1
Hündürlük,26.1 mm,1
Korpus,alüminium,3
AC rozetkalar (EU),"2 × 230 V / 7,8 A",1
İş temperaturu,-5 - 40 °C,1
Qrafika,Intel Graphics (inteqrə),2
Güc,1.200 VA / 650 W,1
Part number,AP512GAS2280Q4U5-1,1
Tip,Dual-port 25GbE SFP28 PCIe kart,1
Seriya,Xerox B230,1
Part number,JL254A,1
Funksiya,"Firewall + 2.5 q PoE gateway, Instant On cloud",1
Çəki,7.7 q,4
Əlavə xüsusiyyətlər,"Barmaq izi oxuyucu; 8MP kamera + IR; Privacy shutter; Dolby Audio/Atmos; SSD Opal şifrələmə; Korpus: Aluminium (top), aluminium (bottom)",1
Signal to noise ratio,74 dB,2
ARC,Bəli,4
RAM,"16 GB LPDDR5x, 8533 MT/s",2
Görüntü imkanı,2560 × 1440 @ 100 Hz,7
Model,2GB 2Rx8 PC3-10600U-09-10-B0 (M378B5673FH0-CH9),1
Threat Protection,500 Mbps,2
Çəki,"20,4 kq",3
Tip,GaN divar adapteri,8
Mikrofon,Kitty-ear RGB + boom mic,1
Giriş/çıxış,230 V (220/240 V),3
Dalğa,"850 nm, MMF OM3",1
Yaddaş tipi,DDR4,2
Part number,R2X01A,1
Tip,Universal MagSafe metal halqa,1
Funksiya,UPS-in şəbəkə üzərindən monitorinq və idarəsi,1
Cooling,1x120 mm fan,2
Seriya,C400-XT,1
Parlaqlıq,600 cd/m² (pik),1
Heatsink,Qara alüminium Spider totem (UB = UDIMM Black),1
Simsiz şəbəkə,Intel Wi-Fi 6E (802.11ax) + Bluetooth 5.3,12
Qeyd,"Rescue Data Recovery; işçi 7.7 W, idle 5.5 W; idle səs 20 dB; 0–65 °C",1
Qrafika,NVIDIA RTX™ 2000 Ada Generation (16 GB GDDR6 dedicated),1
Wireless interfaces,Bluetooth 5.0,2
Fayl sistemi,exFAT,15
Part number,RZ03-04881600-R3R1,1
Part number,T7-86,1
Qrafika,NVIDIA RTX 4000 Ada 20 GB 4D,1
Cold-start / Auto-restart,Bəli,2
Part number,FG-71 q,1
Güc,100 W / 5A maks,4
PoE,"240 W, IEEE 802.3af/at, port 1–24 (port başına 30 W-ə qədər)",1
Qidalanma,"USB Type-C, USB PD (5/9/12 V)",4
Xətt sayı,"2 xətt / SIP qeydiyyat düyməsi (iki rəngli LED göstəricili), 4 kontekstual soft-düymə",1
Part number,P01366-B21,1
Equipment,Microfibre cloth diameter 21 cm / bottle of cleaning fluid 150 ml,2
Ötürmə,17.86 Mpps,1
Random 4K,750K / 1000K IOPS,2
Part number,BM0Q5EA,1
Barmaq izi,Yox,1
Xüsusiyyətlər,"Enerjiyə qənaət edən Deep-Sleep rejimi, zəng transferi, konfrans, səsli poçt düyməsi",1
Rəqəmsal zoom,8×-ə qədər,1
Runtime (full load),təxminən 12 saniyə,1
Model,HP Envy x360,2
Model,YNDX-00026BLU,1
RAM,4 GB UDIMM DDR4 (max. 16 GB),1
Bağlantı,USB-C (çıxarılan kabel) / USB-A,3
Mikrofon,In-line microphone,3
Part number,2E-MF300WYW,1
